/*
Navicat MySQL Data Transfer

Source Server         : localhost_3306
Source Server Version : 50724
Source Host           : localhost:3306
Source Database       : bm

Target Server Type    : MYSQL
Target Server Version : 50724
File Encoding         : 65001

Date: 2019-02-14 00:08:25
*/

SET FOREIGN_KEY_CHECKS=0;
-- ----------------------------
-- Table structure for `code_dbinfo`
-- ----------------------------
DROP TABLE IF EXISTS `code_dbinfo`;
CREATE TABLE `code_dbinfo` (
  `id` int(10) unsigned NOT NULL AUTO_INCREMENT,
  `name` varchar(20) DEFAULT NULL COMMENT '别名',
  `db_driver` varchar(100) NOT NULL COMMENT '数据库驱动',
  `db_url` varchar(200) NOT NULL COMMENT '数据库地址',
  `db_user_name` varchar(100) NOT NULL COMMENT '数据库账户',
  `db_password` varchar(100) NOT NULL COMMENT '连接密码',
  `db_type` varchar(10) DEFAULT NULL COMMENT '数据库类型',
  `create_time` datetime DEFAULT NULL COMMENT '创建时间',
  `update_time` datetime DEFAULT NULL COMMENT '修改时间',
  PRIMARY KEY (`id`) USING BTREE
) ENGINE=InnoDB DEFAULT CHARSET=utf8 ROW_FORMAT=COMPACT COMMENT='数据库链接信息';

-- ----------------------------
-- Records of code_dbinfo
-- ----------------------------

-- ----------------------------
-- Table structure for `sys_dept`
-- ----------------------------
DROP TABLE IF EXISTS `sys_dept`;
CREATE TABLE `sys_dept` (
  `id` int(11) NOT NULL AUTO_INCREMENT COMMENT '主键id',
  `num` int(11) DEFAULT NULL COMMENT '排序',
  `pid` int(11) DEFAULT NULL COMMENT '父部门id',
  `pids` varchar(255) DEFAULT NULL COMMENT '父级ids',
  `simplename` varchar(45) DEFAULT NULL COMMENT '简称',
  `fullname` varchar(255) DEFAULT NULL COMMENT '全称',
  `tips` varchar(255) DEFAULT NULL COMMENT '提示',
  `version` int(11) DEFAULT NULL COMMENT '版本（乐观锁保留字段）',
  PRIMARY KEY (`id`)
) ENGINE=InnoDB AUTO_INCREMENT=28 DEFAULT CHARSET=utf8 COMMENT='部门表';

-- ----------------------------
-- Records of sys_dept
-- ----------------------------
INSERT INTO sys_dept VALUES ('24', '1', '0', '[0],', '总公司', '总公司', '', null);
INSERT INTO sys_dept VALUES ('25', '2', '24', '[0],[24],', '开发部', '开发部', '', null);
INSERT INTO sys_dept VALUES ('26', '3', '24', '[0],[24],', '运营部', '运营部', '', null);
INSERT INTO sys_dept VALUES ('27', '4', '24', '[0],[24],', '战略部', '战略部', '', null);

-- ----------------------------
-- Table structure for `sys_dict`
-- ----------------------------
DROP TABLE IF EXISTS `sys_dict`;
CREATE TABLE `sys_dict` (
  `id` int(11) unsigned NOT NULL AUTO_INCREMENT COMMENT '主键id',
  `num` int(11) DEFAULT NULL COMMENT '排序',
  `pid` int(11) DEFAULT NULL COMMENT '父级字典',
  `name` varchar(255) DEFAULT NULL COMMENT '名称',
  `tips` varchar(255) DEFAULT NULL COMMENT '提示',
  `code` varchar(255) DEFAULT NULL COMMENT '值',
  PRIMARY KEY (`id`) USING BTREE
) ENGINE=InnoDB AUTO_INCREMENT=60 DEFAULT CHARSET=utf8 ROW_FORMAT=DYNAMIC COMMENT='字典表';

-- ----------------------------
-- Records of sys_dict
-- ----------------------------
INSERT INTO sys_dict VALUES ('50', '0', '0', '性别', null, 'sys_sex');
INSERT INTO sys_dict VALUES ('51', '1', '50', '男', null, '1');
INSERT INTO sys_dict VALUES ('52', '2', '50', '女', null, '2');
INSERT INTO sys_dict VALUES ('53', '0', '0', '状态', null, 'sys_state');
INSERT INTO sys_dict VALUES ('54', '1', '53', '启用', null, '1');
INSERT INTO sys_dict VALUES ('55', '2', '53', '禁用', null, '2');
INSERT INTO sys_dict VALUES ('56', '0', '0', '账号状态', null, 'account_state');
INSERT INTO sys_dict VALUES ('57', '1', '56', '启用', null, '1');
INSERT INTO sys_dict VALUES ('58', '2', '56', '冻结', null, '2');
INSERT INTO sys_dict VALUES ('59', '3', '56', '已删除', null, '3');

-- ----------------------------
-- Table structure for `sys_expense`
-- ----------------------------
DROP TABLE IF EXISTS `sys_expense`;
CREATE TABLE `sys_expense` (
  `id` int(11) NOT NULL AUTO_INCREMENT,
  `money` decimal(20,2) DEFAULT NULL COMMENT '报销金额',
  `desc` varchar(255) DEFAULT '' COMMENT '描述',
  `createtime` datetime DEFAULT NULL COMMENT '创建时间',
  `state` int(11) DEFAULT NULL COMMENT '状态: 1.待提交  2:待审核   3.审核通过 4:驳回',
  `userid` int(11) DEFAULT NULL COMMENT '用户id',
  `processId` varchar(255) DEFAULT NULL COMMENT '流程定义id',
  PRIMARY KEY (`id`)
) ENGINE=InnoDB DEFAULT CHARSET=utf8 COMMENT='报销表';

-- ----------------------------
-- Records of sys_expense
-- ----------------------------

-- ----------------------------
-- Table structure for `sys_login_log`
-- ----------------------------
DROP TABLE IF EXISTS `sys_login_log`;
CREATE TABLE `sys_login_log` (
  `id` int(65) NOT NULL AUTO_INCREMENT COMMENT '主键',
  `logname` varchar(255) DEFAULT NULL COMMENT '日志名称',
  `userid` int(65) DEFAULT NULL COMMENT '管理员id',
  `createtime` datetime DEFAULT NULL COMMENT '创建时间',
  `succeed` varchar(255) DEFAULT NULL COMMENT '是否执行成功',
  `message` text COMMENT '具体消息',
  `ip` varchar(255) DEFAULT NULL COMMENT '登录ip',
  PRIMARY KEY (`id`)
) ENGINE=InnoDB AUTO_INCREMENT=372 DEFAULT CHARSET=utf8 COMMENT='登录记录';

-- ----------------------------
-- Records of sys_login_log
-- ----------------------------

-- ----------------------------
-- Table structure for `sys_menu`
-- ----------------------------
DROP TABLE IF EXISTS `sys_menu`;
CREATE TABLE `sys_menu` (
  `id` bigint(20) NOT NULL AUTO_INCREMENT COMMENT '主键id',
  `code` varchar(255) DEFAULT NULL COMMENT '菜单编号',
  `pcode` varchar(255) DEFAULT NULL COMMENT '菜单父编号',
  `pcodes` varchar(255) DEFAULT NULL COMMENT '当前菜单的所有父菜单编号',
  `name` varchar(255) DEFAULT NULL COMMENT '菜单名称',
  `icon` varchar(255) DEFAULT NULL COMMENT '菜单图标',
  `url` varchar(255) DEFAULT NULL COMMENT 'url地址',
  `num` int(65) DEFAULT NULL COMMENT '菜单排序号',
  `levels` int(65) DEFAULT NULL COMMENT '菜单层级',
  `ismenu` int(11) DEFAULT NULL COMMENT '是否是菜单（1：是  0：不是）',
  `tips` varchar(255) DEFAULT NULL COMMENT '备注',
  `status` int(65) DEFAULT NULL COMMENT '菜单状态 :  1:启用   0:不启用',
  `isopen` int(11) DEFAULT NULL COMMENT '是否打开:    1:打开   0:不打开',
  PRIMARY KEY (`id`)
) ENGINE=InnoDB AUTO_INCREMENT=1089724819874029577 DEFAULT CHARSET=utf8 COMMENT='菜单表';

-- ----------------------------
-- Records of sys_menu
-- ----------------------------
INSERT INTO sys_menu VALUES ('105', 'system', '0', '[0],', '系统管理', 'fa-user', '#', '11', '1', '1', null, '1', '1');
INSERT INTO sys_menu VALUES ('106', 'mgr', 'system', '[0],[system],', '用户管理', '', '/mgr', '1', '2', '1', null, '1', '0');
INSERT INTO sys_menu VALUES ('107', 'mgr_add', 'mgr', '[0],[system],[mgr],', '添加用户', null, '/mgr/add', '1', '3', '0', null, '1', '0');
INSERT INTO sys_menu VALUES ('108', 'mgr_edit', 'mgr', '[0],[system],[mgr],', '修改用户', null, '/mgr/edit', '2', '3', '0', null, '1', '0');
INSERT INTO sys_menu VALUES ('109', 'mgr_delete', 'mgr', '[0],[system],[mgr],', '删除用户', null, '/mgr/delete', '3', '3', '0', null, '1', '0');
INSERT INTO sys_menu VALUES ('110', 'mgr_reset', 'mgr', '[0],[system],[mgr],', '重置密码', null, '/mgr/reset', '4', '3', '0', null, '1', '0');
INSERT INTO sys_menu VALUES ('111', 'mgr_freeze', 'mgr', '[0],[system],[mgr],', '冻结用户', null, '/mgr/freeze', '5', '3', '0', null, '1', '0');
INSERT INTO sys_menu VALUES ('112', 'mgr_unfreeze', 'mgr', '[0],[system],[mgr],', '解除冻结用户', null, '/mgr/unfreeze', '6', '3', '0', null, '1', '0');
INSERT INTO sys_menu VALUES ('113', 'mgr_setRole', 'mgr', '[0],[system],[mgr],', '分配角色', null, '/mgr/setRole', '7', '3', '0', null, '1', '0');
INSERT INTO sys_menu VALUES ('114', 'role', 'system', '[0],[system],', '角色管理', null, '/role', '2', '2', '1', null, '1', '0');
INSERT INTO sys_menu VALUES ('115', 'role_add', 'role', '[0],[system],[role],', '添加角色', null, '/role/add', '1', '3', '0', null, '1', '0');
INSERT INTO sys_menu VALUES ('116', 'role_edit', 'role', '[0],[system],[role],', '修改角色', null, '/role/edit', '2', '3', '0', null, '1', '0');
INSERT INTO sys_menu VALUES ('117', 'role_remove', 'role', '[0],[system],[role],', '删除角色', null, '/role/remove', '3', '3', '0', null, '1', '0');
INSERT INTO sys_menu VALUES ('118', 'role_setAuthority', 'role', '[0],[system],[role],', '配置权限', null, '/role/setAuthority', '4', '3', '0', null, '1', '0');
INSERT INTO sys_menu VALUES ('119', 'menu', 'system', '[0],[system],', '菜单管理', null, '/menu', '4', '2', '1', null, '1', '0');
INSERT INTO sys_menu VALUES ('120', 'menu_add', 'menu', '[0],[system],[menu],', '添加菜单', null, '/menu/add', '1', '3', '0', null, '1', '0');
INSERT INTO sys_menu VALUES ('121', 'menu_edit', 'menu', '[0],[system],[menu],', '修改菜单', null, '/menu/edit', '2', '3', '0', null, '1', '0');
INSERT INTO sys_menu VALUES ('122', 'menu_remove', 'menu', '[0],[system],[menu],', '删除菜单', null, '/menu/remove', '3', '3', '0', null, '1', '0');
INSERT INTO sys_menu VALUES ('128', 'log', 'system', '[0],[system],', '业务日志', null, '/log', '6', '2', '1', null, '1', '0');
INSERT INTO sys_menu VALUES ('130', 'druid', 'system', '[0],[system],', '监控管理', null, '/druid', '7', '2', '1', null, '1', null);
INSERT INTO sys_menu VALUES ('131', 'dept', 'system', '[0],[system],', '部门管理', null, '/dept', '3', '2', '1', null, '1', null);
INSERT INTO sys_menu VALUES ('132', 'dict', 'system', '[0],[system],', '字典管理', null, '/dict', '4', '2', '1', null, '1', null);
INSERT INTO sys_menu VALUES ('133', 'loginLog', 'system', '[0],[system],', '登录日志', null, '/loginLog', '6', '2', '1', null, '1', null);
INSERT INTO sys_menu VALUES ('134', 'log_clean', 'log', '[0],[system],[log],', '清空日志', null, '/log/delLog', '3', '3', '0', null, '1', null);
INSERT INTO sys_menu VALUES ('135', 'dept_add', 'dept', '[0],[system],[dept],', '添加部门', null, '/dept/add', '1', '3', '0', null, '1', null);
INSERT INTO sys_menu VALUES ('136', 'dept_update', 'dept', '[0],[system],[dept],', '修改部门', null, '/dept/update', '1', '3', '0', null, '1', null);
INSERT INTO sys_menu VALUES ('137', 'dept_delete', 'dept', '[0],[system],[dept],', '删除部门', null, '/dept/delete', '1', '3', '0', null, '1', null);
INSERT INTO sys_menu VALUES ('138', 'dict_add', 'dict', '[0],[system],[dict],', '添加字典', null, '/dict/add', '1', '3', '0', null, '1', null);
INSERT INTO sys_menu VALUES ('139', 'dict_update', 'dict', '[0],[system],[dict],', '修改字典', null, '/dict/update', '1', '3', '0', null, '1', null);
INSERT INTO sys_menu VALUES ('140', 'dict_delete', 'dict', '[0],[system],[dict],', '删除字典', null, '/dict/delete', '1', '3', '0', null, '1', null);
INSERT INTO sys_menu VALUES ('141', 'notice', 'system', '[0],[system],', '通知管理', null, '/notice', '9', '2', '1', null, '1', null);
INSERT INTO sys_menu VALUES ('142', 'notice_add', 'notice', '[0],[system],[notice],', '添加通知', null, '/notice/add', '1', '3', '0', null, '1', null);
INSERT INTO sys_menu VALUES ('143', 'notice_update', 'notice', '[0],[system],[notice],', '修改通知', null, '/notice/update', '2', '3', '0', null, '1', null);
INSERT INTO sys_menu VALUES ('144', 'notice_delete', 'notice', '[0],[system],[notice],', '删除通知', null, '/notice/delete', '3', '3', '0', null, '1', null);
INSERT INTO sys_menu VALUES ('145', 'hello', '0', '[0],', '通知', 'fa-rocket', '/notice/hello', '1', '1', '1', null, '1', null);
INSERT INTO sys_menu VALUES ('148', 'code', '0', '[0],', '代码生成', 'fa-code', '/mcode', '101', '1', '1', null, '1', null);
INSERT INTO sys_menu VALUES ('149', 'api_mgr', '0', '[0],', '接口文档', 'fa-leaf', '/swagger-ui.html', '102', '1', '1', null, '1', null);
INSERT INTO sys_menu VALUES ('150', 'to_menu_edit', 'menu', '[0],[system],[menu],', '菜单编辑跳转', '', '/menu/menu_edit', '4', '3', '0', null, '1', null);
INSERT INTO sys_menu VALUES ('151', 'menu_list', 'menu', '[0],[system],[menu],', '菜单列表', '', '/menu/list', '5', '3', '0', null, '1', null);
INSERT INTO sys_menu VALUES ('152', 'to_dept_update', 'dept', '[0],[system],[dept],', '修改部门跳转', '', '/dept/dept_update', '4', '3', '0', null, '1', null);
INSERT INTO sys_menu VALUES ('153', 'dept_list', 'dept', '[0],[system],[dept],', '部门列表', '', '/dept/list', '5', '3', '0', null, '1', null);
INSERT INTO sys_menu VALUES ('154', 'dept_detail', 'dept', '[0],[system],[dept],', '部门详情', '', '/dept/detail', '6', '3', '0', null, '1', null);
INSERT INTO sys_menu VALUES ('155', 'to_dict_edit', 'dict', '[0],[system],[dict],', '修改菜单跳转', '', '/dict/dict_edit', '4', '3', '0', null, '1', null);
INSERT INTO sys_menu VALUES ('156', 'dict_list', 'dict', '[0],[system],[dict],', '字典列表', '', '/dict/list', '5', '3', '0', null, '1', null);
INSERT INTO sys_menu VALUES ('157', 'dict_detail', 'dict', '[0],[system],[dict],', '字典详情', '', '/dict/detail', '6', '3', '0', null, '1', null);
INSERT INTO sys_menu VALUES ('158', 'log_list', 'log', '[0],[system],[log],', '日志列表', '', '/log/list', '2', '3', '0', null, '1', null);
INSERT INTO sys_menu VALUES ('159', 'log_detail', 'log', '[0],[system],[log],', '日志详情', '', '/log/detail', '3', '3', '0', null, '1', null);
INSERT INTO sys_menu VALUES ('160', 'del_login_log', 'loginLog', '[0],[system],[loginLog],', '清空登录日志', '', '/loginLog/delLoginLog', '1', '3', '0', null, '1', null);
INSERT INTO sys_menu VALUES ('161', 'login_log_list', 'loginLog', '[0],[system],[loginLog],', '登录日志列表', '', '/loginLog/list', '2', '3', '0', null, '1', null);
INSERT INTO sys_menu VALUES ('162', 'to_role_edit', 'role', '[0],[system],[role],', '修改角色跳转', '', '/role/role_edit', '5', '3', '0', null, '1', null);
INSERT INTO sys_menu VALUES ('163', 'to_role_assign', 'role', '[0],[system],[role],', '角色分配跳转', '', '/role/role_assign', '6', '3', '0', null, '1', null);
INSERT INTO sys_menu VALUES ('164', 'role_list', 'role', '[0],[system],[role],', '角色列表', '', '/role/list', '7', '3', '0', null, '1', null);
INSERT INTO sys_menu VALUES ('165', 'to_assign_role', 'mgr', '[0],[system],[mgr],', '分配角色跳转', '', '/mgr/role_assign', '8', '3', '0', null, '1', null);
INSERT INTO sys_menu VALUES ('166', 'to_user_edit', 'mgr', '[0],[system],[mgr],', '编辑用户跳转', '', '/mgr/user_edit', '9', '3', '0', null, '1', null);
INSERT INTO sys_menu VALUES ('167', 'mgr_list', 'mgr', '[0],[system],[mgr],', '用户列表', '', '/mgr/list', '10', '3', '0', null, '1', null);
INSERT INTO sys_menu VALUES ('1063818926270861320', 'resource', '0', '[0],', '资源管理', 'fa-book', '#', '2', '1', '1', null, '1', null);
INSERT INTO sys_menu VALUES ('1063821475954708481', 'book', 'resource', '[0],[resource],', '书籍管理', '', '/book', '1', '2', '1', null, '1', '0');
INSERT INTO sys_menu VALUES ('1063821475954708482', 'book_list', 'book', '[0],[resource],[book],', '书籍管理列表', '', '/book/list', '99', '3', '0', null, '1', '0');
INSERT INTO sys_menu VALUES ('1063821475954708483', 'book_add', 'book', '[0],[resource],[book],', '书籍管理添加', '', '/book/add', '99', '3', '0', null, '1', '0');
INSERT INTO sys_menu VALUES ('1063821475954708484', 'book_update', 'book', '[0],[resource],[book],', '书籍管理更新', '', '/book/update', '99', '3', '0', null, '1', '0');
INSERT INTO sys_menu VALUES ('1063821475954708485', 'book_delete', 'book', '[0],[resource],[book],', '书籍管理删除', '', '/book/delete', '99', '3', '0', null, '1', '0');
INSERT INTO sys_menu VALUES ('1063821475954708486', 'book_detail', 'book', '[0],[resource],[book],', '书籍管理详情', '', '/book/detail', '99', '3', '0', null, '1', '0');
INSERT INTO sys_menu VALUES ('1063821637691265026', 'member', 'market', '[0],[market],', '会员信息', '', '/member', '1', '2', '1', null, '1', '0');
INSERT INTO sys_menu VALUES ('1063821637691265027', 'member_list', 'member', '[0],[member],[member],', '会员信息列表', '', '/member/list', '99', '3', '0', null, '1', '0');
INSERT INTO sys_menu VALUES ('1063821637691265028', 'member_add', 'member', '[0],[member],[member],', '会员信息添加', '', '/member/add', '99', '3', '0', null, '1', '0');
INSERT INTO sys_menu VALUES ('1063821637691265029', 'member_update', 'member', '[0],[member],[member],', '会员信息更新', '', '/member/update', '99', '3', '0', null, '1', '0');
INSERT INTO sys_menu VALUES ('1063821637691265030', 'member_delete', 'member', '[0],[member],[member],', '会员信息删除', '', '/member/delete', '99', '3', '0', null, '1', '0');
INSERT INTO sys_menu VALUES ('1063821637691265031', 'member_detail', 'member', '[0],[member],[member],', '会员信息详情', '', '/member/detail', '99', '3', '0', null, '1', '0');
INSERT INTO sys_menu VALUES ('1066341498715766786', 'bookCatalog', 'resource', '[0],[resource],', '书籍目录', '', '/bookCatalog', '2', '2', '1', null, '1', '0');
INSERT INTO sys_menu VALUES ('1066341498715766787', 'bookCatalog_list', 'bookCatalog', '[0],[resource],[bookCatalog],', '书籍目录列表', '', '/bookCatalog/list', '99', '3', '0', null, '1', '0');
INSERT INTO sys_menu VALUES ('1066341498715766788', 'bookCatalog_add', 'bookCatalog', '[0],[resource],[bookCatalog],', '书籍目录添加', '', '/bookCatalog/add', '99', '3', '0', null, '1', '0');
INSERT INTO sys_menu VALUES ('1066341498715766789', 'bookCatalog_update', 'bookCatalog', '[0],[resource],[bookCatalog],', '书籍目录更新', '', '/bookCatalog/update', '99', '3', '0', null, '1', '0');
INSERT INTO sys_menu VALUES ('1066341498715766790', 'bookCatalog_delete', 'bookCatalog', '[0],[resource],[bookCatalog],', '书籍目录删除', '', '/bookCatalog/delete', '99', '3', '0', null, '1', '0');
INSERT INTO sys_menu VALUES ('1066341498715766791', 'bookCatalog_detail', 'bookCatalog', '[0],[resource],[bookCatalog],', '书籍目录详情', '', '/bookCatalog/detail', '99', '3', '0', null, '1', '0');
INSERT INTO sys_menu VALUES ('1066341498715766792', 'bbs', '0', '[0],', '在线论坛', 'fa-users', '#', '5', '1', '1', null, '1', null);
INSERT INTO sys_menu VALUES ('1066341498715766793', 'bookCatalog_qrcode', 'bookCatalog', '[0],[resource],[bookCatalog],', '书籍目录二维码', null, '/bookCatalog/qrcode', '99', '3', '0', null, '1', '0');
INSERT INTO sys_menu VALUES ('1071409359406649345', 'qrcodeAuth', 'market', '[0],[market],', '会员认证', '', '/qrcodeAuth', '2', '2', '1', null, '1', '0');
INSERT INTO sys_menu VALUES ('1071409359406649346', 'qrcodeAuth_list', 'qrcodeAuth', '[0],[market],[qrcodeAuth],', '会员认证列表', '', '/qrcodeAuth/list', '99', '3', '0', null, '1', '0');
INSERT INTO sys_menu VALUES ('1071409359406649347', 'qrcodeAuth_add', 'qrcodeAuth', '[0],[market],[qrcodeAuth],', '会员认证添加', '', '/qrcodeAuth/add', '99', '3', '0', null, '1', '0');
INSERT INTO sys_menu VALUES ('1071409359406649348', 'qrcodeAuth_update', 'qrcodeAuth', '[0],[market],[qrcodeAuth],', '会员认证更新', '', '/qrcodeAuth/update', '99', '3', '0', null, '1', '0');
INSERT INTO sys_menu VALUES ('1071409359406649349', 'qrcodeAuth_delete', 'qrcodeAuth', '[0],[market],[qrcodeAuth],', '会员认证删除', '', '/qrcodeAuth/delete', '99', '3', '0', null, '1', '0');
INSERT INTO sys_menu VALUES ('1071409359406649350', 'qrcodeAuth_detail', 'qrcodeAuth', '[0],[market],[qrcodeAuth],', '会员认证详情', '', '/qrcodeAuth/detail', '99', '3', '0', null, '1', '0');
INSERT INTO sys_menu VALUES ('1071959510097510402', 'bbsSys', 'bbs', '[0],[bbs],', '置顶文章', '', '/bbsSys', '1', '2', '1', null, '1', '0');
INSERT INTO sys_menu VALUES ('1071959510097510403', 'bbsSys_list', 'bbsSys', '[0],[bbs],[bbsSys],', '置顶文章列表', '', '/bbsSys/list', '99', '3', '0', null, '1', '0');
INSERT INTO sys_menu VALUES ('1071959510097510404', 'bbsSys_add', 'bbsSys', '[0],[bbs],[bbsSys],', '置顶文章添加', '', '/bbsSys/add', '99', '3', '0', null, '1', '0');
INSERT INTO sys_menu VALUES ('1071959510097510405', 'bbsSys_update', 'bbsSys', '[0],[bbs],[bbsSys],', '置顶文章更新', '', '/bbsSys/update', '99', '3', '0', null, '1', '0');
INSERT INTO sys_menu VALUES ('1071959510097510406', 'bbsSys_delete', 'bbsSys', '[0],[bbs],[bbsSys],', '置顶文章删除', '', '/bbsSys/delete', '99', '3', '0', null, '1', '0');
INSERT INTO sys_menu VALUES ('1071959510097510407', 'bbsSys_detail', 'bbsSys', '[0],[bbs],[bbsSys],', '置顶文章详情', '', '/bbsSys/detail', '99', '3', '0', null, '1', '0');
INSERT INTO sys_menu VALUES ('1072540305396854786', 'bbsWx', 'bbs', '[0],[bbs],', '用户帖子', '', '/bbsWx', '2', '2', '1', null, '1', '0');
INSERT INTO sys_menu VALUES ('1072540305396854787', 'bbsWx_list', 'bbsWx', '[0],[bbs],[bbsWx],', '用户帖子列表', '', '/bbsWx/list', '99', '3', '0', null, '1', '0');
INSERT INTO sys_menu VALUES ('1072540305396854788', 'bbsWx_add', 'bbsWx', '[0],[bbs],[bbsWx],', '用户帖子添加', '', '/bbsWx/add', '99', '3', '0', null, '1', '0');
INSERT INTO sys_menu VALUES ('1072540305396854789', 'bbsWx_update', 'bbsWx', '[0],[bbs],[bbsWx],', '用户帖子更新', '', '/bbsWx/update', '99', '3', '0', null, '1', '0');
INSERT INTO sys_menu VALUES ('1072540305396854790', 'bbsWx_delete', 'bbsWx', '[0],[bbs],[bbsWx],', '用户帖子删除', '', '/bbsWx/delete', '99', '3', '0', null, '1', '0');
INSERT INTO sys_menu VALUES ('1072540305396854791', 'bbsWx_detail', 'bbsWx', '[0],[bbs],[bbsWx],', '用户帖子详情', '', '/bbsWx/detail', '99', '3', '0', null, '1', '0');
INSERT INTO sys_menu VALUES ('1080742778200543234', 'gift', 'integralMall', '[0],[integralMall],', '礼品管理', '', '/gift', '1', '2', '1', null, '1', '0');
INSERT INTO sys_menu VALUES ('1080742778200543235', 'gift_list', 'gift', '[0],[integralMall],[gift],', '礼品管理列表', '', '/gift/list', '99', '3', '0', null, '1', '0');
INSERT INTO sys_menu VALUES ('1080742778200543236', 'gift_add', 'gift', '[0],[integralMall],[gift],', '礼品管理添加', '', '/gift/add', '99', '3', '0', null, '1', '0');
INSERT INTO sys_menu VALUES ('1080742778200543237', 'gift_update', 'gift', '[0],[integralMall],[gift],', '礼品管理更新', '', '/gift/update', '99', '3', '0', null, '1', '0');
INSERT INTO sys_menu VALUES ('1080742778200543238', 'gift_delete', 'gift', '[0],[integralMall],[gift],', '礼品管理删除', '', '/gift/delete', '99', '3', '0', null, '1', '0');
INSERT INTO sys_menu VALUES ('1080742778200543239', 'gift_detail', 'gift', '[0],[integralMall],[gift],', '礼品管理详情', '', '/gift/detail', '99', '3', '0', null, '1', '0');
INSERT INTO sys_menu VALUES ('1080742896370864129', 'giftExchange', 'integralMall', '[0],[integralMall],', '礼品兑换', '', '/giftExchange', '2', '2', '1', null, '1', '0');
INSERT INTO sys_menu VALUES ('1080742896370864130', 'giftExchange_list', 'giftExchange', '[0],[integralMall],[giftExchange],', '礼品兑换列表', '', '/giftExchange/list', '99', '3', '0', null, '1', '0');
INSERT INTO sys_menu VALUES ('1080742896370864131', 'giftExchange_add', 'giftExchange', '[0],[integralMall],[giftExchange],', '礼品兑换添加', '', '/giftExchange/add', '99', '3', '0', null, '1', '0');
INSERT INTO sys_menu VALUES ('1080742896370864132', 'giftExchange_update', 'giftExchange', '[0],[integralMall],[giftExchange],', '礼品兑换更新', '', '/giftExchange/update', '99', '3', '0', null, '1', '0');
INSERT INTO sys_menu VALUES ('1080742896370864133', 'giftExchange_delete', 'giftExchange', '[0],[integralMall],[giftExchange],', '礼品兑换删除', '', '/giftExchange/delete', '99', '3', '0', null, '1', '0');
INSERT INTO sys_menu VALUES ('1080742896370864134', 'giftExchange_detail', 'giftExchange', '[0],[integralMall],[giftExchange],', '礼品兑换详情', '', '/giftExchange/detail', '99', '3', '0', null, '1', '0');
INSERT INTO sys_menu VALUES ('1080742985428520962', 'giftIntegral', 'integralMall', '[0],[integralMall],', '积分管理', '', '/giftIntegral', '3', '2', '1', null, '1', '0');
INSERT INTO sys_menu VALUES ('1080742985428520963', 'giftIntegral_list', 'giftIntegral', '[0],[integralMall],[giftIntegral],', '积分管理列表', '', '/giftIntegral/list', '99', '3', '0', null, '1', '0');
INSERT INTO sys_menu VALUES ('1080742985428520964', 'giftIntegral_add', 'giftIntegral', '[0],[integralMall],[giftIntegral],', '积分管理添加', '', '/giftIntegral/add', '99', '3', '0', null, '1', '0');
INSERT INTO sys_menu VALUES ('1080742985428520965', 'giftIntegral_update', 'giftIntegral', '[0],[integralMall],[giftIntegral],', '积分管理更新', '', '/giftIntegral/update', '99', '3', '0', null, '1', '0');
INSERT INTO sys_menu VALUES ('1080742985428520966', 'giftIntegral_delete', 'giftIntegral', '[0],[integralMall],[giftIntegral],', '积分管理删除', '', '/giftIntegral/delete', '99', '3', '0', null, '1', '0');
INSERT INTO sys_menu VALUES ('1080742985428520967', 'giftIntegral_detail', 'giftIntegral', '[0],[integralMall],[giftIntegral],', '积分管理详情', '', '/giftIntegral/detail', '99', '3', '0', null, '1', '0');
INSERT INTO sys_menu VALUES ('1084692664609460226', 'express', 'system', '[0],[system],', '快递管理', '', '/express', '11', '2', '1', null, '1', '0');
INSERT INTO sys_menu VALUES ('1084692664638820354', 'express_list', 'express', '[0],[integralMall],[express],', '快递管理列表', '', '/express/list', '99', '3', '0', null, '1', '0');
INSERT INTO sys_menu VALUES ('1084692664638820355', 'express_add', 'express', '[0],[integralMall],[express],', '快递管理添加', '', '/express/add', '99', '3', '0', null, '1', '0');
INSERT INTO sys_menu VALUES ('1084692664638820356', 'express_update', 'express', '[0],[integralMall],[express],', '快递管理更新', '', '/express/update', '99', '3', '0', null, '1', '0');
INSERT INTO sys_menu VALUES ('1084692664638820357', 'express_delete', 'express', '[0],[integralMall],[express],', '快递管理删除', '', '/express/delete', '99', '3', '0', null, '1', '0');
INSERT INTO sys_menu VALUES ('1084692664638820358', 'express_detail', 'express', '[0],[integralMall],[express],', '快递管理详情', '', '/express/detail', '99', '3', '0', null, '1', '0');
INSERT INTO sys_menu VALUES ('1084692664638820359', 'express_updateStatus', 'express', '[0],[integralMall],[express],', '快递启用停用', null, '/express/updateStatus', '99', '3', '0', null, '1', '0');
INSERT INTO sys_menu VALUES ('1086943561754406914', 'opinion', 'bbs', '[0],[bbs],', '意见建议', '', '/opinion', '3', '2', '1', null, '1', '0');
INSERT INTO sys_menu VALUES ('1086943561754406915', 'opinion_list', 'opinion', '[0],[bbs],[opinion],', '意见建议列表', '', '/opinion/list', '99', '3', '0', null, '1', '0');
INSERT INTO sys_menu VALUES ('1086943561754406916', 'opinion_add', 'opinion', '[0],[bbs],[opinion],', '意见建议添加', '', '/opinion/add', '99', '3', '0', null, '1', '0');
INSERT INTO sys_menu VALUES ('1086943561754406917', 'opinion_update', 'opinion', '[0],[bbs],[opinion],', '意见建议更新', '', '/opinion/update', '99', '3', '0', null, '1', '0');
INSERT INTO sys_menu VALUES ('1086943561754406918', 'opinion_delete', 'opinion', '[0],[bbs],[opinion],', '意见建议删除', '', '/opinion/delete', '99', '3', '0', null, '1', '0');
INSERT INTO sys_menu VALUES ('1086943561754406919', 'opinion_detail', 'opinion', '[0],[bbs],[opinion],', '意见建议详情', '', '/opinion/detail', '99', '3', '0', null, '1', '0');
INSERT INTO sys_menu VALUES ('1086943561754406920', 'integralMall', '0', '[0],', '积分商城', 'fa-gift', '#', '4', '1', '1', null, '1', '0');
INSERT INTO sys_menu VALUES ('1086943561754406921', 'market', '0', '[0],', '营销管理', 'fa-life-bouy', '#', '3', '1', '1', null, '1', '0');
INSERT INTO sys_menu VALUES ('1086943561754406922', 'dataanalysis', '0', '[0],', '数据分析', 'fa-bar-chart', '#', '6', '1', '1', null, '1', '0');
INSERT INTO sys_menu VALUES ('1086943561754406923', 'member_city', 'dataanalysis', '[0],[dataanalysis],', '会员分布', '', '/data/memberCity', '1', '2', '1', null, '1', '0');
INSERT INTO sys_menu VALUES ('1086943561754406924', 'mpInfo', '0', '[0],', '页面设置', 'fa-tv', '#', '7', '1', '1', null, '1', '0');
INSERT INTO sys_menu VALUES ('1086943561754406925', 'mpInfo_1', 'mpInfo', '[0],[mpInfo],', '系统信息', null, '/mpInfo/get/1', '1', '2', '1', null, '1', '0');
INSERT INTO sys_menu VALUES ('1086943561754406926', 'mpInfo_2', 'mpInfo', '[0],[mpInfo],', '书籍认证页', null, '/mpInfo/get/2', '2', '2', '1', null, '1', '0');
INSERT INTO sys_menu VALUES ('1086943561754406927', 'mpInfo_3', 'mpInfo', '[0],[mpInfo],', '首页', null, '/mpInfo/get/3', '2', '2', '1', null, '1', '0');
INSERT INTO sys_menu VALUES ('1086943561754406928', 'mpInfo_4', 'mpInfo', '[0],[mpInfo],', '论坛页', null, '/mpInfo/get/4', '4', '2', '1', null, '1', '0');
INSERT INTO sys_menu VALUES ('1086943561754406929', 'mpInfo_5', 'mpInfo', '[0],[mpInfo],', '个人中心', null, '/mpInfo/get/5', '5', '2', '1', null, '1', '0');
INSERT INTO sys_menu VALUES ('1086943561754406930', 'mpInfo_6', 'mpInfo', '[0],[mpInfo],', '积分商城', null, '/mpInfo/get/6', '6', '2', '1', null, '1', '0');
INSERT INTO sys_menu VALUES ('1089724819874029570', 'expressUser', 'market', '[0],[market],', '我的快递', '', '/expressUser', '3', '2', '1', null, '1', '0');
INSERT INTO sys_menu VALUES ('1089724819874029571', 'expressUser_list', 'expressUser', '[0],[market],[expressUser],', '我的快递列表', '', '/expressUser/list', '99', '3', '0', null, '1', '0');
INSERT INTO sys_menu VALUES ('1089724819874029572', 'expressUser_add', 'expressUser', '[0],[market],[expressUser],', '我的快递添加', '', '/expressUser/add', '99', '3', '0', null, '1', '0');
INSERT INTO sys_menu VALUES ('1089724819874029573', 'expressUser_update', 'expressUser', '[0],[market],[expressUser],', '我的快递更新', '', '/expressUser/update', '99', '3', '0', null, '1', '0');
INSERT INTO sys_menu VALUES ('1089724819874029574', 'expressUser_delete', 'expressUser', '[0],[market],[expressUser],', '我的快递删除', '', '/expressUser/delete', '99', '3', '0', null, '1', '0');
INSERT INTO sys_menu VALUES ('1089724819874029575', 'expressUser_detail', 'expressUser', '[0],[market],[expressUser],', '我的快递详情', '', '/expressUser/detail', '99', '3', '0', null, '1', '0');
INSERT INTO sys_menu VALUES ('1089724819874029576', 'friends_graph', 'dataanalysis', '[0],[dataanalysis],', '朋友关系图', '', '/data/friendsGraph', '2', '2', '1', null, '1', null);

-- ----------------------------
-- Table structure for `sys_notice`
-- ----------------------------
DROP TABLE IF EXISTS `sys_notice`;
CREATE TABLE `sys_notice` (
  `id` int(11) NOT NULL AUTO_INCREMENT COMMENT '主键',
  `title` varchar(255) DEFAULT NULL COMMENT '标题',
  `type` int(11) DEFAULT NULL COMMENT '类型',
  `content` text COMMENT '内容',
  `createtime` datetime DEFAULT NULL COMMENT '创建时间',
  `creater` int(11) DEFAULT NULL COMMENT '创建人',
  PRIMARY KEY (`id`)
) ENGINE=InnoDB AUTO_INCREMENT=9 DEFAULT CHARSET=utf8 COMMENT='通知表';

-- ----------------------------
-- Records of sys_notice
-- ----------------------------
INSERT INTO sys_notice VALUES ('6', '世界', '10', '欢迎使用Guns管理系统111', '2017-01-11 08:53:20', '1');
INSERT INTO sys_notice VALUES ('8', '你好', null, '你好222', '2017-05-10 19:28:57', '1');

-- ----------------------------
-- Table structure for `sys_operation_log`
-- ----------------------------
DROP TABLE IF EXISTS `sys_operation_log`;
CREATE TABLE `sys_operation_log` (
  `id` int(65) NOT NULL AUTO_INCREMENT COMMENT '主键',
  `logtype` varchar(255) DEFAULT NULL COMMENT '日志类型',
  `logname` varchar(255) DEFAULT NULL COMMENT '日志名称',
  `userid` int(65) DEFAULT NULL COMMENT '用户id',
  `classname` varchar(255) DEFAULT NULL COMMENT '类名称',
  `method` text COMMENT '方法名称',
  `createtime` datetime DEFAULT NULL COMMENT '创建时间',
  `succeed` varchar(255) DEFAULT NULL COMMENT '是否成功',
  `message` text COMMENT '备注',
  PRIMARY KEY (`id`)
) ENGINE=InnoDB AUTO_INCREMENT=667 DEFAULT CHARSET=utf8 COMMENT='操作日志';

-- ----------------------------
-- Records of sys_operation_log
-- ----------------------------

-- ----------------------------
-- Table structure for `sys_relation`
-- ----------------------------
DROP TABLE IF EXISTS `sys_relation`;
CREATE TABLE `sys_relation` (
  `id` int(11) NOT NULL AUTO_INCREMENT COMMENT '主键',
  `menuid` bigint(11) DEFAULT NULL COMMENT '菜单id',
  `roleid` int(11) DEFAULT NULL COMMENT '角色id',
  PRIMARY KEY (`id`)
) ENGINE=InnoDB AUTO_INCREMENT=5970 DEFAULT CHARSET=utf8 COMMENT='角色和菜单关联表';

-- ----------------------------
-- Records of sys_relation
-- ----------------------------
INSERT INTO sys_relation VALUES ('5740', '105', '1');
INSERT INTO sys_relation VALUES ('5741', '106', '1');
INSERT INTO sys_relation VALUES ('5742', '107', '1');
INSERT INTO sys_relation VALUES ('5743', '108', '1');
INSERT INTO sys_relation VALUES ('5744', '109', '1');
INSERT INTO sys_relation VALUES ('5745', '110', '1');
INSERT INTO sys_relation VALUES ('5746', '111', '1');
INSERT INTO sys_relation VALUES ('5747', '112', '1');
INSERT INTO sys_relation VALUES ('5748', '113', '1');
INSERT INTO sys_relation VALUES ('5749', '165', '1');
INSERT INTO sys_relation VALUES ('5750', '166', '1');
INSERT INTO sys_relation VALUES ('5751', '167', '1');
INSERT INTO sys_relation VALUES ('5752', '114', '1');
INSERT INTO sys_relation VALUES ('5753', '115', '1');
INSERT INTO sys_relation VALUES ('5754', '116', '1');
INSERT INTO sys_relation VALUES ('5755', '117', '1');
INSERT INTO sys_relation VALUES ('5756', '118', '1');
INSERT INTO sys_relation VALUES ('5757', '162', '1');
INSERT INTO sys_relation VALUES ('5758', '163', '1');
INSERT INTO sys_relation VALUES ('5759', '164', '1');
INSERT INTO sys_relation VALUES ('5760', '119', '1');
INSERT INTO sys_relation VALUES ('5761', '120', '1');
INSERT INTO sys_relation VALUES ('5762', '121', '1');
INSERT INTO sys_relation VALUES ('5763', '122', '1');
INSERT INTO sys_relation VALUES ('5764', '150', '1');
INSERT INTO sys_relation VALUES ('5765', '151', '1');
INSERT INTO sys_relation VALUES ('5766', '128', '1');
INSERT INTO sys_relation VALUES ('5767', '134', '1');
INSERT INTO sys_relation VALUES ('5768', '158', '1');
INSERT INTO sys_relation VALUES ('5769', '159', '1');
INSERT INTO sys_relation VALUES ('5770', '130', '1');
INSERT INTO sys_relation VALUES ('5771', '131', '1');
INSERT INTO sys_relation VALUES ('5772', '135', '1');
INSERT INTO sys_relation VALUES ('5773', '136', '1');
INSERT INTO sys_relation VALUES ('5774', '137', '1');
INSERT INTO sys_relation VALUES ('5775', '152', '1');
INSERT INTO sys_relation VALUES ('5776', '153', '1');
INSERT INTO sys_relation VALUES ('5777', '154', '1');
INSERT INTO sys_relation VALUES ('5778', '132', '1');
INSERT INTO sys_relation VALUES ('5779', '138', '1');
INSERT INTO sys_relation VALUES ('5780', '139', '1');
INSERT INTO sys_relation VALUES ('5781', '140', '1');
INSERT INTO sys_relation VALUES ('5782', '155', '1');
INSERT INTO sys_relation VALUES ('5783', '156', '1');
INSERT INTO sys_relation VALUES ('5784', '157', '1');
INSERT INTO sys_relation VALUES ('5785', '133', '1');
INSERT INTO sys_relation VALUES ('5786', '160', '1');
INSERT INTO sys_relation VALUES ('5787', '161', '1');
INSERT INTO sys_relation VALUES ('5788', '141', '1');
INSERT INTO sys_relation VALUES ('5789', '142', '1');
INSERT INTO sys_relation VALUES ('5790', '143', '1');
INSERT INTO sys_relation VALUES ('5791', '144', '1');
INSERT INTO sys_relation VALUES ('5792', '1084692664609460226', '1');
INSERT INTO sys_relation VALUES ('5793', '1084692664638820354', '1');
INSERT INTO sys_relation VALUES ('5794', '1084692664638820355', '1');
INSERT INTO sys_relation VALUES ('5795', '1084692664638820356', '1');
INSERT INTO sys_relation VALUES ('5796', '1084692664638820357', '1');
INSERT INTO sys_relation VALUES ('5797', '1084692664638820358', '1');
INSERT INTO sys_relation VALUES ('5798', '1084692664638820359', '1');
INSERT INTO sys_relation VALUES ('5799', '145', '1');
INSERT INTO sys_relation VALUES ('5800', '148', '1');
INSERT INTO sys_relation VALUES ('5801', '149', '1');
INSERT INTO sys_relation VALUES ('5802', '1063818926270861320', '1');
INSERT INTO sys_relation VALUES ('5803', '1063821475954708481', '1');
INSERT INTO sys_relation VALUES ('5804', '1063821475954708482', '1');
INSERT INTO sys_relation VALUES ('5805', '1063821475954708483', '1');
INSERT INTO sys_relation VALUES ('5806', '1063821475954708484', '1');
INSERT INTO sys_relation VALUES ('5807', '1063821475954708485', '1');
INSERT INTO sys_relation VALUES ('5808', '1063821475954708486', '1');
INSERT INTO sys_relation VALUES ('5809', '1066341498715766786', '1');
INSERT INTO sys_relation VALUES ('5810', '1066341498715766787', '1');
INSERT INTO sys_relation VALUES ('5811', '1066341498715766788', '1');
INSERT INTO sys_relation VALUES ('5812', '1066341498715766789', '1');
INSERT INTO sys_relation VALUES ('5813', '1066341498715766790', '1');
INSERT INTO sys_relation VALUES ('5814', '1066341498715766791', '1');
INSERT INTO sys_relation VALUES ('5815', '1066341498715766793', '1');
INSERT INTO sys_relation VALUES ('5816', '1066341498715766792', '1');
INSERT INTO sys_relation VALUES ('5817', '1071959510097510402', '1');
INSERT INTO sys_relation VALUES ('5818', '1071959510097510403', '1');
INSERT INTO sys_relation VALUES ('5819', '1071959510097510404', '1');
INSERT INTO sys_relation VALUES ('5820', '1071959510097510405', '1');
INSERT INTO sys_relation VALUES ('5821', '1071959510097510406', '1');
INSERT INTO sys_relation VALUES ('5822', '1071959510097510407', '1');
INSERT INTO sys_relation VALUES ('5823', '1072540305396854786', '1');
INSERT INTO sys_relation VALUES ('5824', '1072540305396854787', '1');
INSERT INTO sys_relation VALUES ('5825', '1072540305396854788', '1');
INSERT INTO sys_relation VALUES ('5826', '1072540305396854789', '1');
INSERT INTO sys_relation VALUES ('5827', '1072540305396854790', '1');
INSERT INTO sys_relation VALUES ('5828', '1072540305396854791', '1');
INSERT INTO sys_relation VALUES ('5829', '1086943561754406914', '1');
INSERT INTO sys_relation VALUES ('5830', '1086943561754406915', '1');
INSERT INTO sys_relation VALUES ('5831', '1086943561754406916', '1');
INSERT INTO sys_relation VALUES ('5832', '1086943561754406917', '1');
INSERT INTO sys_relation VALUES ('5833', '1086943561754406918', '1');
INSERT INTO sys_relation VALUES ('5834', '1086943561754406919', '1');
INSERT INTO sys_relation VALUES ('5835', '1086943561754406920', '1');
INSERT INTO sys_relation VALUES ('5836', '1080742778200543234', '1');
INSERT INTO sys_relation VALUES ('5837', '1080742778200543235', '1');
INSERT INTO sys_relation VALUES ('5838', '1080742778200543236', '1');
INSERT INTO sys_relation VALUES ('5839', '1080742778200543237', '1');
INSERT INTO sys_relation VALUES ('5840', '1080742778200543238', '1');
INSERT INTO sys_relation VALUES ('5841', '1080742778200543239', '1');
INSERT INTO sys_relation VALUES ('5842', '1080742896370864129', '1');
INSERT INTO sys_relation VALUES ('5843', '1080742896370864130', '1');
INSERT INTO sys_relation VALUES ('5844', '1080742896370864131', '1');
INSERT INTO sys_relation VALUES ('5845', '1080742896370864132', '1');
INSERT INTO sys_relation VALUES ('5846', '1080742896370864133', '1');
INSERT INTO sys_relation VALUES ('5847', '1080742896370864134', '1');
INSERT INTO sys_relation VALUES ('5848', '1080742985428520962', '1');
INSERT INTO sys_relation VALUES ('5849', '1080742985428520963', '1');
INSERT INTO sys_relation VALUES ('5850', '1080742985428520964', '1');
INSERT INTO sys_relation VALUES ('5851', '1080742985428520965', '1');
INSERT INTO sys_relation VALUES ('5852', '1080742985428520966', '1');
INSERT INTO sys_relation VALUES ('5853', '1080742985428520967', '1');
INSERT INTO sys_relation VALUES ('5854', '1086943561754406921', '1');
INSERT INTO sys_relation VALUES ('5855', '1063821637691265026', '1');
INSERT INTO sys_relation VALUES ('5856', '1063821637691265027', '1');
INSERT INTO sys_relation VALUES ('5857', '1063821637691265028', '1');
INSERT INTO sys_relation VALUES ('5858', '1063821637691265029', '1');
INSERT INTO sys_relation VALUES ('5859', '1063821637691265030', '1');
INSERT INTO sys_relation VALUES ('5860', '1063821637691265031', '1');
INSERT INTO sys_relation VALUES ('5861', '1071409359406649345', '1');
INSERT INTO sys_relation VALUES ('5862', '1071409359406649346', '1');
INSERT INTO sys_relation VALUES ('5863', '1071409359406649347', '1');
INSERT INTO sys_relation VALUES ('5864', '1071409359406649348', '1');
INSERT INTO sys_relation VALUES ('5865', '1071409359406649349', '1');
INSERT INTO sys_relation VALUES ('5866', '1071409359406649350', '1');
INSERT INTO sys_relation VALUES ('5867', '1089724819874029570', '1');
INSERT INTO sys_relation VALUES ('5868', '1089724819874029571', '1');
INSERT INTO sys_relation VALUES ('5869', '1089724819874029572', '1');
INSERT INTO sys_relation VALUES ('5870', '1089724819874029573', '1');
INSERT INTO sys_relation VALUES ('5871', '1089724819874029574', '1');
INSERT INTO sys_relation VALUES ('5872', '1089724819874029575', '1');
INSERT INTO sys_relation VALUES ('5873', '1086943561754406922', '1');
INSERT INTO sys_relation VALUES ('5874', '1086943561754406923', '1');
INSERT INTO sys_relation VALUES ('5875', '1089724819874029576', '1');
INSERT INTO sys_relation VALUES ('5876', '1086943561754406924', '1');
INSERT INTO sys_relation VALUES ('5877', '1086943561754406925', '1');
INSERT INTO sys_relation VALUES ('5878', '1086943561754406926', '1');
INSERT INTO sys_relation VALUES ('5879', '1086943561754406927', '1');
INSERT INTO sys_relation VALUES ('5880', '1086943561754406928', '1');
INSERT INTO sys_relation VALUES ('5881', '1086943561754406929', '1');
INSERT INTO sys_relation VALUES ('5882', '1086943561754406930', '1');
INSERT INTO sys_relation VALUES ('5883', '1084692664609460226', '5');
INSERT INTO sys_relation VALUES ('5884', '1084692664638820354', '5');
INSERT INTO sys_relation VALUES ('5885', '1084692664638820355', '5');
INSERT INTO sys_relation VALUES ('5886', '1084692664638820356', '5');
INSERT INTO sys_relation VALUES ('5887', '1084692664638820357', '5');
INSERT INTO sys_relation VALUES ('5888', '1084692664638820358', '5');
INSERT INTO sys_relation VALUES ('5889', '1063818926270861320', '5');
INSERT INTO sys_relation VALUES ('5890', '1063821475954708481', '5');
INSERT INTO sys_relation VALUES ('5891', '1063821475954708482', '5');
INSERT INTO sys_relation VALUES ('5892', '1063821475954708483', '5');
INSERT INTO sys_relation VALUES ('5893', '1063821475954708484', '5');
INSERT INTO sys_relation VALUES ('5894', '1063821475954708485', '5');
INSERT INTO sys_relation VALUES ('5895', '1063821475954708486', '5');
INSERT INTO sys_relation VALUES ('5896', '1066341498715766786', '5');
INSERT INTO sys_relation VALUES ('5897', '1066341498715766787', '5');
INSERT INTO sys_relation VALUES ('5898', '1066341498715766788', '5');
INSERT INTO sys_relation VALUES ('5899', '1066341498715766789', '5');
INSERT INTO sys_relation VALUES ('5900', '1066341498715766790', '5');
INSERT INTO sys_relation VALUES ('5901', '1066341498715766791', '5');
INSERT INTO sys_relation VALUES ('5902', '1066341498715766793', '5');
INSERT INTO sys_relation VALUES ('5903', '1066341498715766792', '5');
INSERT INTO sys_relation VALUES ('5904', '1071959510097510402', '5');
INSERT INTO sys_relation VALUES ('5905', '1071959510097510403', '5');
INSERT INTO sys_relation VALUES ('5906', '1071959510097510404', '5');
INSERT INTO sys_relation VALUES ('5907', '1071959510097510405', '5');
INSERT INTO sys_relation VALUES ('5908', '1071959510097510406', '5');
INSERT INTO sys_relation VALUES ('5909', '1071959510097510407', '5');
INSERT INTO sys_relation VALUES ('5910', '1072540305396854786', '5');
INSERT INTO sys_relation VALUES ('5911', '1072540305396854787', '5');
INSERT INTO sys_relation VALUES ('5912', '1072540305396854788', '5');
INSERT INTO sys_relation VALUES ('5913', '1072540305396854789', '5');
INSERT INTO sys_relation VALUES ('5914', '1072540305396854790', '5');
INSERT INTO sys_relation VALUES ('5915', '1072540305396854791', '5');
INSERT INTO sys_relation VALUES ('5916', '1086943561754406914', '5');
INSERT INTO sys_relation VALUES ('5917', '1086943561754406915', '5');
INSERT INTO sys_relation VALUES ('5918', '1086943561754406916', '5');
INSERT INTO sys_relation VALUES ('5919', '1086943561754406917', '5');
INSERT INTO sys_relation VALUES ('5920', '1086943561754406918', '5');
INSERT INTO sys_relation VALUES ('5921', '1086943561754406919', '5');
INSERT INTO sys_relation VALUES ('5922', '1086943561754406920', '5');
INSERT INTO sys_relation VALUES ('5923', '1080742778200543234', '5');
INSERT INTO sys_relation VALUES ('5924', '1080742778200543235', '5');
INSERT INTO sys_relation VALUES ('5925', '1080742778200543236', '5');
INSERT INTO sys_relation VALUES ('5926', '1080742778200543237', '5');
INSERT INTO sys_relation VALUES ('5927', '1080742778200543238', '5');
INSERT INTO sys_relation VALUES ('5928', '1080742778200543239', '5');
INSERT INTO sys_relation VALUES ('5929', '1080742896370864129', '5');
INSERT INTO sys_relation VALUES ('5930', '1080742896370864130', '5');
INSERT INTO sys_relation VALUES ('5931', '1080742896370864131', '5');
INSERT INTO sys_relation VALUES ('5932', '1080742896370864132', '5');
INSERT INTO sys_relation VALUES ('5933', '1080742896370864133', '5');
INSERT INTO sys_relation VALUES ('5934', '1080742896370864134', '5');
INSERT INTO sys_relation VALUES ('5935', '1080742985428520962', '5');
INSERT INTO sys_relation VALUES ('5936', '1080742985428520963', '5');
INSERT INTO sys_relation VALUES ('5937', '1080742985428520964', '5');
INSERT INTO sys_relation VALUES ('5938', '1080742985428520965', '5');
INSERT INTO sys_relation VALUES ('5939', '1080742985428520966', '5');
INSERT INTO sys_relation VALUES ('5940', '1080742985428520967', '5');
INSERT INTO sys_relation VALUES ('5941', '1086943561754406921', '5');
INSERT INTO sys_relation VALUES ('5942', '1063821637691265026', '5');
INSERT INTO sys_relation VALUES ('5943', '1063821637691265027', '5');
INSERT INTO sys_relation VALUES ('5944', '1063821637691265028', '5');
INSERT INTO sys_relation VALUES ('5945', '1063821637691265029', '5');
INSERT INTO sys_relation VALUES ('5946', '1063821637691265030', '5');
INSERT INTO sys_relation VALUES ('5947', '1063821637691265031', '5');
INSERT INTO sys_relation VALUES ('5948', '1071409359406649345', '5');
INSERT INTO sys_relation VALUES ('5949', '1071409359406649346', '5');
INSERT INTO sys_relation VALUES ('5950', '1071409359406649347', '5');
INSERT INTO sys_relation VALUES ('5951', '1071409359406649348', '5');
INSERT INTO sys_relation VALUES ('5952', '1071409359406649349', '5');
INSERT INTO sys_relation VALUES ('5953', '1071409359406649350', '5');
INSERT INTO sys_relation VALUES ('5954', '1089724819874029570', '5');
INSERT INTO sys_relation VALUES ('5955', '1089724819874029571', '5');
INSERT INTO sys_relation VALUES ('5956', '1089724819874029572', '5');
INSERT INTO sys_relation VALUES ('5957', '1089724819874029573', '5');
INSERT INTO sys_relation VALUES ('5958', '1089724819874029574', '5');
INSERT INTO sys_relation VALUES ('5959', '1089724819874029575', '5');
INSERT INTO sys_relation VALUES ('5960', '1086943561754406922', '5');
INSERT INTO sys_relation VALUES ('5961', '1086943561754406923', '5');
INSERT INTO sys_relation VALUES ('5962', '1089724819874029576', '5');
INSERT INTO sys_relation VALUES ('5963', '1086943561754406924', '5');
INSERT INTO sys_relation VALUES ('5964', '1086943561754406925', '5');
INSERT INTO sys_relation VALUES ('5965', '1086943561754406926', '5');
INSERT INTO sys_relation VALUES ('5966', '1086943561754406927', '5');
INSERT INTO sys_relation VALUES ('5967', '1086943561754406928', '5');
INSERT INTO sys_relation VALUES ('5968', '1086943561754406929', '5');
INSERT INTO sys_relation VALUES ('5969', '1086943561754406930', '5');

-- ----------------------------
-- Table structure for `sys_role`
-- ----------------------------
DROP TABLE IF EXISTS `sys_role`;
CREATE TABLE `sys_role` (
  `id` int(11) NOT NULL AUTO_INCREMENT COMMENT '主键id',
  `num` int(11) DEFAULT NULL COMMENT '序号',
  `pid` int(11) DEFAULT NULL COMMENT '父角色id',
  `name` varchar(255) DEFAULT NULL COMMENT '角色名称',
  `deptid` int(11) DEFAULT NULL COMMENT '部门名称',
  `tips` varchar(255) DEFAULT NULL COMMENT '提示',
  `version` int(11) DEFAULT NULL COMMENT '保留字段(暂时没用）',
  PRIMARY KEY (`id`)
) ENGINE=InnoDB AUTO_INCREMENT=6 DEFAULT CHARSET=utf8 COMMENT='角色表';

-- ----------------------------
-- Records of sys_role
-- ----------------------------
INSERT INTO sys_role VALUES ('1', '1', '0', '超级管理员', '24', 'administrator', '1');
INSERT INTO sys_role VALUES ('5', '2', '1', '临时', '26', 'temp', null);

-- ----------------------------
-- Table structure for `sys_user`
-- ----------------------------
DROP TABLE IF EXISTS `sys_user`;
CREATE TABLE `sys_user` (
  `id` int(11) NOT NULL AUTO_INCREMENT COMMENT '主键id',
  `avatar` varchar(255) DEFAULT NULL COMMENT '头像',
  `account` varchar(45) DEFAULT NULL COMMENT '账号',
  `password` varchar(45) DEFAULT NULL COMMENT '密码',
  `salt` varchar(45) DEFAULT NULL COMMENT 'md5密码盐',
  `name` varchar(45) DEFAULT NULL COMMENT '名字',
  `birthday` datetime DEFAULT NULL COMMENT '生日',
  `sex` int(11) DEFAULT NULL COMMENT '性别（1：男 2：女）',
  `email` varchar(45) DEFAULT NULL COMMENT '电子邮件',
  `phone` varchar(45) DEFAULT NULL COMMENT '电话',
  `roleid` varchar(255) DEFAULT NULL COMMENT '角色id',
  `deptid` int(11) DEFAULT NULL COMMENT '部门id',
  `status` int(11) DEFAULT NULL COMMENT '状态(1：启用  2：冻结  3：删除）',
  `createtime` datetime DEFAULT NULL COMMENT '创建时间',
  `version` int(11) DEFAULT NULL COMMENT '保留字段',
  PRIMARY KEY (`id`)
) ENGINE=InnoDB AUTO_INCREMENT=48 DEFAULT CHARSET=utf8 COMMENT='管理员表';

-- ----------------------------
-- Records of sys_user
-- ----------------------------
INSERT INTO sys_user VALUES ('1', '3e62ad2e-e848-4e53-b661-17b2951e9685.png', 'admin', 'ecfadcde9305f8891bcfe5a1e28c253e', '8pgby', '管理员', '2017-05-05 00:00:00', '2', 'sn93@qq.com', '18200000000', '1', '27', '1', '2016-01-29 08:49:53', '25');
INSERT INTO sys_user VALUES ('44', null, 'test', 'ecfadcde9305f8891bcfe5a1e28c253e', '8pgby', 'test', '2017-05-01 00:00:00', '1', 'abc@123.com', '', '5', '26', '1', '2017-05-16 20:33:37', null);
INSERT INTO sys_user VALUES ('45', null, 'boss', '71887a5ad666a18f709e1d4e693d5a35', '1f7bf', '老板', '2017-12-04 00:00:00', '1', '', '', '1', '24', '1', '2017-12-04 22:24:02', null);
INSERT INTO sys_user VALUES ('46', null, 'manager', 'b53cac62e7175637d4beb3b16b2f7915', 'j3cs9', '经理', '2017-12-04 00:00:00', '1', '', '', '1', '24', '1', '2017-12-04 22:24:24', null);
INSERT INTO sys_user VALUES ('47', '2dbd8ee7-9411-4171-883a-cc728eb616a5.png', 'eluoen', '1d24c2b07ec3db35b92a08c20665fc20', '307fk', '陈志云', '2019-01-22 00:00:00', null, '', '', '5', '25', '1', '2019-01-22 15:08:42', null);

-- ----------------------------
-- Table structure for `tbl_bbs_sys`
-- ----------------------------
DROP TABLE IF EXISTS `tbl_bbs_sys`;
CREATE TABLE `tbl_bbs_sys` (
  `id` int(11) NOT NULL AUTO_INCREMENT,
  `title` varchar(50) COLLATE utf8_unicode_ci DEFAULT NULL COMMENT '标题',
  `content` longtext CHARACTER SET utf8mb4 COLLATE utf8mb4_unicode_ci COMMENT '富文本内容',
  `status` int(11) DEFAULT NULL COMMENT '状态',
  `userid` int(11) DEFAULT NULL,
  `createuser` varchar(50) COLLATE utf8_unicode_ci DEFAULT NULL COMMENT '创建用户',
  `createdate` date DEFAULT NULL COMMENT '创建日期',
  `createtime` time DEFAULT NULL COMMENT '创建时间',
  PRIMARY KEY (`id`)
) ENGINE=InnoDB AUTO_INCREMENT=558 DEFAULT CHARSET=utf8 COLLATE=utf8_unicode_ci COMMENT='BBS置顶文章';

-- ----------------------------
-- Records of tbl_bbs_sys
-- ----------------------------
INSERT INTO tbl_bbs_sys VALUES ('545', '拿不出彩礼自杀', '&lt;p&gt;&lt;span style=\"color: inherit;\"&gt;&nbsp; &nbsp;&nbsp;&lt;/span&gt;&lt;span style=\"color: inherit;\"&gt;&nbsp; &nbsp; 1&lt;/span&gt;&lt;span style=\"color: inherit;\"&gt;世风日下，现在结个婚似乎都成了一桩明码标价的生意，以至于压得穷困人家喘不过气来，或者，干脆那么无可奈何地光着。不可否认，对于不少地区的农村适婚男青年来说，越来越高的彩礼正成为压垮他们人生的沉重负担，所谓儿子娶媳妇，爹娘脱层皮，绝不是夸张的修辞。&lt;/span&gt;&lt;/p&gt;&lt;p&gt;&nbsp;&nbsp;&nbsp;&nbsp;&nbsp;&nbsp;&nbsp;&nbsp;想结婚，没钱，怎么办？小王面临的，正是这样严峻的现实问题。他有一个感情不错的女朋友，两人关系升温，到了谈婚论嫁的地步。按照传统风俗，男方要给女方一笔不小的彩礼钱，这是规矩，小王自然也不例外。女方开出的条件是，彩礼10万块。要说这10万块，也是比上不足比下有余，可是，对小王的家庭而言，这确实是一个天文数字。&lt;/p&gt;&lt;p&gt;&nbsp;&nbsp;&nbsp;&nbsp;&nbsp;&nbsp;&nbsp;&nbsp;自己没钱，只能求助于父母。他先给母亲打电话，母亲告诉他，他们都是打工的，家里没有那么多钱。晚上，小王又打电话给父亲，得到的答复，跟母亲的一样。&lt;/p&gt;&lt;p&gt;&lt;img src=\"http://imgtianqi.eastday.com/res/upload/ue/image/20181210/1544430360578687.jpg\" title=\"拿不出彩礼自杀\" alt=\"拿不出彩礼自杀\" width=\"637\" height=\"532\" border=\"0\" vspace=\"0\"&gt;&lt;/p&gt;&lt;p style=\"text-align: left;\"&gt;&nbsp; &nbsp;&nbsp;&lt;img src=\"data:image/jpeg;base64,/9j/4RLmRXhpZgAATU0AKgAAAAgADAEAAAMAAAABA8AAAAEBAAMAAAABAc0AAAECAAMAAAADAAAAngEGAAMAAAABAAIAAAESAAMAAAABAAEAAAEVAAMAAAABAAMAAAEaAAUAAAABAAAApAEbAAUAAAABAAAArAEoAAMAAAABAAIAAAExAAIAAAAcAAAAtAEyAAIAAAAUAAAA0IdpAAQAAAABAAAA5AAAARwACAAIAAgALcbAAAAnEAAtxsAAACcQQWRvYmUgUGhvdG9zaG9wIENTNSBXaW5kb3dzADIwMTM6MDY6MTggMDk6MDY6MzUAAASQAAAHAAAABDAyMjGgAQADAAAAAf//AACgAgAEAAAAAQAAAOGgAwAEAAAAAQAAAIgAAAAAAAAABgEDAAMAAAABAAYAAAEaAAUAAAABAAABagEbAAUAAAABAAABcgEoAAMAAAABAAIAAAIBAAQAAAABAAABegICAAQAAAABAAARZAAAAAAAAABIAAAAAQAAAEgAAAAB/9j/7QAMQWRvYmVfQ00AAv/uAA5BZG9iZQBkgAAAAAH/2wCEAAwICAgJCAwJCQwRCwoLERUPDAwPFRgTExUTExgRDAwMDAwMEQwMDAwMDAwMDAwMDAwMDAwMDAwMDAwMDAwMDAwBDQsLDQ4NEA4OEBQODg4UFA4ODg4UEQwMDAwMEREMDAwMDAwRDAwMDAwMDAwMDAwMDAwMDAwMDAwMDAwMDAwMDP/AABEIAGEAoAMBIgACEQEDEQH/3QAEAAr/xAE/AAABBQEBAQEBAQAAAAAAAAADAAECBAUGBwgJCgsBAAEFAQEBAQEBAAAAAAAAAAEAAgMEBQYHCAkKCxAAAQQBAwIEAgUHBggFAwwzAQACEQMEIRIxBUFRYRMicYEyBhSRobFCIyQVUsFiMzRygtFDByWSU/Dh8WNzNRaisoMmRJNUZEXCo3Q2F9JV4mXys4TD03Xj80YnlKSFtJXE1OT0pbXF1eX1VmZ2hpamtsbW5vY3R1dnd4eXp7fH1+f3EQACAgECBAQDBAUGBwcGBTUBAAIRAyExEgRBUWFxIhMFMoGRFKGxQiPBUtHwMyRi4XKCkkNTFWNzNPElBhaisoMHJjXC0kSTVKMXZEVVNnRl4vKzhMPTdePzRpSkhbSVxNTk9KW1xdXl9VZmdoaWprbG1ub2JzdHV2d3h5ent8f/2gAMAwEAAhEDEQA/APLEkklcWqSSSSUpJJJJSkkkklKSSSSUpJJJJSkkkklKSSSSUpJJJJSkkkklP//Q8sSSSVxapJJdHVlfVxuB0xj21nIqtY7N/Rklzf024WPNXuYz9DvZW9/rb/8Agk2UqrQm+ynnElv5WX9X3N6h9nrrD7C845LHAQ5lIaylvpu9H07vXfVv9P8A0f6T1PWqH1nL6DbdhOwKB6VA9PKY1pq9UNc39Jz/AIVm/wB/87/pE0TJPylNOIkulx876uHIznuqqqrs2igOqc4bgLt1tbNl3o1Omv8ARbv9HZ/g1Sw8npLehX42RVUc2y0OZa4O9RrAafoWtre2tu31v9fTS4z+6en4qpx0lf6td066yt2BUKWAO3sEnWdDuc1v5qoJ4Ni6pCkkkkVKSSU2scWOsEEVxuBInU/ufScgpgktTrXRcvpzxc9rTj3yWPr1a10+/Hf/AKOyp3t/l/TrWWkpSSSSKlJK9mdHzMPGry7Q049230bWODmvDg53tLfo7Nu17LNliooKf//R8sWr0PB6Dlm4dY6m7pgZt9FzaHX753+puFX0Nm1n/biy1u/UzoV3WuvYtXpOfh02NszLIJY2ts27bX/RZ6/pekxT55COKUjIw4RxcUavTp6v3vlRHUgVb0PXvqt9RsO7Exr+sHpl7MWo3V/ZbrXWucJ+12+5/wBlsub/ANpP8Cg/V/6tfVJ2B0LN6q/Msyur5L6a6KtnoE13ei1t3tbfXVY11fqbLd/84pZeZkfXTp3V6KQcjNwMt2fgVtEvfjPP2e2mpjfe7Y1tdv8AXVr6vdOyM7pn1WspuoaOm5dt91VlrW2EfaA7ZVVq99jvSes2WacMQE8khMT4Zxv5eLFPLCv7/oZuAGRqiKsf43C0ev8A1c+qbendYz+lPzGX9My249lVnp+g0vtNb20ANdfZVUxrvT9S3etWn6nfVt9voUHGspr6KcurKyLbaX332l3pdRfSXfoMLH+zu9Wv/Aev+l9VV+u4FmB0Tr32vJx2t6l1Nlwrqsa+wMNr3Oa+oe9tlX0vTV3o+X0Nz8vLwurvyn9N6UcRljsQtbTi1vZtudU/25lmv83Z/OJhz5PaEoynKpEXUpj5cfzJ4BxVp/IvOu6V9Vj9ZsPpNE5WLj4zfteTi3s25GU1n2i57b8yxuLXi/4Pax9f/bi6YfVL6nMA6kMC5zctz6WYRzcU1VFoH6em12S31n+3+Zfl3f8AC0/zayrOsYmf13Cfj5+R1cVUXtLcXp1e9m4MLWsw7a31W7nbvUt2fo10d4DcKjGBybcuqt2dbjNxMJ2RXTZDGNfgOrFLbPU3bm4rH5P+nTc3MZYnGCZRMo+oEz/elcvVGCowjrsaeV6N0H6v3uzqXYNuU6nqVeNguttIFoduZZh5OZg78an6Pr/aGV+/+boet7q/1R+qmN0m/JxelUvvrosteB1C07NlH2h9lI932r0rPoV/o/Vr/S/4RUvqzVc7qXUst78umh/U8SptFrGUGx5c9zvtFDah6N1DPTf6dHoLSyq8l/Ter7/SFVXT8kUMbh5VPptZR9n9OvKyx6L2vqrZ/wAL/o/0aWXmMnu0JS04Osv01RhGvtfI0k66f6k/V/p3WXZv29r3Mx217NjtkOeXc6O/NYtjNljixnJK+GNbePpYYxMiIjq8utb6rNrt61j41s+jkOFbw0CXT766d35rb7GNqs2fzlW+td0P8X/1akHbf8PVEH/oblaZ9TOiNyqMqpllduOfZteYcAIbW+dz3bG/Q2PZZ/wn82qg+JYJaAT/AMVk+7z8Pteas6ix9d9OfY12NcSbaIMEFxe2uWO/Qek9++t+z2LmOsdO/Z2aaQS6tw31F0btpJbD9vt3Nc3+3/OL0Z/1D6JYC025Aa7loe2Indt+h9FTy/qL0nNpqpvyMgign03gs3Q7b7Hbq/o+xO/0jy+9y/xUexPw+18oR8HCvzsqvFx2l1lpAAGvPdein/Fj0OJ+1ZYHjNf/AKTV7pP1H6d0p9lmJk3Gy0Bpsft3Bn+ErrLGjb6/0bEf9IYO5/xVezPs4ObRWejZHT6psxzVUcfcQS11YAc8ua1vusbTu/Rs/m/665npn1Y6t1KsX1MbRjuBNd97vTa/bo70J99+38/0mez/AAi9Db9XcZ3qs3l7Wk7N8CCHCXOc0fQ2b2bNqFWcjKz7CGCnB6e1tVTXN2NfY0e2v02RtxaqG76sZn6Nn+EU+PLDILgdBodP4rDEjd//0vLVYxeoZ+G21mJkW47b27LhU8s3t1G2zYfc33OUfRKXolXziEhRAI7Fj4x3Xw83MwbhfhX2Y1wBHqVOLHQeW7mEe1QpvuovZkUvNd1Tg+uxujmuadzXtd+81yn6JS9BL2RZNCzodN1e4O6O622+599zjZba4vsscZc5zjue97j9JznKdGZl4zLWY9z6WZDPTvaxxaHsPNdm36bP5Kl6CXoJeyK4aFdq0V7g7scTMy8K4ZGHc/HuAIFlbi1wDhtd7m/vIo6t1VuY7PbmXjMeIdkCx3qERt2ut3b9u1qh6Hkn9BA8vEkkxBJHCSR+j+6r3QOqRvWusNeXtzbw91v2hzvUdJujZ651/ntn+EU7vrD1++p9N/UcqyqwFtlb7nlrgfpNc0u9yr+h5KJpQ+649DwR0/qhIy/1ihXf/wCLhtdXTc++ww2y+mqTJkgP2t9v8q1cMKtV6H9SKMYfV8tugepkusgkt1YGVVv3T+8qnxQcPKm7qU4A158f/cs/KmJyi74etbvRi7GBncBtMTxqBq33futcrFWTjbOTvBmtzSI7Ph2jvzmt97P+LWXfW6q66K3NqsMOsBcCdwY2z6Vb6vzdu1DFrQ9tjq7X7a/SDga9G/o9rnNBr/m/QZ+Z71jY4xB4oyI0/SEZbugRy50M5D/B/wC9dZzWuIPqvZAj2O2g/wBb2uU663M3TY+zcZG+DH8lm1rPaskFrjfs3Um1giK3hrS1rxNez1/zne9X6cfIryGPc4em2pzLGtcYdYS3a/Z/Va9CUIxGk78OHhUceMi45AdLqq/R2/7hNVAtyXbHt3PaC98bX7a27TRHu9Gtrm1+78/9J/pEdkwJ5Vel252WfVdcBkOaGuECvYyrdRV7n72M37t/6P8ASfmI7DICU/m+kf8AoteO32/m5eQ0XYudQWl/qNc0tBDZDnBkb3+xn9pAFePiUHGo9lRL7K7HO37g5rBdcxjJdXjMqpa2t92z9CjX5AxsTNyDBFTC73DcBLwwOLPztqysXbdjZmbn3EYlbRZk3u5e1uuwfR/Q+psqrpr/AKTk+lT/ADa2fh0bxTJ6Tr/mxameQExHuLf/0/PvVo8Cl6tHgVnyU4LiYGpPAWn7rX9kdy3/AFcfvP4J/Uo813P1O+qWFmW3Yb3V1uxWN+1XOrZbZZa7d7KfXFjKsah7XM9n89/hf5z9Dzn1t6PTh33HH2Nfj3/Z8g1DZU7duNOQyoe2h3scy+pn6Jn+DVPH8UxTy+2BuSIysa8P9X9H+q28nwrJjhKRl68cYzy4hxceKGX5DLTg/ShxcMnKDqPP8E+6jz/BBu6dk0khz63QbW+10yaf5zt+d/g/3037Oy/f7m/o95dr/ow1z9v73843YrfvRanseJbE0ef4J5x/P8EJ/Sc1j3NL6zt3iQ+QTWxlzw3+zYl+yc2XgvYNm+fd/o2Nud2/ds9qXvwR7B/eS/q/n+CYjH8T+Cp242RVW6xxG1rmtMHWXt9Vun9VA9R3iiM0Sr2D+86hrx9xAcSAdHRyPGF2v1Yzzj9Mow20ttZa6za1/FjXEuuDmfn1bf8Ara823v8AFd30vrfR7On4rxmUYl9DaG5VOQ17Xxjs9F/2e6mu1uRj5DP0n2X9H+m/nPU/nFX5qOPPAQkLAlxdtR/6MyYozxyMoy6U9c+utjBjbhkVVtYWPFm57q43UXWMZ+l/NQHV9Mc6Q/ZUx/6Sx52ukg/mxu+l9H9z+WuMr+s97bv8n5D6amAV1E11vcGDTe19zLLK3f6L9L+iVvG6jm35teVkZF2Zaw6OteIIO72vr2bHt9/0P5tUD8MiNYmQ8jf5s33s7SA+x6zG+wvtfWwC87i42OA3NOh2vjd6f8j8xXxJ15WDf1J9rHTWGeow1vAIA2khzms9Jtfp73N3O/lqsOoWsI2v2xoACoJ/DMnSd/3hX/fMkebj1H2PR1C2v1vVFYL7XOqNQ2ywhoabvaz9Pu373f8ATRq9B8VztXW8pgl1gIBI9wVln1hc0TZUHD+SYUeTkuYskxEv7p/75dHPiqrI82PVMW3K6Nn0Ux6l4YwEkNaB61Tnvse6GMqrrFlljv3Fyf1g6izJoZ0vp7tnTcd24mIdfYC7bdZ/wde9/os/ffZf+56ej1zr7bOl5GPWwNrsc3cXGXaPD/zfY36K4yy/mCtj4diMMMhMUTMy4f8ABi0uZmZTHAf0at//1PLpT1v2WNfE7SHR8DKilKuXa19I6Fbm41+Tn9NDLhdW+xgc2z1DW4ssrsxxR61mS1r37MvbX+ren+m9Oz2LG66+7Cfacl1JsysmstLZewhjvtNtuyzZuY1zqWbHrnMPrHUMJoZRYNrTuYHsZZscfpOp9Vr/AEd/+E9L+c/wiDl5mVmXG7KsNthEbj2A/Na0e1jP5DVAOXxCqxRiR+mDK9PBmPN81LjE8xlGYEZCoeqMflj8v6LuZ1OAaSacrAL2uyHN9KvYXCt7Kqq9X+1l9Nr76t37np/zirWOp+03YjbMD0q2ODcp1W3f7TTuZ6Pq/pv0vrM/l1eosZJP4NKssVu222p73Fz+nRW4VgFjw14btrbYIb9D3b/+tJm30Frp/Zwewva0ek73en+knd9Hbd/N0/6RYqSXAq28eps9X1W4WM3QSwsJbI3e4NLvbu3qpbZ6lr7NrWbyXbGCGifzWN/NaoJJ8aHRC+qSZLVPEvBSeq5zOFr9N6m1rgDvH3AfisHVEqtew6ER8AU+GTXwY54wdRu9v+0HXVxRlMpeOxbuB/rNh6bI6g2userZS58amqsD/q9y5vEzhVqHEHy0UczqLrTOp8zBKt+5DgogX5NbgnxVq6ruu1t4cSfNrf8AvqrP6zW4k/nHvqsN9rnHnRQklVJcPZsRxkbkt/L6ibWGsEwSPwVM2fFQSQB7MlB//9XyxJRSVtaySUUklMklFJFTJJRSQUySUUklMwnQ0k8bKZpBQSS6qTs4CViAkpOizqkTKCSjK9IEu6GkjFT/AP/Z/+0ZrlBob3Rvc2hvcCAzLjAAOEJJTQQEAAAAAAAPHAFaAAMbJUccAgAAAlWiADhCSU0EJQAAAAAAEC4LuNVoPSZfLVMrYUHTEbg4QklNBDoAAAAAAJMAAAAQAAAAAQAAAAAAC3ByaW50T3V0cHV0AAAABQAAAABDbHJTZW51bQAAAABDbHJTAAAAAFJHQkMAAAAASW50ZWVudW0AAAAASW50ZQAAAABJbWcgAAAAAE1wQmxib29sAQAAAA9wcmludFNpeHRlZW5CaXRib29sAAAAAAtwcmludGVyTmFtZVRFWFQAAAABAAAAOEJJTQQ7AAAAAAGyAAAAEAAAAAEAAAAAABJwcmludE91dHB1dE9wdGlvbnMAAAASAAAAAENwdG5ib29sAAAAAABDbGJyYm9vbAAAAAAAUmdzTWJvb2wAAAAAAENybkNib29sAAAAAABDbnRDYm9vbAAAAAAATGJsc2Jvb2wAAAAAAE5ndHZib29sAAAAAABFbWxEYm9vbAAAAAAASW50cmJvb2wAAAAAAEJja2dPYmpjAAAAAQAAAAAAAFJHQkMAAAADAAAAAFJkICBkb3ViQG/gAAAAAAAAAAAAR3JuIGRvdWJAb+AAAAAAAAAAAABCbCAgZG91YkBv4AAAAAAAAAAAAEJyZFRVbnRGI1JsdAAAAAAAAAAAAAAAAEJsZCBVbnRGI1JsdAAAAAAAAAAAAAAAAFJzbHRVbnRGI1B4bEBywAAAAAAAAAAACnZlY3RvckRhdGFib29sAQAAAABQZ1BzZW51bQAAAABQZ1BzAAAAAFBnUEMAAAAATGVmdFVudEYjUmx0AAAAAAAAAAAAAAAAVG9wIFVudEYjUmx0AAAAAAAAAAAAAAAAU2NsIFVudEYjUHJjQFkAAAAAAAA4QklNA+0AAAAAABABLAAAAAEAAgEsAAAAAQACOEJJTQQmAAAAAAAOAAAAAAAAAAAAAD+AAAA4QklNBA0AAAAAAAQAAAAeOEJJTQQZAAAAAAAEAAAAHjhCSU0D8wAAAAAACQAAAAAAAAAAAQA4QklNJxAAAAAAAAoAAQAAAAAAAAACOEJJTQP1AAAAAABIAC9mZgABAGxmZgAGAAAAAAABAC9mZgABAKGZmgAGAAAAAAABADIAAAABAFoAAAAGAAAAAAABADUAAAABAC0AAAAGAAAAAAABOEJJTQP4AAAAAABwAAD/////////////////////////////A+gAAAAA/////////////////////////////wPoAAAAAP////////////////////////////8D6AAAAAD/////////////////////////////A+gAADhCSU0ECAAAAAAAEAAAAAEAAAJAAAACQAAAAAA4QklNBB4AAAAAAAQAAAAAOEJJTQQaAAAAAANFAAAABgAAAAAAAAAAAAAAiAAAAOEAAAAIWSdOLVNOf46RUv8IlPb/CQAAAAEAAAAAAAAAAAAAAAAAAAAAAAAAAQAAAAAAAAAAAAAA4QAAAIgAAAAAAAAAAAAAAAAAAAAAAQAAAAAAAAAAAAAAAAAAAAAAAAAQAAAAAQAAAAAAAG51bGwAAAACAAAABmJvdW5kc09iamMAAAABAAAAAAAAUmN0MQAAAAQAAAAAVG9wIGxvbmcAAAAAAAAAAExlZnRsb25nAAAAAAAAAABCdG9tbG9uZwAAAIgAAAAAUmdodGxvbmcAAADhAAAABnNsaWNlc1ZsTHMAAAABT2JqYwAAAAEAAAAAAAVzbGljZQAAABIAAAAHc2xpY2VJRGxvbmcAAAAAAAAAB2dyb3VwSURsb25nAAAAAAAAAAZvcmlnaW5lbnVtAAAADEVTbGljZU9yaWdpbgAAAA1hdXRvR2VuZXJhdGVkAAAAAFR5cGVlbnVtAAAACkVTbGljZVR5cGUAAAAASW1nIAAAAAZib3VuZHNPYmpjAAAAAQAAAAAAAFJjdDEAAAAEAAAAAFRvcCBsb25nAAAAAAAAAABMZWZ0bG9uZwAAAAAAAAAAQnRvbWxvbmcAAACIAAAAAFJnaHRsb25nAAAA4QAAAAN1cmxURVhUAAAAAQAAAAAAAG51bGxURVhUAAAAAQAAAAAAAE1zZ2VURVhUAAAAAQAAAAAABmFsdFRhZ1RFWFQAAAABAAAAAAAOY2VsbFRleHRJc0hUTUxib29sAQAAAAhjZWxsVGV4dFRFWFQAAAABAAAAAAAJaG9yekFsaWduZW51bQAAAA9FU2xpY2VIb3J6QWxpZ24AAAAHZGVmYXVsdAAAAAl2ZXJ0QWxpZ25lbnVtAAAAD0VTbGljZVZlcnRBbGlnbgAAAAdkZWZhdWx0AAAAC2JnQ29sb3JUeXBlZW51bQAAABFFU2xpY2VCR0NvbG9yVHlwZQAAAABOb25lAAAACXRvcE91dHNldGxvbmcAAAAAAAAACmxlZnRPdXRzZXRsb25nAAAAAAAAAAxib3R0b21PdXRzZXRsb25nAAAAAAAAAAtyaWdodE91dHNldGxvbmcAAAAAADhCSU0EKAAAAAAADAAAAAI/8AAAAAAAADhCSU0EEQAAAAAAAQEAOEJJTQQUAAAAAAAEAAAAAzhCSU0EDAAAAAARgAAAAAEAAACgAAAAYQAAAeAAALXgAAARZAAYAAH/2P/tAAxBZG9iZV9DTQAC/+4ADkFkb2JlAGSAAAAAAf/bAIQADAgICAkIDAkJDBELCgsRFQ8MDA8VGBMTFRMTGBEMDAwMDAwRDAwMDAwMDAwMDAwMDAwMDAwMDAwMDAwMDAwMDAENCwsNDg0QDg4QFA4ODhQUDg4ODhQRDAwMDAwREQwMDAwMDBEMDAwMDAwMDAwMDAwMDAwMDAwMDAwMDAwMDAwM/8AAEQgAYQCgAwEiAAIRAQMRAf/dAAQACv/EAT8AAAEFAQEBAQEBAAAAAAAAAAMAAQIEBQYHCAkKCwEAAQUBAQEBAQEAAAAAAAAAAQACAwQFBgcICQoLEAABBAEDAgQCBQcGCAUDDDMBAAIRAwQhEjEFQVFhEyJxgTIGFJGhsUIjJBVSwWIzNHKC0UMHJZJT8OHxY3M1FqKygyZEk1RkRcKjdDYX0lXiZfKzhMPTdePzRieUpIW0lcTU5PSltcXV5fVWZnaGlqa2xtbm9jdHV2d3h5ent8fX5/cRAAICAQIEBAMEBQYHBwYFNQEAAhEDITESBEFRYXEiEwUygZEUobFCI8FS0fAzJGLhcoKSQ1MVY3M08SUGFqKygwcmNcLSRJNUoxdkRVU2dGXi8rOEw9N14/NGlKSFtJXE1OT0pbXF1eX1VmZ2hpamtsbW5vYnN0dXZ3eHl6e3x//aAAwDAQACEQMRAD8A8sSSSVxapJJJJSkkkklKSSSSUpJJJJSkkkklKSSSSUpJJJJSkkkklKSSSSU//9DyxJJJXFqkkl0dWV9XG4HTGPbWciq1js39GSXN/TbhY81e5jP0O9lb3+tv/wCCTZSqtCb7KecSW/lZf1fc3qH2eusPsLzjkscBDmUhrKW+m70fTu9d9W/0/wDR/pPU9aofWcvoNt2E7AoHpUD08pjWmr1Q1zf0nP8AhWb/AH/zv+kTRMk/KU04iS6XHzvq4cjOe6qqquzaKA6pzhuAu3W1s2XejU6a/wBFu/0dn+DVLDyekt6FfjZFVRzbLQ5lrg71GsBp+ha2t7a27fW/19NLjP7p6fiqnHSV/q13TrrK3YFQpYA7ewSdZ0O5zW/mqgng2LqkKSSSRUpJJTaxxY6wQRXG4EidT+59JyCmCS1OtdFy+nPFz2tOPfJY+vVrXT78d/8Ao7Kne3+X9OtZaSlJJJIqUkr2Z0fMw8avLtDTj3bfRtY4Oa8ODne0t+js27Xss2WKigp//9HyxavQ8HoOWbh1jqbumBm30XNodfvnf6m4VfQ2bWf9uLLW79TOhXda69i1ek5+HTY2zMsglja2zbttf9Fnr+l6TFPnkI4pSMjDhHFxRq9Onq/e+VEdSBVvQ9e+q31Gw7sTGv6wemXsxajdX9lutda5wn7Xb7n/AGWy5v8A2k/wKD9X/q19UnYHQs3qr8yzK6vkvproq2egTXd6LW3e1t9dVjXV+pst3/zill5mR9dOndXopByM3Ay3Z+BW0S9+M8/Z7aamN97tjW12/wBdWvq907IzumfVaym6ho6bl233VWWtbYR9oDtlVWr32O9J6zZZpwxATySExPhnG/l4sU8sK/v+hm4AZGqIqx/jcLR6/wDVz6pt6d1jP6U/MZf0zLbj2VWen6DS+01vbQA119lVTGu9P1Ld61afqd9W32+hQcaymvopy6srIttpfffaXel1F9Jd+gwsf7O71a/8B6/6X1VX67gWYHROvfa8nHa3qXU2XCuqxr7Aw2vc5r6h722VfS9NXej5fQ3Py8vC6u/Kf03pRxGWOxC1tOLW9m251T/bmWa/zdn84mHPk9oSjKcqkRdSmPlx/MngHFWn8i867pX1WP1mw+k0TlYuPjN+15OLezbkZTWfaLntvzLG4teL/g9rH1/9uLph9UvqcwDqQwLnNy3PpZhHNxTVUWgfp6bXZLfWf7f5l+Xd/wALT/NrKs6xiZ/XcJ+Pn5HVxVRe0txenV72bgwtazDtrfVbudu9S3Z+jXR3gNwqMYHJty6q3Z1uM3EwnZFdNkMY1+A6sUts9Tdubisfk/6dNzcxlicYJlEyj6gTP96Vy9UYKjCOuxp5Xo3Qfq/e7Opdg25TqepV42C620gWh25lmHk5mDvxqfo+v9oZX7/5uh63ur/VH6qY3Sb8nF6VS++uiy14HULTs2UfaH2Uj3favSs+hX+j9Wv9L/hFS+rNVzupdSy3vy6aH9TxKm0WsZQbHlz3O+0UNqHo3UM9N/p0egtLKryX9N6vv9IVVdPyRQxuHlU+m1lH2f068rLHova+qtn/AAv+j/RpZeYye7QlLTg6y/TVGEa+18jSTrp/qT9X+ndZdm/b2vczHbXs2O2Q55dzo781i2M2WOLGckr4Y1t4+lhjEyIiOry61vqs2u3rWPjWz6OQ4VvDQJdPvrp3fmtvsY2qzZ/OVb613Q/xf/VqQdt/w9UQf+huVpn1M6I3KoyqmWV2459m15hwAhtb53Pdsb9DY9ln/CfzaqD4lgloBP8AxWT7vPw+15qzqLH13059jXY1xJtogwQXF7a5Y79B6T37637PYuY6x079nZppBLq3DfUXRu2klsP2+3c1zf7f84vRn/UPolgLTbkBruWh7Yid236H0VPL+ovSc2mqm/IyCKCfTeCzdDtvsdur+j7E7/SPL73L/FR7E/D7XyhHwcK/Oyq8XHaXWWkAAa8916Kf8WPQ4n7VlgeM1/8ApNXuk/Ufp3Sn2WYmTcbLQGmx+3cGf4SussaNvr/RsR/0hg7n/FV7M+zg5tFZ6NkdPqmzHNVRx9xBLXVgBzy5rW+6xtO79Gz+b/rrmemfVjq3UqxfUxtGO4E133u9Nr9ujvQn337fz/SZ7P8ACL0Nv1dxneqzeXtaTs3wIIcJc5zR9DZvZs2oVZyMrPsIYKcHp7W1VNc3Y19jR7a/TZG3Fqobvqxmfo2f4RT48sMguB0Gh0/isMSN3//S8tVjF6hn4bbWYmRbjtvbsuFTyze3UbbNh9zfc5R9EpeiVfOISFEAjsWPjHdfDzczBuF+FfZjXAEepU4sdB5buYR7VCm+6i9mRS813VOD67G6Oa5p3Ne137zXKfolL0EvZFk0LOh03V7g7o7rbb7n33ONltri+yxxlznOO573uP0nOcp0ZmXjMtZj3PpZkM9O9rHFoew812bfps/kqXoJegl7IrhoV2rRXuDuxxMzLwrhkYdz8e4AgWVuLXAOG13ub+8ijq3VW5js9uZeMx4h2QLHeoRG3a63dv27WqHoeSf0EDy8SSTEEkcJJH6P7qvdA6pG9a6w15e3NvD3W/aHO9R0m6NnrnX+e2f4RTu+sPX76n039RyrKrAW2VvueWuB+k1zS73Kv6HkomlD7rj0PBHT+qEjL/WKFd//AIuG11dNz77DDbL6apMmSA/a32/yrVwwq1Xof1Ioxh9Xy26B6mS6yCS3VgZVW/dP7yqfFBw8qbupTgDXnx/9yz8qYnKLvh61u9GLsYGdwG0xPGoGrfd+61ysVZONs5O8Ga3NIjs+HaO/Oa33s/4tZd9bqrrorc2qww6wFwJ3BjbPpVvq/N27UMWtD22Ortftr9IOBr0b+j2uc0Gv+b9Bn5nvWNjjEHijIjT9IRlu6BHLnQzkP8H/AL11nNa4g+q9kCPY7aD/AFva5TrrczdNj7Nxkb4MfyWbWs9qyQWuN+zdSbWCIreGtLWvE17PX/Od71fpx8ivIY9zh6banMsa1xh1hLdr9n9Vr0JQjEaTvw4eFRx4yLjkB0uqr9Hb/uE1UC3Jdse3c9oL3xtftrbtNEe70a2ubX7vz/0n+kR2TAnlV6XbnZZ9V1wGQ5oa4QK9jKt1FXufvYzfu3/o/wBJ+YjsMgJT+b6R/wCi147fb+bl5DRdi51BaX+o1zS0ENkOcGRvf7Gf2kAV4+JQcaj2VEvsrsc7fuDmsF1zGMl1eMyqlra33bP0KNfkDGxM3IMEVMLvcNwEvDA4s/O2rKxdt2NmZufcRiVtFmTe7l7W67B9H9D6myqumv8ApOT6VP8ANrZ+HRvFMnpOv+bFqZ5ATEe4t//T8+9WjwKXq0eBWfJTguJgak8Bafutf2R3Lf8AVx+8/gn9SjzXc/U76pYWZbdhvdXW7FY37Vc6tltllrt3sp9cWMqxqHtcz2fz3+F/nP0POfW3o9OHfccfY1+Pf9nyDUNlTt2405DKh7aHexzL6mfomf4NU8fxTFPL7YG5IjKxrw/1f0f6rbyfCsmOEpGXrxxjPLiHFx4oZfkMtOD9KHFwycoOo8/wT7qPP8EG7p2TSSHPrdBtb7XTJp/nO353+D/fTfs7L9/ub+j3l2v+jDXP2/vfzjdit+9Fqex4lsTR5/gnnH8/wQn9JzWPc0vrO3eJD5BNbGXPDf7NiX7JzZeC9g2b593+jY253b92z2pe/BHsH95L+r+f4JiMfxP4KnbjZFVbrHEbWua0wdZe31W6f1UD1HeKIzRKvYP7zqGvH3EBxIB0dHI8YXa/VjPOP0yjDbS21lrrNrX8WNcS64OZ+fVt/wCtrzbe/wAV3fS+t9Hs6fivGZRiX0NoblU5DXtfGOz0X/Z7qa7W5GPkM/SfZf0f6b+c9T+cVfmo488BCQsCXF21H/ozJijPHIyjLpT1z662MGNuGRVW1hY8WbnurjdRdYxn6X81AdX0xzpD9lTH/pLHna6SD+bG76X0f3P5a4yv6z3tu/yfkPpqYBXUTXW9wYNN7X3Mssrd/ov0v6JW8bqObfm15WRkXZlrDo614gg7va+vZse33/Q/m1QPwyI1iZDyN/mzfeztID7HrMb7C+19bALzuLjY4Dc06Ha+N3p/yPzFfEnXlYN/Un2sdNYZ6jDW8AgDaSHOaz0m1+nvc3c7+Wqw6hawja/bGgAKgn8MydJ3/eFf98yR5uPUfY9HULa/W9UVgvtc6o1DbLCGhpu9rP0+7fvd/wBNGr0HxXO1dbymCXWAgEj3BWWfWFzRNlQcP5JhR5OS5iyTES/un/vl0c+KqsjzY9Uxbcro2fRTHqXhjASQ1oHrVOe+x7oYyqusWWWO/cXJ/WDqLMmhnS+nu2dNx3biYh19gLtt1n/B173+iz999l/7np6PXOvts6XkY9bA2uxzdxcZdo8P/N9jforjLL+YK2Ph2IwwyExRMzLh/wAGLS5mZlMcB/Rq3//U8ulPW/ZY18TtIdHwMqKUq5drX0joVubjX5Of00MuF1b7GBzbPUNbiyyuzHFHrWZLWvfsy9tf6t6f6b07PYsbrr7sJ9pyXUmzKyay0tl7CGO+0227LNm5jXOpZseucw+sdQwmhlFg2tO5gexlmxx+k6n1Wv8AR3/4T0v5z/CIOXmZWZcbsqw22ERuPYD81rR7WM/kNUA5fEKrFGJH6YMr08GY83zUuMTzGUZgRkKh6ox+WPy/ou5nU4BpJpysAva7Ic30q9hcK3sqqr1f7WX02vvq3fuen/OKtY6n7TdiNswPSrY4NynVbd/tNO5no+r+m/S+sz+XV6ixkk/g0qyxW7bbanvcXP6dFbhWAWPDXhu2ttghv0Pdv/60mbfQWun9nB7C9rR6Tvd6f6Sd30dt383T/pFipJcCrbx6mz1fVbhYzdBLCwlsjd7g0u9u7eqltnqWvs2tZvJdsYIaJ/NY381qgknxodEL6pJktU8S8FJ6rnM4Wv03qbWuAO8fcB+KwdUSq17DoRHwBT4ZNfBjnjB1G72/7QddXFGUyl47Fu4H+s2HpsjqDa6x6tlLnxqaqwP+r3Lm8TOFWocQfLRRzOoutM6nzMEq37kOCiBfk1uCfFWrqu67W3hxJ82t/wC+qs/rNbiT+ce+qw32ucedFCSVUlw9mxHGRuS38vqJtYawTBI/BUzZ8VBJAHsyUH//1fLElFJW1rJJRSSUySUUkVMklFJBTJJRSSUzCdDSTxspmkFBJLqpOzgJWICSk6LOqRMoJKMr0gS7oaSMVP8A/9k4QklNBCEAAAAAAFUAAAABAQAAAA8AQQBkAG8AYgBlACAAUABoAG8AdABvAHMAaABvAHAAAAATAEEAZABvAGIAZQAgAFAAaABvAHQAbwBzAGgAbwBwACAAQwBTADUAAAABADhCSU0EBgAAAAAABwAIAAAAAQEA/+EOCmh0dHA6Ly9ucy5hZG9iZS5jb20veGFwLzEuMC8APD94cGFja2V0IGJlZ2luPSLvu78iIGlkPSJXNU0wTXBDZWhpSHpyZVN6TlRjemtjOWQiPz4gPHg6eG1wbWV0YSB4bWxuczp4PSJhZG9iZTpuczptZXRhLyIgeDp4bXB0az0iQWRvYmUgWE1QIENvcmUgNS4wLWMwNjAgNjEuMTM0Nzc3LCAyMDEwLzAyLzEyLTE3OjMyOjAwICAgICAgICAiPiA8cmRmOlJERiB4bWxuczpyZGY9Imh0dHA6Ly93d3cudzMub3JnLzE5OTkvMDIvMjItcmRmLXN5bnRheC1ucyMiPiA8cmRmOkRlc2NyaXB0aW9uIHJkZjphYm91dD0iIiB4bWxuczpjcnM9Imh0dHA6Ly9ucy5hZG9iZS5jb20vY2FtZXJhLXJhdy1zZXR0aW5ncy8xLjAvIiB4bWxuczpwaG90b3Nob3A9Imh0dHA6Ly9ucy5hZG9iZS5jb20vcGhvdG9zaG9wLzEuMC8iIHhtbG5zOnhtcD0iaHR0cDovL25zLmFkb2JlLmNvbS94YXAvMS4wLyIgeG1sbnM6ZGM9Imh0dHA6Ly9wdXJsLm9yZy9kYy9lbGVtZW50cy8xLjEvIiB4bWxuczp4bXBNTT0iaHR0cDovL25zLmFkb2JlLmNvbS94YXAvMS4wL21tLyIgeG1sbnM6c3RFdnQ9Imh0dHA6Ly9ucy5hZG9iZS5jb20veGFwLzEuMC9zVHlwZS9SZXNvdXJjZUV2ZW50IyIgY3JzOkFscmVhZHlBcHBsaWVkPSJUcnVlIiBwaG90b3Nob3A6Q29sb3JNb2RlPSIzIiB4bXA6Q3JlYXRlRGF0ZT0iMjAxMy0wNi0xOFQwMjo0OTo0NSswODowMCIgeG1wOk1vZGlmeURhdGU9IjIwMTMtMDYtMThUMDk6MDY6MzUrMDg6MDAiIHhtcDpNZXRhZGF0YURhdGU9IjIwMTMtMDYtMThUMDk6MDY6MzUrMDg6MDAiIHhtcDpDcmVhdG9yVG9vbD0iQWRvYmUgUGhvdG9zaG9wIENTNSBXaW5kb3dzIiBkYzpmb3JtYXQ9ImltYWdlL2pwZWciIHhtcE1NOkluc3RhbmNlSUQ9InhtcC5paWQ6RDVFODdEQ0U4RkQ3RTIxMTkwQjlFRjJBMjg1OUNFM0YiIHhtcE1NOkRvY3VtZW50SUQ9InhtcC5kaWQ6RDNFODdEQ0U4RkQ3RTIxMTkwQjlFRjJBMjg1OUNFM0YiIHhtcE1NOk9yaWdpbmFsRG9jdW1lbnRJRD0ieG1wLmRpZDpEM0U4N0RDRThGRDdFMjExOTBCOUVGMkEyODU5Q0UzRiI+IDx4bXBNTTpIaXN0b3J5PiA8cmRmOlNlcT4gPHJkZjpsaSBzdEV2dDphY3Rpb249InNhdmVkIiBzdEV2dDppbnN0YW5jZUlEPSJ4bXAuaWlkOkQzRTg3RENFOEZEN0UyMTE5MEI5RUYyQTI4NTlDRTNGIiBzdEV2dDp3aGVuPSIyMDEzLTA2LTE4VDA5OjA0OjIxKzA4OjAwIiBzdEV2dDpzb2Z0d2FyZUFnZW50PSJBZG9iZSBQaG90b3Nob3AgQ1M1IFdpbmRvd3MiIHN0RXZ0OmNoYW5nZWQ9Ii8iLz4gPHJkZjpsaSBzdEV2dDphY3Rpb249InNhdmVkIiBzdEV2dDppbnN0YW5jZUlEPSJ4bXAuaWlkOkQ1RTg3RENFOEZEN0UyMTE5MEI5RUYyQTI4NTlDRTNGIiBzdEV2dDp3aGVuPSIyMDEzLTA2LTE4VDA5OjA2OjM1KzA4OjAwIiBzdEV2dDpzb2Z0d2FyZUFnZW50PSJBZG9iZSBQaG90b3Nob3AgQ1M1IFdpbmRvd3MiIHN0RXZ0OmNoYW5nZWQ9Ii8iLz4gPC9yZGY6U2VxPiA8L3htcE1NOkhpc3Rvcnk+IDwvcmRmOkRlc2NyaXB0aW9uPiA8L3JkZjpSREY+IDwveDp4bXBtZXRhPiAgICAgICAgICAgICAgICAgICAgICAgICAgICAgICAgICAgICAgICAgICAgICAgICAgICAgICAgICAgICAgICAgICAgICAgICAgICAgICAgICAgICAgICAgICAgICAgICAgICAgICAgICAgICAgICAgICAgICAgICAgICAgICAgICAgICAgICAgICAgICAgICAgICAgICAgICAgICAgICAgICAgICAgICAgICAgICAgICAgICAgICAgICAgICAgICAgICAgICAgICAgICAgICAgICAgICAgICAgICAgICAgICAgICAgICAgICAgICAgICAgICAgICAgICAgICAgICAgICAgICAgICAgICAgICAgICAgICAgICAgICAgICAgICAgICAgICAgICAgICAgICAgICAgICAgICAgICAgICAgICAgICAgICAgICAgICAgICAgICAgICAgICAgICAgICAgICAgICAgICAgICAgICAgICAgICAgICAgICAgICAgICAgICAgICAgICAgICAgICAgICAgICAgICAgICAgICAgICAgICAgICAgICAgICAgICAgICAgICAgICAgICAgICAgICAgICAgICAgICAgICAgICAgICAgICAgICAgICAgICAgICAgICAgICAgICAgICAgICAgICAgICAgICAgICAgICAgICAgICAgICAgICAgICAgICAgICAgICAgICAgICAgICAgICAgICAgICAgICAgICAgICAgICAgICAgICAgICAgICAgICAgICAgICAgICAgICAgICAgICAgICAgICAgICAgICAgICAgICAgICAgICAgICAgICAgICAgICAgICAgICAgICAgICAgICAgICAgICAgICAgICAgICAgICAgICAgICAgICAgICAgICAgICAgICAgICAgICAgICAgICAgICAgICAgICAgICAgICAgICAgICAgICAgICAgICAgICAgICAgICAgICAgICAgICAgICAgICAgICAgICAgICAgICAgICAgICAgICAgICAgICAgICAgICAgICAgICAgICAgICAgICAgICAgICAgICAgICAgICAgICAgICAgICAgICAgICAgICAgICAgICAgICAgICAgICAgICAgICAgICAgICAgICAgICAgICAgICAgICAgICAgICAgICAgICAgICAgICAgICAgICAgICAgICAgICAgICAgICAgICAgICAgICAgICAgICAgICAgICAgICAgICAgICAgICAgICAgICAgICAgICAgICAgICAgICAgICAgICAgICAgICAgICAgICAgICAgICAgICAgICAgICAgICAgICAgICAgICAgICAgICAgICAgICAgICAgICAgICAgICAgICAgICAgICAgICAgICAgICAgICAgICAgICAgICAgICAgICAgICAgICAgICAgICAgICAgICAgICAgICAgICAgICAgICAgICAgICAgICAgICAgICAgICAgICAgICAgICAgICAgICAgICAgICAgICAgICAgICAgICAgICAgICAgICAgICAgICAgICAgICAgICAgICAgICAgICAgICAgICAgICAgICAgICAgICAgICAgICAgICAgICAgICAgICAgICAgICAgICAgICAgICAgICAgICAgICAgICAgICAgICAgICAgICAgICAgICAgICAgICAgICAgICAgICAgICAgICAgICAgICAgICAgICAgICAgICAgICAgICAgICAgICAgICAgICAgICAgICAgICAgICAgICAgICAgICAgICAgICAgICAgICAgICAgICAgICAgICAgICAgICAgICAgICAgICAgICAgICAgICAgICAgICAgICAgICAgICAgICAgICAgICAgICAgICAgICAgICAgICAgICAgICAgICAgICAgICAgICAgICAgICAgICAgICAgICAgICAgICAgICAgICAgICAgICAgICAgICAgICAgICAgICAgICAgICAgICAgICAgICAgICAgICAgICAgICAgICAgICAgICAgICAgICAgICAgICAgICAgICAgICAgICAgICAgICAgICAgICAgICAgICAgICAgICAgICAgICAgICAgICAgICAgICAgICAgICAgICAgICAgICAgICAgICAgICAgICAgICAgICAgICAgICAgICAgICAgICAgICAgICAgICAgICAgICAgICAgICAgICAgICAgICAgICAgICAgICAgICAgICAgICAgICAgICAgICAgICAgICAgICAgICAgICAgICAgICAgICAgICAgICAgICAgICAgICAgICAgICAgICAgICAgICAgICAgICAgICAgICAgICAgICAgICAgICAgICAgICAgICAgICAgICAgICAgICAgICAgICAgICAgICAgICAgICAgICAgICAgICAgICAgICAgICAgICAgICAgICAgICAgICAgICAgICAgICAgICAgICAgICAgICAgICAgICAgICAgICAgICAgICAgICAgICAgICAgICAgICAgICAgICAgICAgICAgICAgICAgICAgICAgICAgICAgICAgICAgICAgICAgICAgICAgICAgICAgICAgICAgICAgICAgICAgICAgICAgICAgICAgICAgICAgICAgICAgICAgICAgICAgICAgICAgICAgICAgICAgICAgICAgICAgICAgIDw/eHBhY2tldCBlbmQ9InciPz7/7gAOQWRvYmUAZEAAAAAB/9sAhAABAQEBAQEBAQEBAQEBAQEBAQEBAQEBAQEBAQEBAQEBAQEBAQEBAQEBAQEBAgICAgICAgICAgIDAwMDAwMDAwMDAQEBAQEBAQEBAQECAgECAgMDAwMDAwMDAwMDAwMDAwMDAwMDAwMDAwMDAwMDAwMDAwMDAwMDAwMDAwMDAwMDAwP/wAARCACIAOEDAREAAhEBAxEB/90ABAAd/8QBogAAAAYCAwEAAAAAAAAAAAAABwgGBQQJAwoCAQALAQAABgMBAQEAAAAAAAAAAAAGBQQDBwIIAQkACgsQAAIBAwQBAwMCAwMDAgYJdQECAwQRBRIGIQcTIgAIMRRBMiMVCVFCFmEkMxdScYEYYpElQ6Gx8CY0cgoZwdE1J+FTNoLxkqJEVHNFRjdHYyhVVlcassLS4vJkg3SThGWjs8PT4yk4ZvN1Kjk6SElKWFlaZ2hpanZ3eHl6hYaHiImKlJWWl5iZmqSlpqeoqaq0tba3uLm6xMXGx8jJytTV1tfY2drk5ebn6Onq9PX29/j5+hEAAgEDAgQEAwUEBAQGBgVtAQIDEQQhEgUxBgAiE0FRBzJhFHEIQoEjkRVSoWIWMwmxJMHRQ3LwF+GCNCWSUxhjRPGisiY1GVQ2RWQnCnODk0Z0wtLi8lVldVY3hIWjs8PT4/MpGpSktMTU5PSVpbXF1eX1KEdXZjh2hpamtsbW5vZnd4eXp7fH1+f3SFhoeIiYqLjI2Oj4OUlZaXmJmam5ydnp+So6SlpqeoqaqrrK2ur6/9oADAMBAAIRAxEAPwDQi95MdE3Xvfuvde9+691737r3Xvfuvde9+691737r3Xvfuvde9+691737r3Xvfuvde9+691737r3Xvfuvde9+691737r3Xvfuvde9+691737r3Xvfuvde9+691737r3Xvfuvde9+691737r3Xvfuvde9+691737r3Xvfuvdf/0NCL3kx0Tde9+691737r3Xvfuvde9+691737r3Xvfuvde9+691737r3Xvfuvde9+691737r3Xvfuvde9+691737r3Xvfuvde9+691737r3Xvfuvde9+691737r3Xvfuvde9+691737r3Xvfuvde9+691737r3Xvfuvde9+691//R0IveTHRN1737r3Xvfuvde9+691737r3Xvfuvde9+691737r3Xvfuvde9+691737r3Xvfuvde9+691737r3Xvfuvde9+691737r3Xvfuvde9+691737r3Xvfuvde9+691737r3Xvfuvde9+691737r3Xvfuvde9+691737r3X/9LQi95MdE3Xvfuvde9+691737r3Xvfuvde9+691737r3Xvfuvde9+691737r3Xvfuvde9+691737r3Xvfuvde9+691737r3Xvfuvde9+691737r3Xvfuvde9+691737r3Xvfuvde9+691737r3Xvfuvde9+691737r3Xvfuvdf/09CL3kx0Tde9+691737r3XvfuvdWX/y9Pg/s35iJ2hLu7eWa2wuwpdpxUVNgazbtHVZSbc4zsFPRSS7jpJ4UrshkKCCHHRU61VVWzGWJKc280QD5z5quuXfpBbWyOJA9SzEadOk14gae4VZsDzI6V29v44YKe8eXQp9N/wAuPrrtDr/5A7oq9+7h29ndgdi9nbK6wwWR3BtOJs5F1z9rV5aLeEmN29uHEY7JYLA1BrayolyWJx1Qy+GmlKiSpjLNw5z3CzvdrtYbdZEkhR344EgoCoB1E6vIcOrpaq6SHV3A4/LoJsh8ItpYj4wS92ZDeVVU7jrOjNt9rYmjo8quOxNBuHN7xr4n2nunEZTYnkw1JNsDHzT4uuqM1SxZ7MwpR4sVr1GinMRzTdNv30LQeHbC4eNhgnSqg6wckguaEA1VeOB034K+EXrny6ED5O/y39u9C/DzYXyLxm9+wMvu7JZHaNFvfa24NmYXF4LFjd+NNSpoqvH52tzeJfC5ILSOMjTg1LyqCKeW0To9h51vN23+fZ5rWNIgHKt4gaQlSCaKFVCBqAFNXDy87y2qx26zBs+nQVdY/BSj7B+LuZ74l7DyeNz/APDH3NhMJT7EyGT2nS4XC0/yN/jWM3Nu2OuiTH5rI1XRKmnkjiaGjjyEImWRqhTCZbhzYbLmBdoMKGANpYlqMG1wVIBPcKSUwKDzqOm0tw0Xias0/wA9P8HQldm/BHqLZvxKk79wu9d7ZHdMeydm5WTE1Ob2VUY2l3blcB0zubcFBk9vUWHi3FjsK+M7Vb+Gu1S0pNMrTHS8fmQ2PNW7XHMA2m4tkWDx3FQHqyVm0mpwCpiNQKAr+fV2tlWIyav+Lwf8vUf4ifAzp75A/G/f/b2+u6clsjeGHr9447a23Mcm35sYzbTx20sk02d/iCvWyNLT52olqIo5qM0tKtNLrk+5RDvmTm3ctp3yy26ztUa1k0aixAPcZK6akZ7F4eWr0PW4LdZY2Yt3Z/l0GWP+FWBPx1fu+v7T2pUZVOrl7AbZOF3PiK7Nx1FZSdiZChx7404/zu8NHgcV9zEkpkilhzcZYPjnVVLc03C7utgLORYDMqln8q6a8MY0nh/Gvm4rQW/ZqLeVeq9vY8qTllo3mPQ+Y/I9Jeve/de697917r3v3Xuve/de697917r3v3XultsXb2M3LW52gr66ejqqbaO5czhY4aeKeOvyuBxsmYGPq2kcSU8E+Oo6kq8SyS+ZUULZiQ1K7IoKiuetjpE+3AytwPXuve99a697917r3v3Xuve/de6696qK08+vdd+9ggioOOvde9+691737r3X/9TQi95MdE3Xvfuvdc44pZnSKGN5ZZXWOOONGkeSR2CoiIoLO7sQAByT7bldYo3kdwqKpJJ4ADiT8h5+nWwCeAr0rN39fb+6+q6Sg39sfeGx66vpjW0FFvDbWa2zV1tEsz07VlJTZqiopqmlFRG0fkRWTWpW9wR7K9l5g2PmKK5m2Hd7a9hhYK7QSpKqsc6WMbMFb5Gh6emtri2KrcQOhIqAykVHqKgdCf0t8nu7fjzRbkx/Uu7afbNJu3K7Vzmeiqtr7T3IKvLbJTPpteuhO6MHmTQVGIG6K4xtT+IlprtcohX27bBte8NEdytyzRqwHe6UWQLUHQy1DaBStfl1WKZ4ifDah6FDYfeHzQXZXb25uvP785Drzc24exd1dw7lwXWGOzm1YM72TtxcT2BWZ/cabUrqHbH8V25UBXiSeljponEkSxkhvYY3JuQrHe9l2fc9wtIt7cR/TwPKiySCNuzRGWDuNSle0EGhHr0ojjvHglmihdoFPcwUkDHmQKD8+gZg+Qfa0HXtd1WM5hajY2RxdFhqjE12xOv8lWJjMbJUT4+notxZDa9VubGGhqquaeGSmrIZY6iaSZWErs5Ex2PbmvEvFMouFJIpNKKYocB/TB6Sh206fL7Ol9uPsn5ZdsbAyozydj7x6uz2T2hQF4tkVFXsagy21jTbX2njdr1WPwAw22KuFqmLH/b416Zq2WVEnWaUqfZBHe8ibNvK7d++LKDf4o2cxGZFl0MDIztEXDMoVWbUykBQTWgJ6UCC9mjEiwSNESACFJFagAVpSpJApxqadBTkMV2xsrG5vqvN7T3XtuPdFdtbeeV2tnto5DGZqsm2pBurF7bzEcGTxsOYhoqaLdeTiDRaYZmlIfUY10mltvfK+5qm92e+Wc1smqLxUmjMdcMULK2ksNINCSQPl1Vre6jbwHgcSHOkqa/bSladDmvyQ+YPcO1q7oXH5TdG/cBU7JwezZ+vNt9a4LL5WHaOwRthMZFBHgNpSbmpGxC7Rx4qKxZVnkERFRI/ll1l99acmcvOvMW53VvaIZNQlllEaF5ddO52C93inSAaGooDjq8a3d05ghhZ5f4VUk4+QFft6ZesO0vlJsfzfH3rDF7gpstU5rdAy/WmP6rxOe3pmspX4ylptxYrP4iu2pk92ZJMdQ7fimFFMCmPmpFqo0inhSZPbjLyfJYjmvct3t12nRGwuWnCwhGJEbLIHCUYyEKysNWuma9ajiumk+migYzVPaAdXzxx6Tdfur5G4TLVHTWSx28sVuJdv4jr6frSq2MMfuWDDU239x0eKwQ2u+BhzdNVz4XfeTnLCJaqqkyctVI0k0nl9vLdcnz7UvMablavsw1SfU+KvhUwrMZC2nTVFBJNKqDXrRjulm+nMLCfhpoa58qca9B5/oj7XM9VT/6MOxPuaGo+0rqf+5O5fNR1QhgqTTVUX8M109R9vUxyaHAbRIrWswJebnfk5UjmfmqwEcg1KTPEAwqwqp10I1Kwx5qR5Hrf0V6dR+kkxg9pxT1x12eoe2VVmbq7sYKil2Y7I3MFVFF2ZicXYKALknj3ReeeS2YKvNm3lq0oLiEmvp8fW/3ffkVFlLT/AEjf5ug89ioEEAg4PSPr3vfXuve/de697917rr3o8DmnXurk/hf8eWTvfB930GO2vi9ubS6D3P3FVbNw+YfOx7KqGWDqXa+cyucy7brwtZRZ3cOXl3HTs1S0oegrKd6eiNPGPaFZnYshIrX+R/yYJr1anQy/zBfgJ17ubGb4+SnxsmxuOyNG9BVbu6U2th698JuGdzr3Nv3rGvk+3pjS6amOsqsNRQ1EK6aqWmkjjjWBnVV4nABqh/l/s/5uvceqCP8AfD/Ef19qQQaEGoPWuve99a697917r3v3Xurd/wCWR1H0l8gMT2Z1z3xsTZ9dtylze1oMB2OZ6/D7/wBq5zeGE3tDTQ01dhs1RZLL7Uo8htulrq2FaKtlp4YpdDIJ9LJXUNI1aUpx888f8nVhw6LF/MG6DzHx8+TG7tuV6QNi91U9HvfbtXSnHGmqqPKPPj8ysSYmixuPhiot24rIwQrFTwpJSxwzKipMnu8RIYoTjy/1fb1o9El9v9a697917r//1dCL3kx0Tde/334/4nj3omgqB/gH8zQD88de62n/AIJ1H/CfPtWHoHpbevxh+Sm/PlTvD/RZstKrY2b35RYXcfaWSx2KpNx5JC++6Whx+Nj3Q005m8MVNFSxtKUWNdPvnt7iTfeo5ci575i3TmWGHkuKa4lRtVivg2RkcKrUi1s7IQqUYyMxGT1Km2Qck3qbbbw6xuLKAw8N2Jk4ijVCgfb1cJ/N+7z/AJEWT+Vkm3/5hXXHyG7R7r6x6z2VsDFZ/q6o3UNhYTbCyZnd+H2s9RgNz7dpZdytHuiWrrHeJ5wtRFcADSIn9mE99rzZdxf2uuEg2OWYsjKbVZJpU8NZXeO5iaQxsulFlQqPFR8Mp6PeZLLl+yvrZN5FJhGKqyStQMKjuXtJHHSOA4kHqvj+Th1f/LG+Rn8yf5y1PWPxrwO+vhztP4vYrePUXXXe+GqNx5bDbhwFLtZ9x5Crm3RX5zI0uTym5KfIxrKs7oKaZAq6QFA/96eY/c7kz299oR7jczXUHMNxu98lyYJ1g1gxyG2V2tvDVwvaoFCcVAJqOiPZ9u2vcd13pNmiElokUJXsIOXVXKq9SDViKHj6jB6sr+Kf8xz4Cdi/yw/nt3psL+XHszq74+dV5vadF2x8daGq2/Dju9Mi8OArVky0WMx9NiEixNNXUYXzRyGp8JST0LYxTzd7bc+7B7nci8pb5zY91zrfxqbK5aW7YwIXmoRJKTMKNrIEJA1YFOPQgsJ9mvdo3bcbOzkTb7cHxFZU1E6VOAO3u4ZPD9nVXX81aP4VdwfycPjT80/j58I+pvi5L3H8qcVt2upNq4PBxbxl2Vtim7cxeRwNfunDUNG0UOertrR1ksUCrpCwgszIw9zJ7HHnfZPfnmfkHeubbu+vrDbJ1bxJrqSDx2W2kj7bhiGI8TSdSk5Pn0Q8wwbXPy5bbraWxjilnTDKqvpqwJ7KihpjNerCe3cD8Rt+fDD+UH1F8du5qv4n/AvcvyRy3YWMyHYeJlqtzb3351uu6+w9nJv6ur8nhmkxu8d97cyFNSiRZq+rrq/HSJCvgCvDacwc2bTzn7vbhu+wneufLaymSZex/BSdobW4ettG0ZSKDwysQACL4zNUnB4NptZ9j5fe3uhDZSSppdgFD6QzBKkih8QMCfOg6NZ/Mb74+GnwO+SH8xL51bl736s3R82d5/ErZXSfx9+OOWo8fVbw2Hlft5nw+dhxNY1dUZAbi3BPR5CWZaaniosfipRqZpG9l3t9LzL7vybD7f7VyzeNyG+53cr3Ih1QNLN4fjSOSPDQWkIliiqzMxuWooIADG42Vts0I3S4uIxMLeOkZdA7hdekqpOoh30kkDKg8QeqIP8AhOfv87Z2x3x2jSbE+EmU7j2Z3DhdxYjur5Z9t5brDsjFtvfZ2SoK/EdcZPD7Pz+SyVFWvjquoy3kqBE0lYgMR1szTX98iEbdufKmzQRbw+xPtZiWC0tnuIFETMIpGjWSOIMq6dOtDXSBXon5AtGv1vSLYNcLLXUWjQjUKsKsjsfhwoIGT1tIPR9a9f7Y2581dndLfyuts/L/AHx2Ruttz90U3Ztfjdk10G44sxTZvKUPesOzH3JlOxdxwyqmQonx0ahZKgGT0Fmw+3Hmq5vNm2zlu8k3+balixbNbSmRRDVov8Sa4MSxqGHcdSjw10qGYFR5ZcvP9ReTrt9GDgV1RgUYVOfDycCg01b1x1rbfzL92bhwH80L+WTuXqjpn4XJ3tX94p21ln+I/cZ3rN3dunNdhbDlXEds9ob129tsU27MycbXU1H95UTwRLknEmhTY5ce1RtL72h95v6wbreQ8vxbFaQfqRzlYf0pG8UW3izMKMFMyxpH3Cma16Ae7wzQb1sEcNqfq2uZDkqC2VAFFRaU7tJNa1rwp1sh/HvuDsLcfyv+UG7Nmz9f/G/pel+WGxcT3Z018g+pEzfdO8O3sz0h1PFurE7O33gO0cnsHb0m5aKLF0uMjpaTJU71gmcFnZ1TGffZ4rDcOWYd1CXW+PtjSRzRlHgS1jnmA1QywOSe2aVhWOqulacehTYbfLeWV2LCHsVlUsTIp1Ppyp8UDFRkDNPn04fNXu/umq+PHZ+4OofkB8W6OPA/HD5Fb37G23V9L5rc+d3tgMDJubDUsnW1Zid/bWi2ZFh6JRgqutn++U51fKqoP2mb2PcrO55o2CzuNglKXO4WcayxmOFVLyRgsV+nIFC2qJI2SsQIZmPd0bS7Fe29tM4TUsQkOXYkhQTlkcFiKHUTiuD18owfQW+lhb/be+4EKhYYVBqAgH7AOsbTxPXftzrXXvfuvde9+691170aHtrnrfWxL8Bsri3/AJfna2HosJBi90YfsfbG2OxNySUyUOWbam4q3Ob92pjsnkJ6WgiODgq6F58ckk85eprKkp6SREhiX9d119oJx8+P+A/l1s+XTtgu9tn9bQ1edym6N45/M7Z0VmByGOzFXT4vH1VNYSR5jDZmjjgnoRAxZWgtISoje6ksVhSpJr1qvRHv5ifQu3sdQbb+RGycPhMDjt3VuMw+68btqjjosJl6/NYyuz2D31Q46ktRYafIU1PJjspBCkVM9dSxVMY8lXKqsrrik0cYicH0PGnXuqpvanrXXvfuvdPm2dvZLdm4cLtnDxJNlM9k6PFUEcjMsbVNbOkERlZVdliVnuxAJCg2B91c0U+vWx1tD/HD45Yron48Dq3MYWLDbx3GcR3BuXIyYugquwlnzmMrKDB7Vkzk1NHHh8bV4KaIRU1OHqIUmmlazVckaNolRWvW+ig/zbYcxvvAbH35kzSR1+FOz9ky0eMgpq9shmspt5cxRKk6/wCXYx6vDEyvBCHpameM2bXGPJUEAhicA9e6Br45/wAmf5Edu0NBnO4s/iPi3iM5jsfldrYjs3be6K7sjdOLy8U0uOzuO2HQUlGuI264p28lTmMhjJlQpJHBLE6yFE+5FnVLaIvnLfh+yuM+hyONeGfUHRlP+GLsX/3k5U/+im//AD79u+Pcf75P7f8AoXrXX//W0IveTHRN14fX36tM1p1sAkgDj1sPf8Jz+laLK/KTs/5Ybqp4V2b8P+pdwbwiyVdG/wBhSb43hjcrhMVUGYDQKjEbOo89Wp9fHLDGxtwTgz9+TnOWx5K5Y9vtqkruu+36s6j4jb2pSTA9WujbIBxJ1JShbqXfZvZIty5mkvr00sbNNTE8BqNDn5JrI9CK9Gl7c7tqv5wX8rj5D5v+DRVfefxL79333XhKOhooYMxL1jnK/cu5sdFVx0VN91kHbqyqyGPZpGkeWq21S3sTzF/Kuzy/dh9+/b6xu5GHK/M20wWkrtVlF4AgkA8xS68GSlKabjyAPQ53B7T3O5G5p3KCFU3zbrlpUpgtboDoFPMmFip/pRg5L9F0/wCE6WVyOH7Q+ZdVjGlWZ/jBU0spiZw5pqnccEcq3VkkZJL2svPI4Iv7Fv3+yibD7UgrX/dyRkefgGhFfImufInoNexcUUu970JWAUWer7dLqSAPWvl9nQzfA3ZXYW0P5Ff80/Y24uqt/UO7t+742qNqYLK7M3FRZzJwVWM2BT09dhsRXUdLXZGKasj8UbwQzF5PSt/UPYG95ua9v3P7133fLvZOY7Cflm3tkN1NHPE8UXhzT1EsgcrGRpYsshUioqM9W5R2m4HInPqzRyRTIjFUKkGTtGAKZ4YI/wAPTL8pcX2VT/yBP5fnSG4tvZLaLTfJx4Hx+6MLW4TJUG48vuLvKlpv4pS11GmVpUNNkw2kxg+IagrXX2ee22/bV/wZvvLzFZ3yXW0JtkswkgdZUkWKCzL+FKhaM5QLUEkGuPPqm67VBF7TcvSyIybo18qFWFCATLSq/wCfqz6l/li/Mjc/V38vr4mduN0HgerfhZ3ls/eWf3psbtXOZbfe52wuYzK5P+GYXMdf02GoshBWZzVSwSSskqwaXJ1XGN28feE5U5a5q95ueNo27dZd75js7m1hhltrfw4JpzApZ5I7ktJF2Mp0qGo5biOhYnJ27bjy3y1sk1qgtrOUTSSrKWDRqHwIyi6CGarGrVr5edp/fmI+au4e2e3M/wBV/Hr4Hb02Rj861Tid4907vrE7VraWmbG0dVLuXFUnV24VWngzVXUUtNSR1jhKbxP6P0+4ZsN65I3Kxmg5m3fmOz3dLeaea2toY/AjXx5Bphc3cRkYk6q+GjE1BZigPQqktr+K4s1h5ftbpCEjSSSQgydhIqBG1FpgVYemK161+/5WW2N2Ltr52vkKf+W2mdxnze3xiM3kfljtXJ7tz8O446WV8tj+qoanG0hj2LT1FNIZpKimp2Z1j1JGWVPeVP3jbyx/d3s2LK45jSzPKNmytYyJE5QmieLqc0lplwC1DwYmvUbcj2xl3bmZJNstnH1koMchKolCRTVgUGqgFa0qfTq+PfG1d1Yr4k9WwbmqP5bFJn6zsqurduY3cvV1TiPjFPtmtxOXzq5fZG0vtI6mt3jVQZGIz5BYNF6yVvKAyh8Pdu5hO67vu6puvM/7qs1+mDJKp3QzGjlZZj2mAEMpQVaqirYHUpnb44IpbWLZLMXEgV2jZz9OKEiqsad5BrxIxinWth/NvqN/0fyF/l7VOy8t8G9obyqO3Sdh1Hwm6/bDYnb26Yt09U0WJ3D2HR1n2n8fq0ybQy0FO9o5IxVDWokuc+/u07htu4cke+A3+y3ufZbfZENxHuEgBeJIbppUj06jG7KtHenaxD0IHUP872d3t1zyoYo7WCc3baGicudRaMgutTgE4AIqOtkzrvF9m7K3J8ity9xYrcnyw7c6r+SPx/3xNtPpDAY3rE5zcW2OqtjbiwFWmF7C35U42LH7Yoo6fI5NqnKQw1B1aY2vaTBCfmSPc7/ka82G4OxWsuybgpN45uGSMTyxS62t4VBrRliRYTp0sC+R1Ls0HiW2+21zapIzvAR9MpFCQpXSpapYnjQilTxp0WrL03fWe+F/yx3P298N+wul947d+Jfyd29WbszG9evd6bRy20d17h3z2JHitt0mz935Gr/i+LlytPV1s81FF9okDhWkQgiRbe/s7z3Q5Dh5P59ttz2u43fbp5I1t54JfEi8GKR2E6IvhrQqqqamurSKnostpbJNo3X95bfNa30VpcomplaMiRnZBVSWDEUrqHGoJr186YfQf6w99448olP4R/g6xF9euYRjbg8+3QhJHXgD1sg/Cr+Rfsj5VfFrqbv3O95by2TmexsZm8nUbdoNsYPJY2hhx+6M3haJ6WpqJ4qqZauhxkcrayCHdgOAPeAXut98Devb33B3/k2y5StLi2sWiXxGkdXYvDHI+qgIqHdlHlQDqZuWva+23zYrPdpd0kjlmDHSFFBRio/aBXoyrf8ACaXY7kGH5S7sA1C4k6+wzki4uAVzcYB0/mx59gmL7+O9NRpeRLfj5Tv/ANA9Gp9mreh/3eN/vH+z0YTa3/CfboTB7Gq9jZLfu79z0+WrHrMxl8hT7Lp8s1UqBaGu23k49nyZ3adbjPGmlYK6ajqozJHVU8yyelYv367yShfkWPWDj/GW+z/fRpj59MN7NqCdO+HT/pB/qz5dKTqT+SO3V3RvYXTUHe+V3B/e7eGM3Vi8+cR/BsfjDiMVlcVQUG4NqUmZnpd2GiXcOSmp5ZqmL7aoqw8aqYxqX2336U8T9TkP9QCuLpgKHz/3H4E/bmvl0w/s87VVN9X/AHio/OhwQccRw/PoOM3/ACFN3ZjG1OLh+ROMigrJ6KSrWfYTTRzU1NP5JYgjbstFNKjMqyD9CsRYjj2dR/fo28geNyHKMeVyvH5Vgr+3po+ztwo/5LUf/OM/5+hdqf5MO9sv0bvDorc/c+Izm3s5tWPCbayM21GGQ25kcdV0eY21mi1RuCcVf8KytGpdYzE01JLJGGXXf2t/4N/ZnKrLyNcriuLmMcftgPTDe0V6n/LZj0/80z/n6ruf/hMP3Nz4flF1+/8ATX13nY/9vo3VPb2qT762wNWvJ90PsuR/Oo6TP7UX60/3axH/AGjf5+osn/CYXvoAmH5L9YycgWk2TueL6/8ABMrOfaiL76PLjVV+VLuvykiP/Hj/AIOm5PazcARo3CMj/St/n6Mz8QP+E+3Z/wAdu4F7X312V1t2Q+3ttZgbFw9Bhtx0EVBvuqloY8ZmM194dM+GixYraaZIiZ1+6EkREkasF0H3yuUiQZeWb6leAaD9vH/AR9vTLe2G5Lj94RBvmrdHo7f+GPbcm7sPvLc279vZ7cmdpQu4aNaJsachXmaomlTHSQ01LR0uFo/t6NaVWAnUUzfl2aQVbH97Hkbd5Skmybnbxrxekcgr5VRZNVKVrQE/Lotvfb3c7NFf6uB2Pllf556YsV8Ido7W3JszfPYm1sJuiiw2J2f2RuKg3jRZobP2hvnYu3s7hU3LRZDB5TEGsn2pR7gWahgZanzVtOUWSOJEqJph5Q5+5c9wRfLyzuazi3IMo0MjR6ydIZWAOaf6h0Ftw2fcNq8I3kBVJK6WBBB00r8/P06Q+3e0N2/Jr5F75pNuUOSrdk9b5TD1+5czFPHDuHuHP7i3L9vQYOpyLx5fJU+06LHU9TlshCk8bvh8XJTI7T1UMUowvP8AFY4UjqHY0rTgPOnp+XRb0a/+/W0P+fFb2/8AOXaP/RvtN4Q/5TH/AJ9a/b1//9fQm444H0H4H5A95O6R6dFFB12PqPp9R+B/xT37SOIGevUrjrYQo/5rnxe6i/lc76+HHxo6Ez3XXfvd+xdj7U7s7LgSmpdu5/MQYalwvYm7FqKjPZbLz5DLYaKpoaSOGKlgBr5JyqNcNgk33cfcrmf39i5+595mjvOSrLcZJ7NJHLyRRLM1xbwJEItIXxWq7MxqAFbGOpVt+cNk2vlG723aLZ494uIRHIQKKQwKu5PEtpwo8q1GeiafynP5hdF/Lu+SFb2JvLaGU7G6c39tDJbF7X6/xNVQQVmYxkp+9wGXo4copxtZW4HKx6WhlKCahqqmIMC4vKf3pPYRvffkC22bZ79LPmvbr6O7sp31AB0FGQugLIHGlg4BIeND+Hok5D5tHK263Et0rNtlzC0UoUKxCsQQwRioYqQcEgUbzwOl6n8zHCfFn5a94d0/y3eq9m9O9T9o7U2XtHA9fb+27XbgO2cVg6HC1+aWKCbdmQlavyW7sfLUNUS1U+uNwFWMHSoZj+7pu/un7W8o8q+/3Ml7dc17beXE7XFvMAGaR28JQxiHYItAKrGqgoAfiJYyTnSw5Y5m3DceS7JTtksCRgTKQcBCzFVY0JYHg1OPVqnVv/CnbtFfjF3TRdz4+nrfls1fA3xxzmyOusND1Pt6hSLHVGQfsenym6Jc1lKnJ1pqY0FKIxTwojAl2NoE3r7gdltfNXKm2cmXDn23Yn94vNcf44usuji3C2+kgRhGXXWrs1c9H0PuvcXFruVxe28CbkQBFGkTeG1BguxmFKHy05xXzHVOfzc/m/8AzG+fmxNrdc975br+DbW0d60+/wDGpsLZ52xkJty0ONyGKxlVWZJ8nkaow42mylQYo4mjHkkDEkqtsqfab7rXt17RcwXXMmxy3c19PatA6zOrJoYqzAKkca5KrqNDUCnmegbzHz1uvMdlFt1xFFHAsoeqAglgCAck0pUnB4niegS+Gvy1zXR/y0+PXdfbu8u095dd9X9w7K7E3ttyl3Rl85kNw4na+dpc1V0FPjs1m6fGZCsq3pQEWpkWIvYubA+xL7n+0Wy8xcg81bHynsG22/MVzaPHBKYo10SMwzrCllqparDIwRkDoq2nmLcLPcLSa53O5NordwDscUyKVoR6jz6Xf8xD5w13yo+Z/fPyF6d3P2vsPrztbc1Bn8FtTI7oyWHyGKij2/hMdWU9bQYHN1GKheTJ46SW0LlW1ByAxPsn9l/Ziw5R9udl2DnXlvbJ+Y4ZLlpHCLPVZrqeeNfFkjV20xyqhBVaFeFel/NHNNzue8zXe2X1xHY6Igi62WhSNUJoDQVYEj7ehd/l7fIj+Wd1VtTfNZ89fjJvD5E9qVnZWM3XsTdGNymXaKhwUeNhlytDuWP++uCo85JWbkh+5KVNPUGcSSiVyr6fYG+8D7b+/nM247Lb+y3NtvtPLKba0FxDqSI6yzBXif6aZkPhHRVWGmgYLqAPS3lDc+UbdLuTmy1kmujKGRqFqjJbVn+LOa1JzgdH3zP/AAoWyWa+f2O7tzXVKbo+HOF63rumcR8f9y4PZOaqsftetkoco2/8XisnQVm2cVvlNw4un0RQssa4aP7ASKrEiCdm+4LHtnsVufLEO9GD3YnvkvPro5ZUo0SlEtDKp8VoSjTF2p3zSLIw1KtBPfe5ljecz28z7eW5VihMQiIBJB4y6NQGuoA01A01p0WLsj5h/wArDF/Kr4dd2fGr4j7q6z2R1F23kuw++9v5KevylfvqmgrcDlNnrtqmyG+crQ0c+28rSVdRDAjUcCzNFqLRqEEi8t+0H3lLj2692uUufedoLjcdy2qO125klA8EkSLOrOlshKyowRi2o6dVTViSUbnu3Ia7vsF7stpOII7kvPqTSdNVI0jUwJXJGfLqyrbn8/n4e7ly3ymyPeHVHyFzVD313ZRdgYbH7L3M+1srQbd2t1V1z17tyLLbq2zvXbOepqyvrdnVFRU0lJUfbinlSJ2lDOnuAty+5P7x2U/JF1y3e7H4u2bPLbuJSXHiy3F1M2lJLd43VUnRAWUksteI6HVt7n8rf7u4pReRQzTxmMxqNXhxoAM60KkuK4bhjh0x9gfzzvgPieg/kB170J0F8kMTvruTprfHVkFd2F2luzee3aVt2YWtxVNViDeXZ2748EtJLW+Weajp1qJ44/HcqxUnmzfdC95brmnkrcOZrnZVsbDcobhngEcUg8KRZD/Y2kZYNppodwmfWnSW69xuWltdzFvd7hLNJA6qkijRqKkKT+o/w19Pz61ITxx+BwP9Ye+qACj4FovkPl5dQAOGePXIW+tv8fr7Uwwl61NT5H0+fWiaDj19HH+Xrteu2h8EfiVgqSOOOSl6X2BkMgrmOMq2fwgz1UQsmpmaSvyPq08gE88++CHvduCbp7ye6F8amP8AfE6KPOkchiFP9KqKPyz1mPylA1typy9EB3G1Qn/bLX/CejgLJuNYQFipS/jprn0tI00kzCpYAMERYIraeGuOfrwI6RbUs1GOmvnw4evR7SSlAor9uf2dCNt6lFdlKGjFNLXGVpGioIY5J6jIzw0809PQRxRETTy188SxaEIkcvZfUR7MeXrZbzdLKF7V5zVmESaS0jIrOsahioJZgAFrVuC9xHSDeZ5LTbbuVKBwtKnAUMQC1fLSCTXyIr5dPM9PNRUtZSZiKrTOUj7ZmnkqEyEUNFX5DE10e5tqEZDEYeOHI4LK4xZZ6WlWeloWn8cchVh7yO97+WbXaNr2a8TbIbY/phSihGqVcSRMoJBp2sTU6WHkJAOiHar8XO4H6ST/ABFkkqOBYK6GJznIILBXJLNQ6lFNRDjO9gUu2slPj6nanYGUSCigrv4ntzaNbncXKs/3GqjgqaKRpJMhD4PXEI9Q8iWvfiCNu2qS+jWQbhaodRFJJFRhQCho2Cp1cfl9vR1cXRhk8I28zYrVVJH2VpxHUzEdobey2649nR4/edJmZo6ySKTLbH3LicM60kNVPOEzlbjosSG8dG2lfKCxKKoJdQTG42XcIdvfdZWt3tUpqCTRs9S2lQF40rk4wOkybhFJIsPhyhjWlUIAIHAk4zwx59LPdOem2xtPc246XGVecyGGwdbV4jA4+KnmyO4c+4Wi27t/HwVVbjYKmtzmfq6aljiM8bSNLpS7lVY35L2VOYeY9u2yZ0S1ZtUpYVURp3PXTRu4doIIoSOke837bdts90q1lHaop+J+1T/tT3H5A1x1NxeSqMztXCZiZ8SlbXYbGV+XGAyNVksLS5aOnRdxUGIyNZRY2vraTHZuGppENRT004MJWWOORWUKeYtpg2XmPdNrtw3gRykJrFGKMA6H5gowofPj01td3Jf7ba3UpHjFaNQ41LUNw+f7OlLjp/JAgGo+L9h2a3qcBWYjSNNvX+Pp9PZQygMKjPSnJzx6L53cSdxbST/CU/7zJ+P9j7HfKSqba+1KCCRx6DW/V1W4HEnh0Uf5ib47Cw+P646/2fsuj3jt/e+390V++Y5qzI0ldTYzCZLb1LTRYxaIRUtRXTnMzSwQ1s8NHPU00ccgkDeNs7fue2ySN7jTMQFQWYqf+og0Fflx6ifn0duz485D/JAf2YHSU+N/WmJ6q+PvW5pNsHaua3TQ5rsrf9NLiDDWQZHO7hy2M2ngkT76oqqeLGUeNgqarya52qaaP1lAU95RXRNze3TLkV8OPOBpUFm/aadR7Q0rTHQff3mx/wDzsMr/AOe7K/8AXn2x9Lff8o5/n1vr/9DQr8Te8rv3dN6dFFeuzCw/x97/AHdN6daDq2VOOuvE39Pev3dP6db694m/p79+7p/Tr3XvE3v37vm9Ovde8Te/fu+b06912ISeAefzfj24Nrmp1rUpwDnroofwT/j9fe/3VMfhjHVS8fr134mtewt7c/dt1/voda8RP4s9e0H/AFJ/249+/d11/vkdV8Trrxt/qfdhtlyRmMV634nXfib62HvR26etPDFeveKPTrxjIF7fm3v37vmHGMV614vy646T/T3VrCUf6GOt+IOuXjb+nuv0c3++h051mjgdwdKk2/opN7+zi120hGqvaFNfspnpM8o7cZ6+kz11us9X7S+OnTlNgoshkanpXbZNTUZcYmmxsW2aDYu1o6d0XGZKWpqMhldwxogAQII2JPv57rXlC99zudOeLiy3GKCZtxuJAZAxVjLNIQKgE1qacK4Hn1079vPa+Tf/AG33fnBt1MFptMtlbeEIvEeZp7ae4YqTJGq+FFbMSDqLl0VQMnpU4fvSiyrZuano5mXD1+ToZcRDHQVeTiTD7OxW+slk1eXL4xKjFUW3sokkjFYpRIGTRdQWXN7LcxKsphvLGV4yagSOjUWNZS1Hj4eGwIJxXofbl7EX+2HZLdpR4l3BHIs51xxN4t3JZRxn9OSsslxG4VVcAqA2rj0tcb28aepy8rY/IUMmzd0ZPbOdq1pPtZMNufbdFR53J0cctNl69nqcZj6uKbyRakJVtDNobTRPaTnywuPqrOzIuradl1RTRlklioaqarkHgfIgcegzeez1867ZEs0Uh3KwjurdPExJbzM8UbnVGpAeVGUAgEClc9LOo+Rce88Xhs7ufM1FbQy4ynyGFyVdTbmix8uJzUNN/DqylmqttUuPigr/ALYeKUBHkYepmNlU05o2z3S5jhs5eZIL268NDodlDDQ+BTQzLUkVZgKlq1p0GJvYrddi3bc7PbtvJvYp3hmQGEyJJAT4kZCys2pBQkBaUqMFT1OxvZe164VbUuSxtQKCeeirGp85hdVJkaUKanH1aVFdSy0ldTsyB45VR0ZxqAv7Abctb1blxJttwug0NYpKD7WVWFf6Jz+zpLe+3PNFqsLy7dMiyqJE1ROA0TYSRGUMHRiGAZaBqVAwelvidz4XJwxGkzOMkaYFlpVy2NmnsjEXMVNW1Cm9rggngj2jNtNE+mS2OoUNQjkj5iqrQ/PJ6C24bBvW3ySw3O33ACmmrwJAp/2xWi/nTrNu+j3vktl7xoOtsrT4PfdZtfMwbYy9VS1VXFQV8lIxeVBRVNLPS1s1EJYqSqDFaKrkiqGV1jKkde3jWI5y2QbjaPNbtJpooqwJGHI81X4pAcaAT5dAbmHxl2e+MLqsgXOrgRXKj+kfKmcHp6kXJ4/EUWGz2aq9152nxFNistueajgoJ9w5WhpIaStzcmOox9tj/wCKVqmXwR3ESuFLOQzljerqK+5i3S7gthbw+MwWIk9oQkUANSKkE0rQV0qFUAde26B7Tb7KB3Dnwx3DFQe7y9NVK8TSp6UlFEIKZIg5k0jV5Da7eQl7m3HANh/gPZaW1OxI8+l2nSpAPRZ++pZ0z+AalBaoioaiSBFKAySgqUjBkSRAZGbTcqQL/T2Mtglli2ndZIBWYCqj1PkPz4dB3ckjlvtvSX+yqa/YeP7BnpCbwpcidybBz0s246ifGdc5mipNuYnGg4qr3RuLNUlNQ53c24qqqxW3qLG7Mp6KoqxRyNJJkX9HgeHyK2fH3MIL3cdi54RgEllns/EYkVXsnJUDjngCft6hf3Oura0vNoRW/SpNp+YJhof8vRd8/vmlyWQ3TjK7e79mPTVef3B2FvPeFfBtbZW3oayqpCiUeJxbTUFVRYapSojxFI9RWmHx8gSTP7zX/cK2wGqEIxWiqMnzqan1wT1HcdyJamM1TopP+zv/AB1/58PvX/zn21/179t/ua6/32/7B1bxD/D1/9HRr/uwR9Y2H+3tz/t/eev0Q9B1Gp3xeAk65f3ZP10H/Y8f8R799EPTqn77pwfrkNsH/jlcf7D376IenXv356uf59c/7rD8xj/bt/xBt739CPTrR32n4z1yG1lP9gf7AN/xUe7CzUDI6od/YcGx1kG1UFvQf9tx/vfu/wBEDnSP2dNnfnP4uso2rH/qDf8AwUf8V9++iH8P8uqHf2z3dchtSP8A45H/AJJHv30I9P5dVO/ueD9ZRtVP+OZ/5IHu30Q9P5dNnfnGC/8APrkNqxk28JP/ACAB/wAQPfvoQSBTrx35x+MdZRtKO3MRv/go4/1vbosKD4emzv8AIThxTrzbUjAJ8Rv/AMFBH+2596NgFOorjry77JXMgp1Bk2snP7f9fogHHP8AT201mMkr0qXfmONQ6bZttAX0x8C/9bnmw+ntk2Qrw6WR73WlWz1DOAYHlGt/vv8AH3T6Qfw9KRu9fx56G7ozaFPmOz+vMNPR09VHm947fwX29TSzVcDS5+vhxFM709PWUEkhgqaxHB8tkZQzJIoMTlPNMy7TylzJuZJVLXbbmcnyAiiZz/gr9gPTNnevdbtYQBqmSZEA8yWdFoPtr19HSs2TtTJz4rIVmFochV4Sip8Ti80n3EVXTUlHWY/JLBR5CmelqEply2Kp6pYyRpngicqHQEfMtYb/AL/sc8s+3bhPbyOwJZKoGoa6gWXjXh58MddP9k5u5g2Hbptp2bd5ItskZHkhFGRnWJoQzIwZNYikkjD6dQV3UMFZgSibnrqHae/954/G7d2tTYinyGVrJ5o+ycrit05asr9tbToZRLhs9JkcbXVWZYZCkk0i32tDToI3Exb3NHLvNHM42u1v/wCst19XMgaQG3jkjJ1GM630lj+iEUjGCcDzNLn319wlEG0X11aXW3WqRpErxxLII4iXREKoh0pI8jqdanVmuTRvOUxeNxWcoKTF9xZzHZ/IV24dw7doMltffVFVbqruv6HZSVKv/D6F58vjMLko6anK1iwrWUDSvqjX90SWnN/N8Zube83nbHgmYyF5opELFleLxGo6gUUahQfwE5r0Im+8vvRuNl3W/wCSrJ76wsorSGa28SAx28Vyt8YdIkkjdHuJJPErGGZS6gqaOHbY/aXXm1KXCbawsO69r1W0sPS7Nlr96dd5aSmzODoslufJ0k9bR0+51mXJpk9nHKpWpTo9PUJTmCFYlkAFNrztzJtNrtzWuzbZNphVKJdyYJZSEYHWjHxZVNQcHWAaKKo95+8LFzfuXMs/NWyXancL57oiB1QQyyB0ZQWhZ3hERliMTODIklJHLEt1P2Dkdpw4je+GwW+9qRUmR3HvncVTC+Rzuymw9TLt+llFEkWQ2zk6WWhwNJNiBNKap5JYPuWjGtkELye4N9tsNzb3fKl4i3EzMpjlR1GrUqBcK3xIMkkU8yT0Ot0+8HyHzLu2w7tdw3EF3YWNvbFp4I52cQt4k0hKzxBTK0lxIECBQwtkYsqTGVYZvpTsyv6EoevKehxmW3BS4XrrHU+QospQxY6pg21ujsLMV1RS1Vbk8fLTRVW3tzYinQvSM8pxYFoyfI5RN7q8u3PL52ud7iO+SOOMa4hprHJMzBmBLf6IuaVNDXgOpM2T3w9rx7szc9G4nh2aS53Ccq6EyN9VaWUUK0WN0r9Rbzy6fGov1DEljQKZTvzGYjI/H/tDEZzeg67wz7SoYcpvJ8RX59MTjaXO4N5qdcPiaqkylbNmpYoqGIQPrD1ABGksygj2nmU86wBLV5Z3ilChWC0xqJNfKgoCMq1GoaUPPXnnU+3X82tVRp9efRmoB9vd0LtTjxhMVjMEJnqv4FjcXgBkJ6RKOeoqsDjKbFJkXoIZXhoZKuSjMrU6yMkeoxgmwPsP77dxX/Me73kUBjV7iSq1rQhiDT0FR09YxPBtVnBJIGZY1FQKYoCK/OhHShxcnko6U8giPxupNyjxko0Z4H6GW3ssYESfb0rTKAenRZu9mJ3Pg0AL6KNmZQ4j1IJaNnHkJUKugm5JsB9ePY32NtOx7o4HwlSc0xq9RwoAeg9uAIv7IVoc+VePAU868Pz6Jb85e1cttnD9YdZ4vco2tJuTbFVmsktK4GYy9F/FWx9RRQ10kkdLjsXRw0MzVNUZInUyIFYqWU9NfuE7YJuUef76VAJxeWiZNaDwHbj5k8c+vWKvv5uzWW+cuwLIChgnatKDMkYGPIYp0Dnxp6jbs3Z2WTLVNDjOsU3fLUrUVsmMpsZueXbdLW1Nbu/eeXmhpo32LsDb8FbMsWiOipBMkssk0odkzF32ZbedTCQJQgqwGphqIVUXyDyMVVa5FeHQD2TcHnhDluyvHyxxP2Liv24r0jv9nC/lNf8AeYND/wCkvbV/+xf2R+DzF/0ZB/2UN/0B0Ivr4P8Af4/Yf83X/9LUJXZUukeim5A/3YgP0H9PfSdLBSikoCesSJOYkR2H6lK+h67OyZfzFT/9TE97FgKH9Pqn9ZUXGqTrw2TKT/mqf/YSJ78LAUNY89b/AKzJ/HJ/q/Lrl/cmccCKD/ktPext60zGP29a/rPGcFn/AGf7HXY2TOSP2ob/APB0/wB64v7uNtBGIh+3/Z6r/WSIcS/7Osg2VV/iGI24/Wn4/wBja3vX0AGNP8+vf1lhOKv+z/Y65rsmsvxFH/iNcfH+xJ97FhXgg/b1Q8wxfxH+fXL+5Fb/AMcE/wCpkf8A0d7t+7j/AAfz63+/0Hn1nGx608/bixNhZ47D/X591NjTGn+fTX9YEPma9ZV2HXk8U/8AyfGP+J9++i9Fz9vXjv6nJ65jYORJsKX/AG8kf/R3u/0j+n8+vfv9D6V65jr/ACZv/ki/7BkH1/5C96NkfNf59e/fy+h6xP17k/oKJif9dDf/AIqD7qdvB4p/P/Z6uvMAB406bZuucgb3oWHJv6V4/r9CPpb3RttrwWn59KE5mC8XPTXUdaZWKVopaCeKRDpZHTSyn68qRwCpBH9Qfab91OeGel45riXBPdTox3xK2GKb5G9FVeaQY7C47tfYuUyuSqwI6WjoMVnqPJTzzyN6VRRSgA/1I9xj75W+4RezHumm1Wjy3z7DeRxomWLywvCAvzpIT+Xr0IuRd+tLrnrlJbm5VLf94wFieACyoxJ/IHrdukbr7dO1p8f1bnsZt7sFKKtzHXGUwIqpKyr3HRUdJW4bZ278Xj5p3yvXu5oqOOmaBoXeB5vIgKKTH86p5a5tgij2zmPYLtJxqZGeF6MAO5GBUAPQHwmXOvjgddNjuW0ylbzatxikjFAw1AUrwZTXIBPcpFSowehKnqH3HtSWlkOPos1ksBJTVVE9StamDyeQxrQVcYaKWCqljxNXOwDxNFI6x3RlYg+wLaq23boplLiGKRfiIBoGBIoxArTyPQgYia10agda+WVqfP8A4voA5/jtuZlxVbLU4GShozLTzZOkXH09Xk8pDHSU8CSPn9s7grJ/4jE0iVNT9x5g8xUNqkv7kq35ohSzuLtbeYBpfhYgUDFiT2SL2qdJAAyAMHNQ1JtrSSwx+IoNAKroDEjhxAORg5GD1A291b2dUy7vqsbT5HOw7frc9R0y42gyVRSY+rmrI8XD+5t7eWNwWckpYXrPvqWnpmahnhjL+uQwoLRdbe1ltTwVe8cAyKa9ihANTePCxq3kQ7Z7qjFCdkuHmuxcAqgJoa/E2QfhJGATWnrjoRdo9KjMbdo8nltyZbG7jyOLrKTP46u2vtDJUkD1L1GLyFC+N3Ft6qzdPS1aUaq8NRVNKGgUah47ANbnzJPte4TWK2KG3jcGOjuCAtDGweM6CVYsaBQpJJpTo1ttuiuYVuVuGMtAGFFp6HiKkEdGwpVEccUSgBIo0iUAAACJQEso4UBRwPoPYKEpZmbUdR9ST/h/wnJ6PNKoqhVFB8sV9acK/PoIPkpWdb03SW717aqd6UuxKifBtmG2DPi6fcdQcZVy7gpKKH+MxyY2upqisw0Zajf1VEkcem5TS0v+zkV3Jv1/LZLbfVJBRDNrprkJUZjBcLp1sxH8Ir5VBfOskAsbUXTyCIyEnTTgqk59aEAjoecvIHopDNUiqnqYaJ2rHiig+7ramOnmmq1p0rcpDF5Z2eUItTUqo+kkgAYhXeVtk5j3dbJGFqLqSgJqacWrwp+pqp/R09GtiZG22zab4jGufIig0/nSlfKvXLAFxDOA+uETK8LF/Ixd11T3Y/VQ1gP9j7L5iNSECh6Ux/Cei297qtTuugpS6IJ8XLSs7v40T7taKAu73GlVEt78H2LNtjM3Lm9W+rSJV0V/02oH9gNeiK/l8HdbGYLqeOjgepU6gPzI6p9/mK7V3h2n8z/iz1dt2t/h9PW/H3KZaSrSKrqYcXQS7u3g+bz2QpqCCavymPwtJiVqWpY0kkqFhZY42l0e+rH3E3jsvbHn6/aIsW3aIaRxJW1jCAfmxH2Mfl1hp94YpJzjy9CzgD6JqH5eMSf5Ka/Z0Wr+Z78x6Xqnp/IfCH4/1sx3FvfD4KL5Gb3o6TH4uvwG1lxtJWU/R6R4GsrMZSbrz1bM1dvh6WQIal2ozd5akJlxt2y325XS7repSCJpNKgUDSFiC9PMKuIi1SoocNnqM/33t9gDbxMvikAMK4C+VB6ni3qaeh61p/7tV3/Ksf8AqW3sU/Tzf8o/Xv3/AGP8S/t6/9PSK/v7UgW+6n+g/wB2vb6fize+gC7nIoAEp6h9uVYGYsbVK/Z1lHYFQP8AlMn/AOpj/wDEn3b96yf79PTZ5Sgb/iMlfs6yL2DUD/lMmPN/883/ABB9+O6uOMpp1Q8oxg0+mT9nRgeoeofkH3xjMvneq9g5/cW29v1MdFnt4VuUwW0tk4nITKssOJqt57zzG39sDNTQOJFolqmqzGQ/j0er2AOdven299uFtv67c321hNPmON21TOoqGdYIw87oCQDIsZRCO4nUNIu5P9kOcfcK9fa+RuSr7dtyVNTR2lvLcMorQM/hIwjU8AZCoPkfLrh251h3t0LHgqntnYe4Np4nc33C7b3MK3E7j2buKek5q6PB702rk87tTJZCjQqZ6aOsNTArAvGoKkv8ke8vIvuNa3dzyPzXa7ituaSpG9JYqglfFgfTNGJKExM8arIA2k1FOkvOXsrzbyDuI2bnTlC92rdyoYQ3VvLA5X+MCRF1L801DhU56B+Tfs1JJ45ap7lA/EzEWJI+txyCpBHsY7dzRBuVv9REGVdRHd8vPoJ3PI4t3EfhITSuB/LrmnZIU81UpP8Ay2J/3i/s0XdwMh+kL8lgjtgH7Opq9nKo/wCBMlv+WrH/AHkk292/fH9PpO/JLtTVbg/l1KXtOO9vuZf6/wCecf8AEjn24m7Ag1bpOeRZKdkAA6zL2rEP+UuQED6iZvx+eWsfd/3svGvTR5FmIzCD1kHbCX4q5rj/AJuHn/k7j3b99KOJx1T+oT/74HWYdtD81k/+wkb/AHn9z3799xfxf4eq/wBQpP8AfXXMduKB/wADKj683lcf7yJD71+/I/4uqHkKWv8AZDrl/pbVgR99KByCDK/I/wBfVfn3v99ofhOetf1Cl4+EOptd3TNk6xq7IZOapq5IqWCSdnAZoqKkgoKVTo0peKkpkS/1Om5ubn3pd5iRdIJ01/n1ZuRrhzVohgdHQ+EEmS7j7aqMfR5OajwHXm1ch2fvPIxwtV1NLtzAZHD4iKjoYhrUZDN7i3BQUMMsgaKnNQZnV1j8bB7nHfIG5Y3m2CFmnhKeVKNxr+XV9p5H3GDc7K6UgJHIGIPnTI/zfn1sb9T5TcPUe76zcG6dnjF7nwOxqft3qzYNXj62r3rWUeM3C38Lzu5KyLJS5LVWY3G1GQo6OnosRUzinVyiRyxRyYjScsW09GEKSUOKioB+QPn8+pX/AHnf7e9XV0ABppJGPnQ+Xyz0es999X9r9hrUbN2Z10MTvjB7a3TWbmpeyes8fvF915qmx+fylXV7B3xu3aW4XhmoZ0jpnmENK1PAFc08hmZ405g9v+Try/mg3PluylMGABCut2apJJUKQFx3Vqa9DPZ+ad7jtInstzuAsuSdZIULwFCeLZp5Y6TfdfdW1+qcdJDL8oOma6nwUNfU5HrBN9bQg3VFkaXNbaxEONG26OrdKLL4/cGagSakqo56hYmlqPE0FLM5ANx7Fe3d+BHPtc9pUg1jnkC1PlRi2Plw8uHQpi9wOZbddcN6JWHEMvd+0U/4rpl6R753n8iMbulfjphtnVuxcVksxR1822MrjoMtgctjahvJipDFBR1VRjJxgIqhKihmqUyWoteSQuyhbmD7qO2XTK2yczTQk/gMaMhqKUrGysB6hlyeJ6NNs937q3jaO+2tJKejUINa1Na5PQnbNyee2vWb53Z2BlduU1RsXYe4tz5pdo5Sjym390VsOTwj5LGUUVfmK/cNDuSixpnq66ClNVQzzUxqUP8AnH9xfvX3Vea7K1ubew3S1uYiQUDaoXDDhQMlPhqMMR8uhVYe7+zyzRTXtpLEQKNTuFDiuKeZGehHwfyF2PksfBlZlyGNx9TJ4oauuglpIZJ1Cl4Y2rYqPySJrGoLe3+w9xNf+xXuVtpcycvyuPVdDD8tLk/mQK+g4dDK29wuVLpVCbrGp/p9vQg/3x6v3viarDZc7X3RhMkix1uF3Hi6DN4yqQBtJkpquGshjmRZGCyxlJkDNpZbn2H7C1555OvZJ7W0ubS5IAbVCwBUGtKyIBT/AEvrx4dGs8vL+/W4jku4ZohUgq9eII/1fZ0sJJqbLun2uQxFVTLJqiolmjiMUIWFUp6ciTyRKiRlVJuVU259k3jzNNcTXUbG6kdncjzZyWZj8yT0rRYxCkMcy+GoAA9AABQfs6V+NgempYkfS0liZWjFkLs39n/aVUBR/gPetSuwAJ/Pj1ZVK0B4k9Fv7PYS9k4pCoIjoVNiAebUVjzcXBH+8e5K5UVTtNxqUElxUH7OgjzAzLdQsCQdJ6qO/mf/ACC290D2ZQZzbOHyD9657ozbuzMVvmuqIziuvOvKvd27c5XvtDExMJKnfO6M1L45shVlocfQ0ipBE8tRK8fVv7je0Pde2++3huAm3/v6YmNeMki29ppLcf00HACh1VqaY6wu+8Rfw2/Mu2RCIm9O3KAx4KrSzVK/MnBrXHl1rT7k35iMu9bU1yST1VZUVFVV1c956qpqqiZp56qpqZmkmnqZ5nLySMS7sSSST7ztaaJBpb4QcAeX2dY3JaXc1AsJZya1rk9Bx/efbX+pb/bf8a9t/V238J6W/uPdf98n9vX/1NC1XZxyCLXHPvLixv554SZFII9eiKWnbQ165XH+I/23tT9Y/wDAeteEfXoX+geqq3u/ujrXqihq5McN7brxuJyeXSOOY4HbiM9fuvcbRSMqSx7c2xR1lcyk+pacj2FOeudrfkfk/mPmy+zbWFpJMV83KKWWMce6QgIuDlhUEdHvK/LW582czcu8qbPHr3fdL6C0gX1muZUgjB+Rd1qfIZr1u7/ydPiz8cPmL3tuLa/buB+36J+PmwsQepOgqbNVuLxMeKyucfG0tVm6vDVONyOdqaNaQVOfrAyVWczWQWpq5GDGN+K3MnO+vnjYtw9wt1Ml7vt5L9VcyE0DxKhMERNdCAMwgt66UgjqvcGLfQP95iTdfuCfdt9s/b77vVvFt+9bncGK/wB5EUbXUssMCSySFmRl8a5ldihcOtvFA0MaDDB1/nM/EX4u/FntfZ+xutsLVUXx9+Se1M7Rdu9MJlKrO47CPt3MYukouxditn58nWbe3XimywrcJUF3NJksbJGrmjqKmmZvkr3Pfb/cbmbcPb2/H1HL9zA0Mi8JRMHka0n00Dxukaq0ba6CVZlKSIpAV+7/AGW/f3gf3c/dHkD3z8Lcec9lnhG0b08SR3EFzcwzPGHljVFbRJCqzBQFnguBFKNSRuNLSs+OGaxu+vkdsTc26sfiM98eG3dSV/3VDVzxborNpZqtxDR0Tx1CmgpcilCZ4piJgEkQ6WUlh2k2rnm03HYeWd42q3DWm6W8U0YXh4csSyqzeh0OCR5GoHkOuC95tt5t24bltu4po3G0mkhlU/hkicxyLXz0urCvnTrnvb44rs/K5nCwb8xW463G9YN2bSthcbLVU+Rp6Xcp27lcBFNFkZGGTxCxy1U7xpNGsMEh/sXJjbc0zzRRT6GWJp/CoR8OCwY/0SAOHmQOkLw0amqppXpurfjzkaGq3JTVG4FI2suwpK6WPFPJFNBv+WohpquKQZFYzS4OWArXFGkeEhwVDRSqml5vPhxSNG2mRXIrg9gqRn14CnW2jNQtehAzPw8yuIoOxKgdg7cqq/YWX2zgY8Y9PLS/3hym5ItvNopMn/EKjF0NHi23CpnnkkePxRs4IW+lJ/XJ1ltI1tGCSrI1atRRGWBqPVgtV+TCvVjaBdVWFQepTfDLKw5DdmKqOxMFFV7W7UwnWj2w2YqIar+O1u0KWHLyT0klQtC0Cbr5pyJA01JLCJg2k+/Nzu8n08iW7GN4TJkkMtAxpp8yQuPUmnXjaAV1tkGn+r9vULb3xFq89XwU8nYeEoYJu0J+t2UY81lZSPDtSi3aMxXwjNU9NBA1HW+EqJ2jE8T2mMemRrz87SRKV8B2PgrJ/vVdIxmuD1pLRWyGHGnSEzvx3yWKr/4bT7ko6if+/eU2T5KygqcTQ68dRVVX9+cpVVL4xCxoJtUTzKBEA8bzaahYE687ThRJJaTLB4IkJA1UqOFK6yQOOP5dW+jXVTUK9Alvnbsuyt6bp2g9Yte+2c9k8G9asD0q1hxtVJSmpWB5pngWcx6gpZioPJ9nm373dX1vDcByNQrRgQfz9D8umngVWYdJYy2+pt+Abk/7f/D2ZSbq8Q1SSUr8if8AB1Twj5HHXtbkcNe35PF/9YW/HtM24XMyh4rrsrxJp/h6uIkzUdHi/l6fLrC/Db5F4vs7eWxJO0Otc/tzMdfdo7KosrPgc9X7N3BU43INldo5qOWnGN3ftbPYShymPMjLBPNSfbzMsUzuqW+luN1t3tobukx4ChoRUE1/ZT8+rwhYpA1MdbBW4Pnv/L5wYoe1Ov8A5Z7wzlJgNi7j2ptnpvPdMbzTuCpORrtwVmCgzG4anG1fXxyOOizlVRzVlTk5aT7Sq/RIw4L49nugR/i51efn/vI4/lxr03cxWlwr6lz1UzuX5KbX7l3NlM5mdpaoqqDH4jb9J43yD7a25g6SHG7ew1JlcpPLVStjsbSRo87N5JpjJKWDOT7NLfYYpFPiWJ8XiT4WC3qSfl1He8WT2ZaS3vAkYyAXIIHyA8uhh2dkNoVDQVuI2zi6LIMscNYZqXH1f37MrvLU1ay086GVpp3YFlexvp0FiTa65MhuBU2Sf7wAf2joPQ8zTwSeH47Ef6cn+R6tE+OG+t9bbjikw9PtVKVJmqKGH+A0kcVDNNcPWQU9E8FEs7XvraJiDf2RXHINuS1IXRvVCV/nx6EFpzHORTxFb/TAN+wdG43P2xvDJoXmmoMSraZJqTbtBQ4rGrUkajIaCgjhgjdyxu4TU97MT7QtyWUJBMj/AOmNelx3kvTCr9goD+XQLZHfVa9SJa2vmmkYcSyzNIALn0qzsxQXbkceyyflHQT+ifXrw3kHFeHTbWb5kelVUqhcVELo0cmhgyyx86kOoEf717Zh5TgcSLc2yuh/C6h1PHirYP58OrHeTqV0dlYeYYgj9nQkU/dudwkieDdtbj2kdjAr5KRopCrfQQTSPGwufwLe463f2h5S3Z5zfcuWzFiSaRojZ9HRVYfs6E9nzzvdksfg7zOp8u6o/n/g6E7FfLnsLCRxuM7BV6VBtUQqiuvFtT0v20hU/wBQTx7jDdfuze3l5rEe2XFvXP6cp4/7ZCafKo6FVn7tcxwAa7qOQDyZQK/mMg/MdBN2h8994y5WAoNsYfL09IYDmIJarIV0ysyiNkpclG1NTSRrHYMfIbf09+5W+7Jy1trzvdXtzc2RcaY2Cx0+1owCw+0VPn03vPu9u1yIRDaQpMAQXqWOfQHB/Pqgz5z9+ZfsXtueu3Bn67N1g2zg4DU19ZLUy6YzWyCONp5CIokaYlY0CotzYe+gPtBte08p8lLtG1WEVvb/AFUrFUUKCxEY1k8WYqKEt5cOsc+cLfeOZt+/et/cPKREi1NKDLEUA4Dy6rqym5NSyBTKwJIHjGo2P54b2Ppb0gNmvTlhsZXTXSKeuOkl/G4/+OdV/wBSl/6P9ovqX6Ef7rT+NP8Aeh1//9XQvLm1ygFvrpYWH+3t7y5+ocKDJbgH5N/np/Lol0KPw9cS6EcsY7f6xv8An62Nvaaa9tXQgzvEw9NJ/bU/7HVga8B0bT4MVtDTfKPrKjqMq+Nl3NB2DsPFVcbmOQbl7G6u3tsHadKssYDRff7n3JSU5YfpEt/x7in3q2aXmP2w5j2ywvImkcQOWfCqsM6SSF9NexUUlqZpXHQ49teabfkj3C5K5xu453tdr3O2unWBtM5SCVZGELeUpCnwz/HpyOPWyF/Ls7gy3xT7VwnZW8Njb/rsdvfH5zZ22t1bMrcBu80NTSvjp9w1uTpMTl8hlTtmlprxVMw8NGKmF0LtLAyJAG+fcB573m62643LeeWLzZYH8R4J1m0SeGtFZA1u4DqxOQC1WJ4MD1nR73f3qPsZ7q+10ftvt/LnNsu+Q7nHcSyXcVvLqVlKgaprqTw5F/EVVgNJ+FWqE/8AzKe+959+dyYbceZ6q7n2bnqzbmQ2ticfvvYn93M7X/3Y3Vm8BWJTU8ObykuQx9DuCmqaQSKyRCpilEZe5b2Ucq/cI5z2RuYtx2/mHk+12MzGYxW08uhNcOoFj9LHSUhUxWlV7qAdCD2J/vQPYb2h9rdz5Cn5N5zi3a7vhPFPDDYyI4YIjgIlzbnUSNOKk1BVhpI6qi322K7D73+fmdx3QWL7227sre+HzNdvCo3/AEmyp9jUvXqbn67y25YXFTS124sTvKetkqZ4I5Pt3elgeTXIYFM8ch7Vd8s+3/tbtlxu6W139DEgpqfxGZInAypChaBUrSi4GK9c6+cN6g5n5x5y5ht7dvpr/dLq5UMRqVJp5JVDGpq1HGqhPdXJ49Jn5C/HTcWwsjmKnC/E+q64bYOw8FkezlTsek3NFgaztzcm98BjY6EncG5qScUWNeSDHPTxx1Plo4a6amSxE4o2vdn3ICP9/W8zSzusIZZFNI1UsWAEfBjWpqorjoNvGqAfouKDP5nH8ugk35U7W62rINg73+IO2m7GzO0N1JBkNr9s7zqaCXcfZlfTZrprM0eG27WVGAjrNkYORqWXDxSMM0s6STmnqA4a9tcb7dxG9sNwD2sb8KKO2MGOVS0y6gspGoyAAr5VD162wjXtdCJaH5/ZSnp04ZiooNmy9jbizPwW3jtnZ+78NgsJgcRkt3b1r6fZGTo9nZ6pgzVBuevxs+5ap8vu3FHPVKeanRqPFfYeUUz1HlIdv3TmXc7iCBNyWMR6yTpjZnBahGmtCQtACTgEU45syQoGYqST+XSpFFjYsjUTbr+BvYlaamrqpMXR0e9d27ejiq6CrTb+46mpkxOPSoyrRbgpQXXXHS4yZCqJHErD2eh7lkXw+aIkooFXSIj4agAqxIJAYAjyYEYNem6oPiiJJz59Mu3U2PvLbj5TD/BHdVVEuJpaBsxh+1uxoqWuz23esszBunMYygzRabIZjIZTdmA3PBQQmqMUdF9pGs1JVsEUXEj2Mi+PzhCUShoYkB06+0EioppDoWrUatdMdeAVvht209IfsPtT4xZfCbqxFX8dN1bD7JoNzYWlmxuO39lqvDynH7x31lt8RTR1M0WM2pkJsfkMVhkjp8XVwRwUEkkSQTSa11tq7u00RtN0We08JgGESEqSoC0YAmRQaksx1EGvHrziOhHhkNX16RWU7X+N1btXcuNpfjAaHduXos3Hh94t2tvOpOCr8hVbknxddHg5mNDVNh48pQoEnaYTCgs5OtmJ5b7Xv31MD/vZ1gVhqQxJkU7gWrXJ8+Py6bLxKlDH3cK9FVUfW4H+9/X8f19jCG3lcNqtgRX1B/wnpnWoxXrnqtx4kP8ATn/jXt4w3IACWMYH+n63rT168ASBZQCPwLfn/H2qt4pSRrtQDT5dNuwNNJ6kIdBViOQb/wCJ/wB6/Hs2RyirSBsfMdJyNQIHDoStubofFlZFWqXTY3VAUsGv6j5PZhb7gkRJeF6ehpQ/mT0F902R74ECRR+WejcdV9sUn3dMRmMZSvcArUSxeRLEH1KzxMVU/UX+vsVWN5td6NKyxBgOFRXqHN85e3jarjxI4JXiJyQDQdW3dHdxUKxQ/wC53EZtY44x9pRS46OujLaQfD5syuqwP0JW/wDX2eWmzbddzxiZkEBYaj8vlQj+R6Lo90u7ZGwRJTFejG707U7YixMGS6+2jjdz08Y1TYbJ7fxrZF47ghKeXGb6kcvb8uo/1vc17X7YclblYxXFvYwyz8SpZ9Rr8vGWh/wenQeuObt5hmZJZXSGtK1BA+dBHX+Z/Prvb3Z24c7gVrt2fH2k2xk1Vo6mbL7n+zp5GvdpRRUtXUViIRzoGtv6X9qbj2d5PFu09zy/HC1D8TysMfJHP+E9JRzpuyy+HFeGVP4ggFf96of2gdAlujtmnx9WzwnrrGwyPq+zOW3cPEg4Jkevx9O8UwZeQ1yfr9PeN/NfJFlZ3shsLYJAWOlQJOGP9+AU+VK/PobbfzMXRfGlUt/pgf8AAekVX/IvH0VPIsjbcqbagopstVzRKT6tSPLSGRQ39B7AE3K+he6Khr6dHC8wA6KGor5dAdm++sNVVMlX/EcrDO+oCCDdOYNIgHAWKFZ4EC2H0sB7DN9yvbaizF8fwsVx9g6O7LdNymOm3hQoTTujDfzOa/y6BHenfcAd2iryB4rB5agzyE3Yi7zOzt9fqT7T2+1pGjIuFr6k/wAz59CWDb5rhw86E/IDSPyAx1X92n2DNubd1VkWr6eQNR0VOGYICviRwbEI/wBL/S/sZbO62VkkDTLp1MfmK6c/nQ9HY22IjUYXrj+XDoLzlIidT10koH+6gYdH9bAqitb/AGPswW9h8Q/40SfSgp+3ienRZPT9O2VSfM1J/Zwr17+K03+oP+3T/r57c+rh/wB+9b+gn/3+v7P9jr//1tCYkEfX/b+8oZisgAr0UdcAi3uW/H+H+v8Ak+0CWMCuHecs1etlq+XTjjcjWYjIUGUxdZU47JYyspshjshQzyUtbQ19FMlTR1tJUwOk1PVUtRErxuhDI6gg3HtbNFZ3NvLa3ECvA6FWVgCrAihVhwKtwcHipINetBmQh0ajDIPofX8uI+fWxt8Pf5omwMLDDWZfLde9Ubo3Ku5B8i9o70rO4tk7P7zh3E+2anOZvrztbpZs/leqM9l5sFWVH8GbBUmOp6zNV4WpraKopcfji7a+ct85U2sct79tV/vOw2iIu33Ns0D3FrHEWEdtNbXLILlEVlCXQl8WSKBEkjWRElljDmb25i3Lcjum0mGOaRy0sb1VW1KASGUNjFdNMEtQ+QyfLv8Amg9K7T2DQ9d/F6pTK5fB1Vdkdgpt7Obm3BsHq/L5emiqYN3f3l3Vs3ratzW5dpV8iVmKxlNh66P+PRR5LI5urSkixchLuW7b7zuZ7Oaxn2/YruNUu5bjwxdXcSkA2piikmEMM+lRcTtM7tDW3WCNWaToQ7HywNuNq94Yy8Dho40q6KwBCuXYA9pNVUKO4Alm4da/ezu2+xeu6fd1HsneOZ21DvvEVm3t4/wypaKXcODyFFkcbkMVkKgh55aKtoctUxSqGHkSZtV+LH11bbbdfSG5CsYGBSqnsK6aAAcANIA/o46GClk1KuK9Cnun5k/JTe9RuCo3f23m8/Lurau3Nl5/+JY7b8sGR29tCpq6za0ElKMOlNFkMBU5Coalr40TIRfcSATWcj2TWu0crWBhEapGsUrOtF4M9NYqc6X01YV8zw6sZZiPiNKAfs4dIDdvfHbW+92U2/N179zmY3nRZeiz9FudzTUuZo81jclWZigylJXUFNSS09XR5XITVEbIV0yvqAuFsY21jtNrafQ2OtbTQUKqNVVNKg1Ne6grnNPLqhLE1PHrlu75Ad2b7oJcXu/tLe24cdPV09fNR5LO1ckMlXS0uVooJmSN0voo83Vx6f0FKhwQb+0UO12No4exSSKQZ1GgPlU8PRV/YMdWaV3Hca9P8Hyn+RFPX0eTh7f3lFX44ZIY6pTIBWx65nInL5daBBCIqJMrkiZalYlQTsSHBBIOo9p2kxmGRIzHQcVH4V0rwpwWgHyA60ZHNO49InG9w9n4XHUGKxm/dx0mNxe4U3bjaRcjVSR0G5o6fG0UWcpDO8skGSgosRTwJIrApDHoFlZgyK/2PYJneRlttTAggoTg+XxV/wCL6usktNILU6SGd3Bltz5zMbm3DXzZbP7gyddms3lqrU9Zk8tk6mStyFdVyWAeoq6qZpHNgCzG1vZltf0W2oscNvGkYAA0KwFBgeZ6o2onuOfn02mVSP1H/bf74+xIu7Wx+GY6vT/VnqhXUKdcklQXvc3/AKcf8V9qrbeIY9bM9an0pw6r4YOKHrkZ4x9Af9if+Ne1D8wWyUr1XwS3wdclmjJ4uP8AXNv9tx7UQ75A7hYwdR62YlHGvXMyxX+pv9fb8u820ZBeXS3WhElOvLVqCAArj6ASIXQc34AI/Ptlt/hdfD1BlP8AErN/gz1owrTFR094uuoUqEeohxsaq6ksaOoZ+LHUAlVD6vaja7vbhN4h8GJq+SMp/PUa9Ft7b3DIywyzEkeTL/lU9HB677VnwVJF/ANwYukLaNVPHDLDUKwGnUuqeZEdQSeeefz7l3bruN4Ee1vYTkdo+L8gcD+fUG8wcvXonleayuNRzrFCv+AdHv6o7z3FLBDFm965c0otoWgyFFC9mNgUZkiJsxN7g39zDypvV9bxK91uIEQbA0qT8jUU/meon3O2aKVo2t3EpPGtD+YyOhA7S7trP4OabE70ztPoiDFcvPGHmewJQVVLSujwj/Hn2MN55qvru3dLa/VbcAZLsjk/MLjSfLJ6K7azUSBNMhnJ/CA37RjqtLfvZ09VVzNUbq+4ldnKhq5yqPzr0JUvpKn/AGlgP8PcA8xbhIjtJNfRu54Euf8AKOph5c5UmniQzbY+geqiufs6ATMdgVkmoRZiolNwCYmCHj8XjkGq39f979gCfd1dmDXX8upK27lK3iKsbFVp65/ydJB96ZXVcVdS/wBeZJCSfzzqJPsoluoHOR/PoUwbUkQ7AAPl01ZDcmRr1CySsqgfhjzzfkk+y+WS0GoKv+bo0jjZBhumHysTqY6iTySbk/65uSfdEkgJA8Iafs6cq1Kaj12Qr2uSOebWv/jx/Tn25Law3DDSdFBxHWtbACuesn28f/HST/br/wAV9t/upf8AlKf/AFfl1rxP6A6//9fQg95GxxrEoVWY/aa9FHXd/b/ifLrVOvX97DiuRjr1OvXHu2tP4uvdeuPftafxde669sNUk6c/y6917/bf7x/xv3rRI+O0fsP+Hr3XrH/fH/jXvwhmHBlH5der173vS4xIQevdd8f19+EcJ+Ide66stwTfj/H/AJH7be1tWNaCvW9TDh13x+P95P8AvZ92SBFVljfj5eXWqk8eurf74/74e0n0NHLEKftJH+DrdeuQsPqoP+xI/wCJ9qoLeBKhrSNvzb/P1qpHA9cgAT/m1/5KP/FfalbW3lYL+74j+Z/z9bqRwOepCxBhcRL/AIHUbf8AFD7N4LCDwwTZRhvKjN/n6qNWatXrjJAQL6VXn/VH/ifbV1tqsjFY0Qn5n9uet9YwjAWuCP6Xt/xHthbWZUCa1p9vXq9ZFVR9bA/697e1lrDBHTxqF69aIqOlXgcwMXURuI4jcghzHHz/AFBZgfY72q/igZQoWg6Id22762JkJbowm3e2a7HKi008VK0VmRlihFv95tyeePY4h5lmQaUkUR+lOom3PkiGWYzaXMhPr5dRt39qZrLozz5BnOkhQHQIQB9dJ4U3+l/aa75iuWBdbgn5fhP5dKNk5PtIJlZrer14nj0AFfna+okkvUtIp+t0j1WP4Dqt7ewpebnM/iVnr+Q/y16lO0220gRNNuAR6Fs/z6TxLi5/Jvck2P8AvPsJXM0juSpFPtp0cxiqt1h5J5PtGJCSKnHW9A65AD/VD/W/H+9+1KNH8JbHVWWgrXrlpN7W/wB9/sfagFVQaRjputeuS34tz9P+R+zGIsAtFrn16r1I0t/qT/yb/wBHe12p/wCD+fW+v//Z\" style=\"color: inherit; max-width: 100%;\"&gt;&lt;/p&gt;&lt;p style=\"text-align: left;\"&gt;&nbsp;&nbsp;&nbsp;&nbsp;&nbsp;&nbsp;&nbsp;&nbsp;他不甘于自己的婚姻大事因为钱不到位就功亏一篑毁于一旦。或许，他太想跟女朋友结婚了，他觉得父母就该为自己的婚事负责，没钱，那是他们的事儿，他们得想办法解决。于是，他在电话里撂下一句话：没钱自己就去喝农药。一个20岁的小伙子，没有体谅父母的生活艰难，没有担当自己的生活责任，只留下赤裸裸的威胁，就凭着自己是父母的儿子，就凭着父母会爱自己不附加任何条件。&lt;/p&gt;', '1', null, '张三', '2018-12-10', '22:56:40');
INSERT INTO tbl_bbs_sys VALUES ('550', '百科', '&lt;div label-module=\"para-title\"&gt;&lt;h2&gt;词语解释&lt;/h2&gt;&lt;a href=\"\"&gt;百科全书&lt;/a&gt;可以是综合性的，包含所有领域的相关内容。也可以是专科的百科全书。也有一些从某种特定文化或国家观点来讨论的广泛议题。百科，是指天文、地理、自然、人文、宗教、信仰、科技、机械百科、医学、历史等全部学科的科学知识的总称。&lt;/div&gt;', '1', null, '张三', '2018-12-11', '01:38:38');
INSERT INTO tbl_bbs_sys VALUES ('552', '词语解释', '&lt;div label-module=\"para-title\"&gt;&lt;h2&gt;词语解释&lt;/h2&gt;&lt;div&gt;&lt;a target=\"_blank\" href=\"https://baike.baidu.com/item/%E7%99%BE\"&gt;百&lt;/a&gt;：&lt;a target=\"_blank\" href=\"https://baike.baidu.com/item/%E9%87%8F%E8%AF%8D\"&gt;量词&lt;/a&gt;，指数量多，在这里指全部；科：学科，&lt;a target=\"_blank\" href=\"https://baike.baidu.com/item/%E7%A7%91%E7%9B%AE\"&gt;科目&lt;/a&gt;。&nbsp;&lt;/div&gt;&lt;div&gt;&nbsp;&lt;br&gt;&lt;/div&gt;&lt;div label-module=\"para\"&gt;《中国大百科全书·新闻出版》卷定义为：“概要介绍人类一切门类知识或某一门类知识的&lt;a target=\"_blank\" href=\"https://baike.baidu.com/item/%E5%B7%A5%E5%85%B7%E4%B9%A6\"&gt;工具书&lt;/a&gt;。供查检所需知识和事实资料之用。但也具有扩大读者知识视野，帮助系统求知的作用。它是一个国家和一个时代科学文化发展的标志。”&lt;/div&gt;&lt;div label-module=\"para\"&gt;《简明社会科学辞典》定义为：按&lt;a target=\"_blank\" href=\"https://baike.baidu.com/item/%E8%BE%9E%E5%85%B8\"&gt;辞典&lt;/a&gt;的形式编排，系统概述人类各个方面或某一方面知识的大型工具书。分&lt;a target=\"_blank\" href=\"https://baike.baidu.com/item/%E7%BB%BC%E5%90%88\"&gt;综合&lt;/a&gt;性与&lt;a target=\"_blank\" href=\"https://baike.baidu.com/item/%E4%B8%93%E4%B8%9A/33053\"&gt;专业&lt;/a&gt;性两类。&lt;/div&gt;&lt;div label-module=\"para\"&gt;&lt;br&gt;&lt;/div&gt;&lt;div label-module=\"para\"&gt;综合性&lt;a target=\"_blank\" href=\"https://baike.baidu.com/item/%E7%99%BE%E7%A7%91%E5%85%A8%E4%B9%A6\"&gt;百科全书&lt;/a&gt;收集各知识领域的名词、熟语、地名、事件、人物、著作等等，无所不含，是知识的宝库。但不收录词语，故不同于语文辞典。&lt;/div&gt;&lt;div label-module=\"para\"&gt;&lt;br&gt;&lt;/div&gt;&lt;div label-module=\"para\"&gt;&lt;a target=\"_blank\" href=\"https://baike.baidu.com/item/%E7%99%BE%E7%A7%91%E5%85%A8%E4%B9%A6\"&gt;百科全书&lt;/a&gt;可以是综合性的，包含所有领域的相关内容。也可以是专科的百科全书。也有一些从某种特定文化或国家观点来讨论的广泛议题。百科，是指天文、地理、自然、人文、宗教、信仰、科技、机械百科、医学、历史等全部学科的科学知识的总称。&lt;/div&gt;&lt;/div&gt;', '1', null, '张三', '2018-12-11', '01:47:42');
INSERT INTO tbl_bbs_sys VALUES ('553', '渴望未来', '&lt;p&gt;&lt;img src=\"data:image/jpeg;base64,/9j/4AAQSkZJRgABAQEAeAB4AAD/2wBDAAgGBgcGBQgHBwcJCQgKDBQNDAsLDBkSEw8UHRofHh0aHBwgJC4nICIsIxwcKDcpLDAxNDQ0Hyc5PTgyPC4zNDL/2wBDAQkJCQwLDBgNDRgyIRwhMjIyMjIyMjIyMjIyMjIyMjIyMjIyMjIyMjIyMjIyMjIyMjIyMjIyMjIyMjIyMjIyMjL/wAARCAF/A4QDASIAAhEBAxEB/8QAHwAAAQUBAQEBAQEAAAAAAAAAAAECAwQFBgcICQoL/8QAtRAAAgEDAwIEAwUFBAQAAAF9AQIDAAQRBRIhMUEGE1FhByJxFDKBkaEII0KxwRVS0fAkM2JyggkKFhcYGRolJicoKSo0NTY3ODk6Q0RFRkdISUpTVFVWV1hZWmNkZWZnaGlqc3R1dnd4eXqDhIWGh4iJipKTlJWWl5iZmqKjpKWmp6ipqrKztLW2t7i5usLDxMXGx8jJytLT1NXW19jZ2uHi4+Tl5ufo6erx8vP09fb3+Pn6/8QAHwEAAwEBAQEBAQEBAQAAAAAAAAECAwQFBgcICQoL/8QAtREAAgECBAQDBAcFBAQAAQJ3AAECAxEEBSExBhJBUQdhcRMiMoEIFEKRobHBCSMzUvAVYnLRChYkNOEl8RcYGRomJygpKjU2Nzg5OkNERUZHSElKU1RVVldYWVpjZGVmZ2hpanN0dXZ3eHl6goOEhYaHiImKkpOUlZaXmJmaoqOkpaanqKmqsrO0tba3uLm6wsPExcbHyMnK0tPU1dbX2Nna4uPk5ebn6Onq8vP09fb3+Pn6/9oADAMBAAIRAxEAPwDh4NJluYFnWVI8rvWKS4Id14OcZz7isWe/tY32SmXcO28nH604SBiX3gnqGz/WqU1tHdSPPJ5uSeCqcH6V50I33Pr8RVcYrkSuzb021GqRO8DiKIEKZJpiik9cZJ61BqDppdw0Nx5gZT1EpIP61SgZEgWNG+RSeCe/8uaZcxLeOkcjSHaNoKrnH5fhQo+/5CnVao3SXMX7GWPU7kQWwctjcS0jAKPUnPAFXNRtTpUSSyT+bG/8cMxZc9+c1hWsMVvvjjLgsMHcMZHXp19DUs53xmEbirEfKvU474olFc/kOnVfsuaaXMSpqts7hUecsTwA7f41s3GkzQWb3EkqMVAMkUdyWdPqM/5xXNw20FncpKGmDKQQxUrg9j/KrTSiEbwQp/nTnFJ+6LD1m0/apDf7VtE+QNKAOgDnj9a2rLTJdQt1mSVIlfLRpLcFWk+gz0yDXMtYwDEr+eM842Y/U8VeDhwCX4AAG484HA/IACipFJe6LD1Zyk/aWsPuLy2tpmil81XU4I3t/jVrTIU1beIH8tEI3SzTlVXPTknvWRNbrfTPJJ5p7BlTI/MVNbskUAhQuI1bcFbHU9T+QH5U3Fcmm4qdSUqzTtyl7UlTSZ/KuGY5GVZJWKsPY5qKyuIr+4SC3EzSP0/eMPqTz0xzVS5C3eyBy7BQThBnaSajt4obaRhGz5YbSWGAfb1oUVya7kyqy9taKXKb2o6cdNgWeSdZo2/jhnLBT71kjVLQsF3zf99n/GkkceS8e4/PgFV6n/PNVlsre3lSTM24EMNylQPrxShFNXkx4irJSSppW6nTvos32ZpmkUFV3NB9oPmL7kdj7VhPqdoj7S03HrI3+NP80A+Z5uGzuyTyc9f51QexhkHnSecCTk4Tj8+lKnFPceJq2S9kkdJpmnHU4RNHKsMbnCGa4KmQ9MKCeeePrWfeXMNjcPBP5qupwR5jf41AhBjRVJ2ooUA9v8moJ4VvZS0pkIQYDIu4Y+tEY+9rsOpV5aS5Urmnpm3VZGW3JVUGXkkmKKnpkk+tS6oi6S6i4kLhhuWSOYsrD2INZNqkUCmKPzApO5t3GcdPyyaLoLcKsBLuCScR84o5ff8AIaqtUbtLmLVtfQ3k6QW4meVzhVEjc/rWpeac9la/aHuFljBw3k3BYqffBrnra2hs58xtJvwV3MMDkHjHXnpU8r7I2GSNw24B5NOUfeVmKjVvTbqJXHf2tadN8/8A38b/ABrbg0qea1M/nBMp5iwtcnzGHY7c/wCc1yv2G3Rg7LOSe2zH61o+fkmQy4YncTnk0VI2tyiw9Rtt1UrCSapbRuUZpwR/00b/ABrS020Orw+akghh3bfMnnKgkYJAyeTz+tc/JZxXBaeTzQxOeEyPz6VagdBAiqcKowAx+v8Aj2onFJaMKNacqj5rcpdv5k0u5e3uJJRIp52yN+hzT9NuW1WfyraabcBuZnnZVRcjJJJ4H+IrLuIVvZAjtIwRcAopYD8qLZIbdJI4S/zEZ3jrjNHL7vmL20nWskuU2tUhbSkSSe4eSN+jxTllJ+oNUIdViuJkhie6aRztVRI3JP41Xuf30Pk5cq5DFUGT/npUENvDaXCvGZVkGcFl247URilG8r3HVrS9qowSsdRNY3dlaNdfbN+z76Q3ZLL9QDWR/wAJGd2Ptt7/AOBD/wCNQNIYkZgQpxgfjVJrC2UiRvOGT0KY/nxShFNahiKrTXs0vM62ztb6+tlmF88aupaOOS7YO4HcLnpwcf4VhzanFBIUlkuNynHMrf400SbwXDYHHU9B2H4CqUttHeM0z+YTnjanGKIR197YderywXIlc3dMhGrI7RP5MaHBlnnKrn0GTyabfztoszQSzXCnqDHM2GH51mWxRIVjjLBFYsAx7kDn0HAFMuY1utkTF2CA/cGcH3//AFUcvv8AkN1WqN7LmNOzv21W4W1hlupHbkB7htox3JJ4wKn1Gx/sqETSTedG/R4Zywz6ZBrEtoYbUuqGQFxtYsMAjOfr1A/KpbiTdA0OWxIQCF5Joa96yegqdT9y5SS5h66raFsJJcbj0Akbn9a3JtIuBaNcSThmQZaEXJMifUZ6+1cvHZw2s8cimUOrbhlSACPrV0TCP5w+COpJp1IpPRiw1RtN1UhH1a0BwZZs/wDXRv8AGtfT9NfUoEnSVYUcnZ51wVMmMg7QTk8/rXNGxgZfNcTBj6p1/HpirwZSq/N91QvJ6YGMfh7UTikvdFQqylJ+0St0Jby6hsp2hmModTg/O3+NT6aqatIywFgqj55JZmVEB9ST39KyriBL9y8hchcKGVSw/HFPtBHDG0cW7bkEhsfhx/nrRy+51uEaspVrNLlNTVIU0iRVmcsrjcrpMzKR9c1Ut72C7uEgtxO8rnCqHbr+dVrhfPQW7s7KDnbGMkGo7e3itJyyNIGwVyRt6ggj16cfjTjFct2FSq/apQS5TobzS2sLQ3LzJPGDhvJuS2364rG/taz3bd0v/fxv8aHcJCwVsZXHHfP86ptYW0ZWQrMc/wALLt/WiEU1dhiarUkqSR1MWlzzWouFm2fLvWA3JEhB77c55FYz6vbxtteScEf9NW/xpTOxLSNLlics+eSfWs97OK5Z55BMGJJ+5n9amEf5i8RVcUvZpXOi02CTVYjNDc+TCG2h57hkDHjgc8nn9aq39z/Zty1vcvKHU9pWIP45qlAyCFEWT5EGArHp1P8AXNQzxLeSAMZCEXAKrn86Ix9/yCdZqldJczNTTphqk3l25kJA3OzzMqouepOen+NWNShOkokk85lRxlZIpiyn8c1h2scUG6JA4yQSHGOntT7g+bGsO5mVmztQZP1x+VDh7++gQqtUuaSXMWYdThuJVihNw8jnaqh2yT2HWte50ye1tWuGuEcL9+OK5Lsn1wa5mG1htLgMjSB15BI24qy0vlozA4yMdeuRROKvaI6FVuLdVIcdYtg23zZv++2/xrct9OuNQtluDcbdy5SOS5O9wO4BPTg4rk/sFuq7381cnABXH/1q0Q+5Q2d3GPoOg/Lp+FOcUvhIoVpSf71Kws2pwW8pjkacMOCDI3+NXtOg/tZXeOQxxrwZZpyqg+gyeaxJbWK7keeTzuvVUJBqxb+WkQiTcFU5+ftnqfyx+VEopR03ClWnKq1JLlL+pFNJnMNwz7h0KysQR9c1FZXMeo3KwW3ms5yfmlKhR6k5wBVK4jF26xMXYLnBjXdimW0cFrJIkbSfMNrbuMjIP/1/woUVya7ilVk63LFLlNzUbL+zIUmllEsbnHmQ3BZc/UGssanaM21TMT6CRv8AGknYGIxcnecMq9c1Vjs4LWZZAZdwORlSuCPXNEI+7dsK9SSqcsErHTSaNNHavO8y7kGXgW4JkQe4z19qxW1W0DYLTZ/66N/jS+YE+YMBgdfX2qgbCEjzZPPBPT5Ov9KUFf4mViKvLb2SR0ljpralAk6yCJHOY/NuCGlx12gnnpjjuKzbi9gs5mil89GBwf3jf41ErLsX5uAMAE+gqtLbx30rSSNJnOAQpYH6EU4RvLVhWq8tNOCXMbOmL/azMbeVoo4wA80s7Kq5zgEk98Hj2o1Q/wBkz+XcSyOCMq8czFWH51l2ojihEUZcKCWAfHU45x+FFyizhYDvYAnhBnH9cUuX37dA9qlRu0uYtWd3Ff3K29sZmlc4ALsP6+mcn2rVvbWfSrVZmvGlizgmC5Zgp69j71zltFDayuI2kDupXcw2gg9Rg+tTyuVhZAT84xgHk/40SVpJJhRq/unKolcedYtpW5luGb3lb/Gts6POLQzNIquq7jAbg+YB7rnIPSuWWzt7eRXPnBgc4ZMVeMm0+ZuAzzuzz9ac0ugYeq2m6iQ1tVtFO0vMCP8Apo3+NbGmWk1/GJoLg2yE7UeW5ZC/qFGefwrm5LKGUmZxMGYknCdT7dquIyeWqqSFQbQCc45/xP60TikvdeoqFWUptVErdC9eatNY3DwXF5ehlOCPtD4P056UunTnVpikM021RlpJbhgiehJzx2rJuIEvpWMjSsFGNyLuH44zS2yxwI0UYYKTuIfuecfzP50OKUPMmNWTq2suU19UjGkFTPK8quMrJHMxVvyNUrfUo7m4jgt/PaSRgqqsjZJzgd6r3QE0awEsyE7sIMn64qKC3htLjKeZuIK5YFevB/OnGPu3Y6tWSqpU0rHRXmnyWdqbp7gTKDhhFclyh98GsY6xa9N8/wD38b/Gh5FSF9pILDbgdT9KpHT7dMO6z5PIUrilCKavIrEVpKSVJI6iDSJp7cT+aFYpvWB7g72Xg5xnI4rIk1W2ikKPJcBh1HmN/jTWlyzPvyxO7dnv9aoy2kVy8lxJ53LZOEOPzpQjd6jxFVxivZpX6nQ6ZC+qIZIbgwxA48ya4Khjx8oyeTgj8xVW/uBpty0FxJMGB6iViD+tUoSogSNCQqfwsenOfpUU8IvpAGaRgi4BVS2PrjpQo+/5CqVWqV0lzGpp1x/aVx5Ns8pIBZmedlVQO5JPTp+dWNRik0hI5prlpUfOHhuGZSfrmsS1iigDxxl8scEtxnHP5dKfcYeEQ7nZWOSqjJxQ4+/voOFT9zzSS5ixHrEdxIqCa7dmOAombk/nWvc6VLbWbXDzLJs/1kcd0WdPqAa5mG2hs7hXUyhxypIK496tmQxgsCFOMD8ac4pOyYqFRuLlUSuIdVs1bbvlP/bVv8a2rPSpL22WZZUiDruSOS4Idx6gZ9jXLmwt8CVxMCexTGffPTFaCyAoGGSABjJ9Bx+QH6UTSXwiw9Vyb9olYWa/traUxytMrqcEeYx/rV3TIl1cOYJfLRcAyzzlVUnoM561jTW0V5LJNJ5p54KpuB/GprfYluIY2YRqxYBiOpxk+2QB+XtTlFcum4U6snVd0uU0dS2aTcNDcNJkdGWViG/WoLK4j1K6W3tvMZ29ZWAGOpJz0xzVK4Rbp1gYsVXONgzjPt2ptrHBauyxF8sMEsMDHX69gaSilDXcUq0nVUUlym7qNgdMhWZ5knjY4LwzswB/OsoapaM20NLn/fb/ABpJmHlsmSRJgbV61VSygtp0lzLuByAwK4x65FEIq3vDr1pKoo00vM6h9GuEtXnZ0DIMtAtwWkUe4z19qwTq1qp2lpc/9dG/xp3mhfnDkY5znmqBsYGTzZPPBPqnX6UQinuGJquKSppXOm0/Tn1K3SdZEijc/J51yVMnODgZ56Y+orNurqCzneGYzK6nBG8/41XRgUUKSQo24J6cVDcQpezFpGfCgDcilh09aUY+9Z7FVqvLSXKlzM1tMVdUdhbO6BRl5JZiqrn1JPenapGNIlC3DMQwyrpKWVh7HNZVsEiiMMe/YCGKsQMn/OfzouB5+y2ZnZeuIxnH+c0cvv8AkCqqNHmaXMWrS7hvLtYLZZnnlOOHYE/U56D9BWpe2D2Nr9pNws0YOCYbgtt+uK563ghtZmKeYXI2gkbfr19RkfjViVwsTAP94bcKeTmiUVzWTCjWfs25pXAavasceZP/AN/G/wAa200meW0+0GUKQnmeQ1wfM29jt6j1/GuX+wW8TbiJif7rJj9a0POOfNL/ADZyWLfrROK+yLD1Zyv7VIa+qWsbFGaYMP8Apo3+NaumWZ1SLzY5FhhJ2q805UMe4GTyf8a557OG4YzyeeNxJ4jyD+NWotvlKgPyoNqgkccn+ZPb1pziuXQVCtOVT30rF65VLS4eCVJd6HBw5I/nRWbJM7twzMAAMjn+tFRySOj21I6A6HaG28naQ2OXyev0zWSdAvUfYqK6j+MMP611g4pawVaSO6eCpzafYyLbQYI483AMkhA5DEYHpxWVd6JJDdNHbpuRhuXOOnpn2zXV5Gear3oIjWcDJiO4+46EflQq8hVMFTkktjFtNDO5WuyQOuwNn9aW/wBCEjmWzGCeCjH+R/oa2t2eg4pc1Pt5p3N3gKLhymFZaBPM375hGmeQDz+AFX73w1bTW6i2Hlyr6kkN+ZOD/nFaURIerXz+lS8RO9wWX0VDlschF4ev9wDoEX+9vGP0rcj0GxW18l0Lkjl8nOfX0Fafz+g/OgEjqDSliJthTwFGmmrHGNoF4k8kKIJPLYYOQOD0OM9/6Vr2XhyFE33v7yRhwobAUfh/+qtSdxDNFcZx/wAs3z/dPf8AA4/AmrVVPEVGtCKWApQkchf+HpLedjanejchSRkfnS2mgszbrv7g52buTXVSxB0Oe3SqmK2hWlJanm4nCxpT02MW90CNwJLU7HXsckH+fNVYNDu2fEgCL/EdwOR9BXS0tXzs5lCKZlXWh20ttsjXZIo4bPH41lpol8JdpQDnGdwH/wBf9K6mko52UqUW7mfbaFaRRsJlMsjfeboPw/zmsqbQLmKXEOJYv4eQCOeh966cUuKPaMp0YsxrLQ41Be7Us2PlUNwv4jn9aiu/DjCXzbLGCeY2bp9D/j+db4pwpc7RoqEJI52y8PSM4+1kLGOSityau3nhy2uIh9nxFMOQSSQfrknFawqZOKl1ZItUIWszkYvDV8ZdrKoU4+feMD+v6Vs/8I3YPZmBlbzMY8zJyD1zit1RxTGBXkikq0mUsNTUbHHP4U1JZxHEElUE4cOF4988/wA63bLwvbW0OLxBNOxyx3HH07VsW0wLYB6VYwXkBFV7Rs5vZRTsjj73wPdxysdOInhborkKwH48Ee/FaOjeDfK3T6qiscFUhDdD6kg/ljNdfFwPoBSz/wCpNYzry2LhQgmcPqfgzzh52lKFwcPEXzn0ILfrk1Bp3g6587dqQEUS8mMMCT7ZHAH4121mcxk+9SSchqSxE7WZToQUuYq3HgfSde8PCOzSGy1KBsxyAHa4PZvbPfkjAPOcVzlh8LvEdxeeTIkEEfeczggD2Ckn9BXbaVaTs6urbUByfcemOh6d+P0rp/tTonEJyO+f/rZprE8ujZw1aTUvdMC9+Gfhe08MvbeS73Qj/wCPzedzSE9cZwBntjp3NeUXHhHUba4aOHy54w3DhgvHqQefyzXr+qahc3LBZF2IOVUdM+ufXt/nnnbpCZc+tOnXm9zSnhmo3kclaeH47aP/AEtVklbGQTwuPTpWbeeGpo5GeyXdE3RCeV9vf1/zz2kyfw55NXNN0O81IYghLqDgueFXpwSe+DnAycGuhSZcow+0cZpfhrkSX4yvVYd2fxJ/z/Smar4aj377HCEjlGYnP45OK9Nl8JX8NtnyI3Kgn5JBuzj3x7dK5u9tpYiUkjZHQjcrAgj8+e4pc7Qoxp1NInE2egXEk2Jx5MefmwRz+A4/Ot258Kafc6c32dGikTOx95PPoQeMfl/Sri8titbT0DRypg9AcAeuc/0qXUkmVKlHlscNbeENXnfEcMZU8tJ5igf4/pV9vDVraNJb3CF5VJR2DEcgkHvjtXX6X5kczxDkgnj371nXcSvfyvuDZYsSO+eT+tNVGOlhnN8q2OLl8M3Mb5t8TRdhwD+Of51qab4ejSItexhmPCqCflH4f5/OugXipFQ0/aM9GjgqdPVnK6j4YZpfOsVULgB42bk++T6+/wBfpY0jwiJJFl1OQCJT80CElm/Ecf5/PqVj3H6VYChQABz2FHMyZYWle5zOqeEra6gRrGGK2nj/ALrOyv8AXcSfxHv+GNB4Q1MzbZkSCLIDSFweOnQE59e2a9GW3dvvtgegp8du58xI1ZyBkAAk9Tj+lNTaVjKWGpJ3Rzw8J6Q8AgS2d3K7VZSxOfX06+1YrfDbxGLgxx2iumeJDIqjHuM5H0r0OETwRrIkTFkwR8pra02/vbufE8KLGFzlUIwfzqJVGlc5MTBbx2RxNl8OktbXZPZtdXD8uxfAB9OD0/z7Vhah8MdWhlJ0+ISRnkKzgMvtk8Hv6V6rqF7eQXKxwQBk25MhBIPsPpVIaxe8bUgYdwRj+tTGrNohRlNXSR5/pnw/urb/AEjWLdSoOFhD9/cg8fnVXXPBweYXOlx+TxhoX6HHcE59uD9a9HuLu6vYtolt1XPIVhz+tVURznc8QAHUSKf61oqkjeNKMo2mee6L4Lnlm36kfLiHJhB5f6kcAfTPXtWlq/gOzuIQ2nv5E6nIDElG+vcfX9K60Qvlm3x5zx+8X1+v0H4Uq2bhF2TBT7yKR+RNVzst0adrHmCeDNZ84B7dETvIZFP1PBJ/Tt2rrIfA+kvpSxeWZZwD5khkKs3HUDOBj056Dr36PY6r+9aEH1EigH9aPs7IdyyRD28wf4/5/Ok5sn2NNKx5vceANahmKW8cdxH2YSKuPrkj9M/0rodK8FQW1gFvbWO5nf5nfdkIMcAd/wDPtXUNE0jKEli2nr+8Xn9f8/nTkVLVh80ZK8lQ4JPtj8xn60c7FGlFPQ871fwNOlw0mmbGibkxE4Kn0BPb6kEVPpPgsq5k1UAqB8kIc/mSO/sP/rV2/lyPy0hUf3U7VGqANIoznGR17Hj+lHMzVYeCdzjNW8HWk0fmaYTFKoOVckh/xOcH/PvWbY+D7+WYG7XyIQeSGBJHtjP6/rXoy48oEc4HOe1RGNnjLN8i/wCz1H40c7K9hTbvY5PUfCtjcRbLdDFMuNrZyPpgn/J/XAHhfUklw0agf3942/4/pXowjLrtiBUdye5pjwMF4y47ip52X9XpSldnLReHLCKAI8fmPj5mLEZP0Bx9Kw5/DN3DMy2482PPB3AH8c13jw5BK8EdqrlTn3p87N5YOjPYxbLw3b21nvvMSzPgcE4Qex4rKvvDjvcs9iMq55jOAR9DXWMCy7abboRcoD3NJTaZzVcHFR2JfBnwru7+5hu9bVY7JQriFXDNL36jgA98HOPTrXS+L/hBa6hbxz+HY47S5iGDCzHZMM5684I5x26dMV6N4ej3abbseSY1P6Ct1Y8Ct6dOc/eufM18Q4zsj5ssfhF4h87/AImaxWduPvMJFdiPYA459yP6VR1bwrZws1qgMbR5USAk5x1OD719MahAHtmwOQM14l4ntjb6pcDGcuXz9fm/rUVlKDPQy+oq91I82bQL1W2bEYZ4O4f/AK60rbw9b+Wy3GXkcYJVsAf59TWx1NT20YZuenf6f5/nWbqSPR+rwObHgrUZJStqqypxgk4P4102h/D6GPM2q/vnxhYkYgL9T1J9hXYaTbHyAwGC3etmGyywBrzq2OmnyoylCEDy3xD8PCrm60fAQj5oHzj3IJJ6+h9+e1Ymn+EbtpVF8Fjj7qGyW9uOP1r3a401jESB0rkHtgL8oex610UsRUlG0iIezk20cXqXgmK5VW0/91Mo+67Eq38yD+n86yo/BmqLL++WOJAeWDgn8APr39K9Wlt/KAYcg9eKpXCkrmtHXmlY1jShKWhxc3hfT/sLW6qyyY/1uSTn1x/niub/AOEb1BJdojVx2YOMfrXez8E1SdvnohVlbU2qUINmZZ+GrNIf9K3SytyWDEDH4Hn61l3fhe5jnItAJYycgZAI+uev+eK65OVzSlttWqkjOdCNtDmtP8LtuD3zcKciJW7+59Pp7UmreGB5pn0/gH70TN+oP9DXVJ0zTJOmKr2kjH2KascbaeHrhpNtwPLTuFYHP5cVoX3heGeBGs8RyL2Ykhh79ef8/ToIoTu5qz5YrOVd30N1hotWZwkXhrUDLtaNY1P8RcH8sc1tL4fsVs/IaPLEcydyfbt9P61usuKicU1WbKVCCVjipfD91CxVAsqjowIH9a0LLw/Ei77weY5HCgkAD6jH+FbrCkqnUkzNUII5e78OSxuWtMMjZwpI3D/61SWPh99+68Hyj/lmGzn8R/Sukoo9pIFQgjBv/DqORJZnYw6qzEgj8c1Sh0C7eQrKAiZ+9uHIrq6aeKftZEulG5jXeg20tsEiXZIvIbOc+2M1krod6zY2ADsdwx+nNdYTTolDPk9B3odVqNyqeHjUmkihZ6DaRW7LMglkf7xORj9eKyLjw3dQO3khZYuxJCkDrzXX4qtdnzAlt2lPzH0Udfz6fjXNHETuerUwNJxSsY2maDE0HnXSli4yik4wOxyKjvvDREplswNjH/Vk8r9P/r10mfY/hS/N/dpLETvdD+o0XGzRzNj4cZpAbzCxj+ANnP1Parl/4btZY91uPKkHOSSQfrk/yrZ+b+7UcxdU+tHt53uNYGjy8rRyMeiXXmbWCovdsjFabaHaG3Ee0hgPvgnr64rR5FHzf3aqWImxwwFGC1VzmJ9Hubfc3ytGCPmHHp2PP4etbFpoVukH+kJvkbknJ4/KrJBnu442UhVHmNj8h+vP4Ve3DvxVyrSasYQwVKMnY5uTwzKJG+zzqIycgMORRXR7h60U/rEhfUKPYQKT1I/KnhAe5pcU4Cue52jQKVkDKVPIIp2KXFK4WMu3BWLy2+9Gdh+g6fpirFRzKI78gDAkXI9yOv6EflUgFEu5dP4QHByKughlBFUsVbhIMf0qGaklIKWkFIQyaNZoXib7rqQT+FR2zmW2RzlZDw47bhwf1FWKrWvyy3Ee4nZLkf8AAgCf1zVr4WjOWkkybcR94fiKrSptf2NW6rTLgj0xgVVJ2kcuPhenchpaKK6zwxaWkpetBpEUU6kFOpM2jqAFKKBSgVNzRIVRzU6Jmoox81X4YwR0qZbCj8Q+3iZjmrb2BdDipbaH2ro7WyDx8L1rBt9B1KiijgDE1rdYPAJrQjOVrW17RmVTKi5z29+1Z2nqsq5P3l6/Wui/unPdN3Rctk3UXibYse1XbSDCk+9Mv48x4x14rmk9S4vUybdCsQFS43DHc1KYTHHnHSpdNh8++iTsXUH8SB/WnFXZVSVotna6Vo4FtGCvQY6VduNORVxityxhVYlOO1LeIu3OK1q4NKnzHzksXJ1Dz7VrIeWx6YJOf8/5/KuZvYd0Oe4/TIx/PFeg61CBYylhxtrjpYlljdD/ABAjPp6flXNh7pantYapzwOYiJmuQn8R6D8K9q0vTYba0SCNVCIMKMfnn1ycknuSa8j02AjXrQYwVmTI+jgn9M17BaXafZk/xr06co2uzhzBPRIuSQKV4A/KuI8U6KLmBmJPmqp8vHfvj1wensT+fardI33TnFZeppE0Ms0uBHHGxJOMAAZNObi1ocWHnKEtTw/bh8jpWnp7FbkAdHBB/LP8x+tU7pcTsM+/50yMkN8rEfSsGfRxg6mheu5St5L5UnDfeI7k9f1quqbjjOKcse0ZPep0ixgH7x6UI9GnFU42QyOPkKe/erUUXzbD+dOSPIbPVe/t3qxtwiydwMH6/wD6/wCdWiJ1BiRiJeTlmPp/n/8AWalVPKUd3b/P+f8ADo7Aacc9O35H+ooyNzP74X69v8+5pmTkNKGPEjHJ78dP88/jitKx1BLCSTehZZCDkHGCP85rNBwSr5wwyM/z+uf6U5fmBifhh0/z/nik0mZzgpqzN5tejT5vIYgdcMKP7di2bkhZs/7QFYKsVOx8Y6AnvSmMg5jO0nt2NT7NHP8AVYG1/wAJDb/xRSqfQkCsSeSKaZ5GlOHYtsVumfTvSl5F+9Fjjswqhd6mYYi0CDPTJxhfwH+NNR5Ub0cKk/dLgYmPP+qjHUtUMl/bRoqLKGUnBKcgn0z0rEnuZJnZnlY4yAA23p7Y5z6Uz5iWRf41II7Ag43UrnoRwitdmu+qwIpRVYbT0459Przzn2p39pRz7f3MqKPUD29/aswBIAM5Zz3xyT7UqtO3YIPfk0XKeHhbQ2o7hJEMbyAjOATwfapU+U+S5yOx/wA/54rAPngdUYemCKngvXQhclWX+Fue/b1qkzGWGstDawYk4OWJz9f89fqaYP3a5HMjD8v8/wCeKiiu0mkQNhXP8J6H1x69KlHzO0vp9365OP8APvTOZxcXqBQoRIzEnv6D/PP44pzEJKGyMEcnt6E/oP1pinoHJ2v0Oenofr/j7U5TuBifg9v/AK3+fbsaYCuDE3mKPlP3hSBCvzRkFT1X/ClWTYSkg+hJ6+1BjYcxtg+mMilYLkRERPJaNj26Z/pTWSPoZ2Ptn/AVY3SfxxZx3U/0pA7doH/Egf1osHMVGi38KhRffrVZ0ydq8+taJSWUkMQin05P50kiLGMKMt296LGkZtGTJDtOBUWNkisOoNaLxFRubqf0qo8RA56ntUs3UlJWZ6r4O1WG40iJVbLQosbg9QQMV0TXoA4/nXiejanNouorMjExniRP7y//AFutelxypNDHcLLmNxuDA4GKt4mcFaKPlsfgFTquXRm1Je70OQfzryHxgc6nIT3Cj8lA/mDXp0cQmQ7X/WvOvG9u0V8hY/wfrub/ABrPnqT+IeXqNOpZbnIitDT4xJIAfw/z+tUFGWHpW7p8QCZ6jOBUVHZWPaOz0S2DWyjGCP8AGumtLMbxxWF4bkR0kX0IP5iusjbB6dK56VGLlzM8LGVZKTQ+azHktxXl+tRi11jPYtz+lesvKoiJJryzxZIr3xYdM4r0a1OKWhGXTk5NSC4lU27c1ltIHXAqCS9Z4vLzwcA1YSNTEOOorjcbnsw9x6mNdr85rMfhq3LxBmsadcNRTZ0vVXLEY+SpPJ3fhTbbkVpQIoXNVciWxT2bFpBGXbkVamwTgU+KLHJqZzsiYLqNSHC01k5q0ahfrWCbN0U3Heq79KtyDrVdhxWsWDKr/dNRip3HSoRWydzF7gaQ0poNMbA0w0tNNMzbGmrCDagHO41WPOAOp6VbAxWFZ9DswMbychME9SQPSoIAHu5pePkxGD+p/Uj8qt1VsQfsiueshMh/4ESf5EVjHRNnoy+JItUUUVCLENV52JbHarBqo5Bc4qihhFFFRXLFLdyv3jwPqeB+tWtWEnZD7Eb0kn/56NhT/sjgVcIpIYxFCkY6KAKfiqbTOdIj2D0oqTFFFxjRSggUzae7VIqgdqliDcOwJoG70/Wn4pQKm4zO1FSqwy/3JBn6HijGe5/CrV7F5tlMo6lTj61TiYSRI46MM1d7odPSdh20n+I/pU9vuwfmP6VCKlg4f61mzZk+D/e/QUYbsRTqKQhMt3FVkZRqU3bdGjfkW/8ArVbqp11Nv+uI/wDQjWi2ZnPdFqopxmOn7MfdJA9Kjmb93g/eNEPiIxLXs3cr0opKBXafOgaUUhpwoLQopwpoNKOKTNIPUkFOAoA4p1QbvYaCQ/Falt90VmKPnrQg4xUzfQUNTZtfvLXXadjYK4mGUoy+1dDZ3exQM1lezMK8HJaHQ3VstxAyMAcj1rgLiBtP1RgfuyHGff8AwOR+ftXbx6gCmCa53X4VuQXH3h39PT/Poa0U7nLQjKLs9ia2UfZ0I7qKjnQSuqHuaqafeF4cN/rAdrnuSO/49fzHaraTL9oU+grCW51IbqEKrZsfoKraDII9Xg3dGYD6cj+ox+NWdSkBtwqnkn+n/wBesRGaGUMMgg5yKum9Qac4NHt1nIrRACm3bA8Vx+leIjNGo4WYDBDHg+457+n4c8Z1/wC0VXc1wdvvniu6VVOnynzk8LOM3oZfiy5+zaYq5x5kiqfp1/pXKQyB0FP8T6uNRvCqcwxLhevOep+nA688Z71W0+2uLtB5MZx/ePSuNpI9vDL2VL3iO0jK+ILcgldzk8eysf6V1kt0Y4coCCKx00t4tRtt8iNKNxVR6YI/AYyfzrbW2C4LsXP0wPypSnaIqkoOV2RWuqSeYQVc59asatfCXRb0DOWt5APxUin7QKhuLdLiCSJ8gOpUkdQCMGojVaZi1CT2PMbj5np0cewcitW50Z7XUUtppAqSZ8uXbweeM+h6CrMuhXdsuSglT+8hyR9R1/LP+HQpJq569GrTijNWPDKWGQT1x0qxGux8t/Fyp/z+FPiTaxjf7p/zj/P9aeFxujJ5HKn/AD6/41ojaU7iYw0mem0/qAP6Gnn/AFRHqxP6k0mAuEHLk5P+f19+fWkneONVDMFRRgknp/kcfiKojVsepxIRx/kLURdI4sO6qcjG5gOeB/jVOe+kkcmHdGpGCSBn8u386z3Ntu/eFWbuWJY0rm8KDe5sS39syMqMXIODx045/nj8agOpRPAJNjgL/ERzx36/zrMxasQAFBPpwaDE67Qp3opB2HrwO1TzG6oQNZtVtzEu9HDMOAwqxBPGI9xnDDsCMYH41zu7IZg3Lcsw7Y7CkGA3dCT13E8++evPFHMP6rFmnfah5zeWv/Hs3BYd/Y1UjykjRMMoeVz6elV2bdkBSS+QUHqO/wBKl8rKKZ5A20c44ou2aKnGCsiE/uyUCt8vQhh0/H05HFTRERQl26n+Edh6Cm/6J3CflSiO3cjyyAw/u9fyqTW6a2HZ8oBm+aZ+Pb8PQUxsFtrF5H/upkAf5+tNfzIdzE7sjaHA+6Pcf1pCwAKqDsUkAZxnHUk+lFwUUOG1T92SInoScg/XqKkyJP3UmBIOVK9D7j/CockA7QcYyyE5BHTjPINKA5Plp/A3yuen0/WhMTiTgtJGVJxIjZ47EdxV6y1ESp5cy7XJHzEj5j0+ueKzvKiHMzFj6sf6Cm/6H/0z/wC+f/rVVzKcISWpuT31uFVNwLN7Zxgc+3t+NQy6nEzBAjllGWc44/r/APqrL8tD88LgH2OR+VM5QiOQYBJYkfxd8f8A1qfMzOOHpmx/asMiFVhlcY+9x/OpLa9gLbWuAh/uMCPyz1rCYgnL8nHCliFXv065xS4DAA5xk4JPKkc9fSjmY3hYNaHT+dn7iOfToP50ea3eFvwI/wAa5+2uLkOskbbVxyG5BrTgvjLIIzJEJD0Q8Z+hB/pVcxyToOGxcDiUEBih9GWmRo0TBWUsT/GK2LHQJrxQ92phT+71Yj+g/X2rXXTdH04Kk8iBj086Tn69RWcqsY7nnzxcIuy1OQmg+bzsb19/6fp/npXliIYOQcN0J6f55/zzXb258O3MbRwTWvzDO1JcdfbPsfyNR3vh+OZS0B6kFUbsB6H/ABHrzzSVWL2FDHq9mrHByxc8V1/gu4kWCWG5hJtkOYpJF4B7gevPoOKZZ+HgsnmXQJAY4Q/xH1PtnPp37Vg6549McrWmhxxuU+U3LD5FP+yOh9Mn8iOabnZ2Q8RU+sx9nBX8z0sX8asRHE2O2BjNc54i0ga44czvCQoULtDA9ee3t+VeTXN7rGoOWu9Tumz/AAhyq/gB0qOK51Wxbdb6jdJj0lPP1ycGs+eXcinlk4e+mdZdeGdQsD5m0TRA5LoOmPUH+eMVdgiEcYUdh+tZuifEGeGVLbW0DRkhRcxrgr/vL3HuMEehrr721iuIRd2mxlZQ2UOQwPOeOOnp1qJtvcrnnTfLMp2V+bC6VsZHQ8444/wrqo9a+0LmFlHqT1/I1wNwf34+uK6rRrL9yrsOWANPn9mrnLiYQkuZmlcajc+Wyp8x9SMAVyGtJKy7nXkf/WruorPKgYqhrWlCW0cAc4ODipVWcnrsY0JwhKyPNs1qQS74V9uKzJUKSlKtWp+QitWz02rq465HFZV3FxnFbEnzCqNymVOayi7M6I/CVbTtWgZgq4x1rOiOwVKGLHGa1JaLkMZdsmrWwim2wHl5FTGuWc3caViEioX64qw/TFV3HOaaKKzjkiq7VbkHWqzCqTAgYVX6VbcciqzjFbxehElqNpDTjTDVCewhqMmnGo8VaMGPiGZB7VbqpEdrgmrOGIx0/nXLW3PVwFuR9xl02y1lbPIRiPwFJb/JbRIqnhAB+GBTb1VFhccc+W3P4Gp1GBis/snX9sT5/alw3rS0VJdhpDYzuP6VTwepP8qtv/q2qrVIpDSP88VE6mS6t4uoLFj+H/1yKmxSWi79TkY/8s4wPz5/kKuOlzOrtYvYfuAaTJHVT+FTGmkVCZBHuHrRTsUUwIxT6YKfkDrTYDxThUYbPQE/WnZb1A/CoAdjcpHqKx7TItlVuqkr+Rx/StjBPVjWNAgDXC44WZv6Grj8I4v3kWKfCf3lRhV9B+VPjADj5R1qWbMt5pabsB9qTDDvmkSPqsozqMh/uxKP/HmqZW5wQRUFvzc3Unq4T8hn+pq1syJ7otVXuP4fxqxVaf7w+lOktTHGfwmQ0ClorsR4NgpaaadQUgFOpop1BaJoueKkPAqJOGFPY8YqLamqlpZj4V3NV+JDxUdjFuXIrYhtw2M1hUlqaR0RXWIkVoQBgg56VZhswV6Vo2tiDisHKTM6lSKWpnx+avINQ3LsY23Z6YrpDp425rJ1C0KsBjqacea92Yxqwk9DnVbyLncM7W4Pt6H/AD61bjcq2RUE8BDFSMVJbqxjAbqO9XJ3NlYdLLubOKl07TDf3B3f6teDjvnPT/H6VWZcy7a9A8LaeoskZl+Zsk/iTThGUnZHNiq/sYXKEehLFFuSIAemOR/U1nz2QjcucjLZxnIH0Br0aS2Vo8CuXv7ZQ2335qq1OVFp3PMw+K9o9Tzq0ihnvf8ATJBHEOWJzyPT/PbNdhbX+nkLFbzxbQMKoOPyqKHQbCLlovMbuXOc/h0qSTRbB+kAQ+qZB/wqJTjI7ZzUmQ2P+lahc3Dc7G2J/n6D9a1aq2Nl9kjdNwYM+Rxg9Oh/WrWKykzKTTYE46miuN8STSprMRViPJQFMdj1/oK7FeUU+ozTlCyuaTpcsVLuUNZtFu9PfI+ZBuU+mKbp9+j6ZbvLKoYrgknBbBxnHv1/GtFhuUg9xis+30eCNVMmWYdeoH5VUWuXUIyXLZmZq/2Of99ayL5gIDAD14z9QcGs4qzAPGACR1J/z711TaXZtn9woz1IyO9ZV7orxRk28p8pR9w9fzrop1I7HTRrRXumLNNHaRF3cBjzk1jmdrhzcOx2DOzPYep96kvV8+Uqj7Yx7Dn1/rVZklKBQwZQRlcYOPStme3RpxUb9QOZhvkO2LsOhP1pVdsfuocL2J+XNRtIHYlwQUxtQ+vrTWwznd85H3sthVNS2dCiSM5A/ew/KepHNHMI3RHdGR09B6io1JyBH8hP3fmyjULLtcFATvByndT6+1K4OI6VAAZUPytw3H5VCWBx84JzwFPv0A+vrUojlKbdwVc8LjOB6UhtmXafM5B4JUUik1YcoEEeTy7c+5PoKCABvuPmY9FHT8PX60hMiyh5F34HG3t6mmeZu+cEGR8ncf4R6f570CsyYPJ2jUD3OKaXRhtlQqx6H39jUXyHnYDnoXfrTuikEEqPvo3JA9R7UXHykqOyOEc7lPAJ/lUTgR8AgKScZPHvz+oNICW3RKN4B4bPA9Pxrc0nwlrOuhWgjCw55kcYXP45J/KnGLm7Iyq16dCPNUdjCBL5UMG3ZyR6HuffgVZjSWSZbW1RpJn6KuSfyHU10178O9esInnjWKcBeRGfm49Bium8JaPB4Z08anqSFtRuRuEe0bkX07Y49cfnW9LDTcrNHl4vOcPToudN3Zjad8MtRuIvNuZo4JD6je344IH5GtKD4cw2lwJNRvzJCOkcSYZ/UZyeP156iu30/W4b64MCwyRttLDeRzj6H3qG+Ja8kz2wB+X/AOuvQjhYp2aPlK2dYuon7xz8vhHw5NHsGnvCSuBLHKcj8P8A9Yri9X8I3trefZ7WKW7gkBMciJkgA8huwIz9DnI64HXGG9nlKlZXcegIx9Knj1G7t22P1HDBiQwP+PTkjNbVMHCSstDPDZviKEr3v6nld3puoac+L62ltzg4LgqD06E8HjGR2qCFFkfcDlQc8DqcYH4AYr3FVttXtvsl2glt5l27XHIP9CMdvqK8d1nSZNH1e70+KXesb/IT6HkZPrzzXl18M6Wx9blWbrGpwkrSRUJaYlEYqg4YjufQUiMqEeRFnHU9Mfj3qNnzsiK+WMZOT1+hoBLFSVbB5WMHHHvXOexyp7nTR6rqt5YJD9vEKgEMV4ZvT5uox7VBZ6cDLtyXUEknPzKeCT6dRnHPryRxFZEm3XBMa9AYnySfyP8AP8KsxTSEtHLzKoyBnJ/lgf4/hXJWWtzypUIRbcUFzZ2cqsoJJcBHZcfMMnJHHUjj059quQXeoaDtZJVktj/yxmkICjsEPJB9+nqOeLlvpFnLpZuXLGYqXaRZCNvB4xnpzg5HPes25n81tqLkhdnytg9z07n2xmue7WxxJQqtxsWPEviKK/0yO1sJSPPU+cQcMi9Np4wCTn8B71wv2dLcFUxj2rsbtdi5JkyydGUHt14IOfU1y12cyZ4/AmtoSujuwdJU4NI3NV8MW9joYvY7qV5V2s4OCjbiBx346jk9Oc1y59629VmkXRNKtd7bTGZipPcnj8uQKxCa0NsJzKLcncqyxIykEda6bwDrbW142iXLkwyAtb5P3WGSVHsRk/Ue9aX/AAjul/8ACKfbMOLg2/niYyEYYrkDHTGTjGOevXmuDaZ7K8gvYhiSCRXX6g5qlqrGFRwxMJWWqPRNTthbapgfdf51+h6j88/pXeaLEGs4iT1Ufyrl9bQym1lXmNdwz65HH8s11vh1hJp0OOy4/I//AFqEubQ8PEyfszZhg+bgZovLQPA3HarUK4BqSVcxkHvXqU8PHks9zxXUlzni+r2oh1SVdoAHIxVHPlycdDXQ+KUCascd6524+Xa1edNWdj6ug+anG5YVdwzmq9zHgGp7Vt0dOlj3rWRunYwsYkK1MODmo5AUuOamArXoNF+0YlCKtYqlatjirua5KmkhjGFQuKsNUTEA0otjKjjmoHHFSyv83Soia2sFyFhUMgG2rBqFxkYrWOwpFXJ701jTiPmprVsjGTIzTacabVGbHL94fWrYqnVwdK5q6PRwHVEV4C1lOB3jb+VPiYNEjDoyhvzFOYBlKnuKr2T/AOhQg5yq7CMc5HH8xWP2Dv8AtlmimjcR0x/OjZ/tGpsWNlyEqtuHqKnnVfL6Dr6VX2j0qkUgyD0NP01Qz3Mg4zJj8hj+eaZtFSaYB9kLDgtI5/DJqujMqm6NDFMNHzdmxTST/d/WoRIYopnmL7/lRVARgsevH86kCqDnGTTKXI7nFMB4p2cVHv8A7oJFLyepOPakwJN/rWUrAXd0Bkjzc/8AjorRwB0Aqgn/AB+XX++P/QRVR2YL4kO3ex/KnofnXg9aaakj/wBYPrUM3LAYHpSg0bQetJgr0yR6HrSEK+Nh3EBe5NVrPK2qMwA8w+Ycdtxz/IilvCXiWBTzMwTjrt/i/QfqKsAYGKroZ7yFFVHbcxNSSybMoPw9qgzW1KD3PPxtZS9xC0UUVuebYWiiimVYUU40wU8UFIenWnmo6nQ5WpZpE1NNULGM85raiI2gjtXP2k2w4J4rTiuRjFclVamiR0toVYYrXtwN1clb3ewj5q2YNQG0c9KwUkjir0ZPY6MDisLVNvmqB05NT/2iNmM1iXt8DOzcn6VtGSaOejQmpFS52yS/TimIu0Y61BFcCaVyeM1dYfIfpQ9z0EmkU0GbwfWvU9CQxWMMZ6rGoJ9wK8gtLnzHkPQ5JAPoc4/LOPyr1PTr1WhSRTlXG4fTGRW9GXJK55mZRcopI355FjhZ2OAozXIyuZJGduSTmt/U5x9gkAOMiudp46pzNI87CQaTbEpahuWlS3ZocbgM+9Yy+ITaziO8XMe0fvFHI+o7j6VxqDaujvUXJ2RJ4naeHTluIM5jbnBxgev4U/Ttajl0T7bcMd0fyy4HO7jt75pNV1qO2jtz5AntrjIZw3AHH4HOT+VY8FosEs1irA212m6ByeMjkfl/hW0ad46nVCCdNKSsP1rbcapayDmKeNQp9ef/AK4rpI72CS4kt1ceZGMke3+cZ+tc9bR+dDpqkfPG7qR6YII/SposxW9zcAEyXUnlxdzjP9f8KtxTSRU0pJLsWoJZL7VvODERxk/lW3WLZyrYyR2oXfNI/wC8ZegJ/wAKsX+sR2ZCJh5SeeeF+v8An1rOpFylZbGM4XlaJpCsPxPefZ9M8pX2yT/KCDyB3P8AL86l0q7vLm5kMzZhC8fLjB4x/X9K5XxVcC41plPzrEAiIOmepP8AT8KUINTN8JQcqyi+hiH7MPvSk/VjSxyK8nl2tykr9DHvDHPpxyDWbqOo39sStpZC4IHJUjA+g65rhNV1eG8uRd20c1veFsyOJOD9MdK9KlRc9zpzDNVhmoxR6ef3xIdSksZwcjlTVfp8h6qTn656jPfHSvLI9Y1GGTzIr2dW9d5zXZ+GNZn1SG4W6kaS4TaQxG4spznPrg4/OnVw7jHmuLA55CvV9m42udAMkbVHzE5HTggn09BU3y242j5nY/i1RRuI9zPleOCVwAKcrgKZT88jnAGeg9P8a5D6B7ikMV3SybfZTxTQbcn5ZCD/AL1IBhudrSD7zMeFpd56CSN89tuM/jTuFh58yMZBLr6nrTJIw4Lx4+Yc7ejD/GgNgF1BAH309PeglYZAf4ZOT9fX8aGCIywLE55PToBj39v60qqZCACdoU5x6ZyB9cUhZssYwxB5GY8/zpwl2Q7RnefXjn1pDe2hsaa2j2twj3vnXSqcmC3TC/8AAixH5CvVdA8Y6TqbCytEME4X93BJhd2PTHtXiv3CI04J5LenvSwXL2U8dxbMIZEYMsjdciuilX9meLj8qWJi5OT5j3y71vZlIrdxKP8AnpgAVz0zSTTNLLIXdupP8vpUGh+LtL12JItQmjtr3A3bjhX7ZH19M57c9a1ro6XYx+ZdX1rEnYlzz+GevsK9ilWpctz4evhK9Ofs5RZRgka2uI5kPzIc/wCI/mK6ImPUk8+3dfMx80ZOCKx7a4s9W01biwDNEsjJlgFJI9vTqeaiwyOCMqw7jgitm1U96JyyhKD5ZGwtrOzbREwPuMCqGv8AkyXiCIguibHbt14/Hrn6ihBdznZ5sxDA4Us3zd/WohZux5AUfnRFe9dsT12LNkGhsnMABuRCzRK4wpfHGSO2f8+vjFxcyX95LdtOXnkbcx6jn+X07V7WJIrOF7qZhHBbxl3Y9AADXhskgkkaWTaAzEhx/CT29a83Hy1SR9XwzBtzbRJv80GOVQG9OxHrURDJuV25yCCT1AHf6cZpTlo2RiA6c7v5UkkokjUoD5g6AAnHY+1ea2fXpWNKwufm2j5nZdoUkc/U9Men444q/IBaKJWO4gE7sdfTA5PXgd+CawbeXyZg7hiOv3McnjPHtWvFeJchmdxsGNoJ9uD/ADqGrnJWpvmujRsbo2t8GcnaybZR2I29D9AKZcxC3upYmKlFcfOegB5U/ljnpketOSSOYKz7V53/APoXP4cU6+dLqyhureN5ngxbzRr/ABxt93jqSG4HoSa43HWx5k7wnzW0Zm6jJJFGx+6c/PGenX+eBx+hHFYLZkYnIGFJGT6V1P8Awjlz5Hm6jeQWcKfKGlbJYeh5A47ck1538RXtbD7LaaZftdRSZaWRSNo9FyPxrpw1CU5cpFbMqOHg0ndnSa7eWby2yRXls6QW0cZZZV69cdaNKsorhpbu8BFhbDdIf+eh7IPrx+HpkEeL7znrXV+F9cn2HSLi5f7Mx8yFC3yrIP8AEZ/Su6pguWPMmcGFzh1GqMlZPqdjqep3Gp3MksrkK54jB+VR2HpxWVdD9w3r2qxiiKZILq3mkgMyJIHMY/iwc4z6ZHPtXCj6ZwUadoroepaqPIs7W2PMm4AD1Crgn+VbPhO9CIYSeVOR9D/9euOtPiNpk+EvILizDdWZQ6fjj/CujhSCdUu9NnjG7lZIyCjfzH5dOlVH3XdnzVeEuVwkjuzepEuSetV59Yi8kkOBwf4hXGrrDyTeTcRNuXgKDkH3Ht3BB71V1Ga7lUiOB1Q9QB/k11fWGo7nDDBLm1MrXr37TqTMG4zgfhWVNLvUD3pLwMJzu54qsK5n7zPehFKKSNK0bC49a0UQMmKwo5trqM856VuW0oaLk1lJWKsYepxGOXcBzmmr90Va1cZ596owSZj5q4u6LiWYm2uPer6uOayw43DBq7GxK81jVj1LtcnLVBI3Bp5NRt0NRETRRdvm5NJuqSWPNVORXSlzIjYkYiomIpCzVXYn0q1EHJA/FN7UGm1qjJ6iUmKXntVmK3z8zUyGVgpPSrKAhQDzU3lqvQVBJKqnFZVI8yOnDVvZy1HE+nWq1sPLmuIjkkPvBPow/wAc1ZU5UH1qvMDFdRS4wH/dMcnqen9R/wACrnj1R676Msigkd6aSckDr3pQo7kk1mWRTn5OMnmq+cdjViUfLUJqkUhuecYPNP00gadCCRnGfzOaaB8w+tP0/wD5B8H+4KpfCzKp8SLmaSmYA6HFG5h97ke1IkXNFN3e1FAEO4k8dKdjJ55poOBS7x2rSxNyTNLuAHNRcnqaXjsKkdyTzB2BrPQlri5YcZkA/QVd3AdTiqMJ+aY9jK2PoOP6U1omEfiRNz6j8qfHv3jimbvY/lT43AlBOR9RWZ0XLQcdxilo4YetVbh2Zvs0Z/eOMlh/Cvr9e31NEVczlKw2A+dcPORmIHZGf5n8xj8KtkhRknimMEhhIAAVRxjt6VSluTKcDhfStIwc3psctbERpR8yRm3MSaZmmA04GutKyPEcm22x1LSU6gpMWiiigoWndqZTqCh9PQ4aoxTgalopMsBipBHarEVx6nFUg3rTw3NZyjdGsWaqTn1q5FdkdDWIsnFSCY461zOkmabm/wDbmHf9apyXBcnLVm+f705JQTyaqFNRZLL9nhG+ZupzWhNKPKPPuPwrFEu08U+S4JRsk96fLrcl7FVT9nnDlht747iuz0TVFVUgeQEbsI/pnPX2z3964mWPzeg5rVsIUjCZP3a0lKK3MJ0XViejTXOyMmZhs7lsD9TUKkOoZSCpGQR3qraRrPpqxy/Ojrg85/WseHUG0i/+wyFp4Sfl2csv4Vz1H7R3R5ipWvbodCRWNrekafcQGe4fyCo5kBx+fb+tWdX1dNJtRO8LSbm2gDjnryccdK5+bxXDfRNb3WnbonGCvmf/AFqKcZLU3oU6rfPEr21tcWkbGF01Cxb76I3P5dQf8ntWhZ232mIRWzlkDb4i33oXHQMPQ9MiqVumny3CvbxX0MnYx8//AF66bTVOx5X3O4ON8kOxiB6+v1raUmkb1ptKwq6cqOJMlW8wybR0yRg/41Wms5IDGYsNsXYhPATjLOe3/wCuse5vbidjMZnU7jtCtjaMkcfhW7ZXQutLke4Zf3fDM/Q4wc/yzQ4zTuZyhOKTM9PNLMlijEciS4bjPrg/iaqtLptpFvvJluHXkRQ+uPXPv1JFZGr61LLGwS4cRrklimC2OcKvbp1Nefv42tkvolhWU25UCRpMZVj3AHp+tdEKMprQ2m6dFL2ztc9Pk8Xu42WcCRKBgBxlsevt+tczdSyyXEjzcyStw6jsTk/jSI8V1GnIO5d0bqeCPUH+lOz5sbRSDLKeT/I1Djyux7WHpUoJTpr5lS4uJrayubi3XMkUbOi8YyO5GOcYOfpXkjsWYsTkk16zcErbTOQwIRssp49+vP5V5K33m+tehhfhPmeJI2rRG12ngKKVJb64VN8ZjEOc45LA/wAlP51xfevVNFsV0vSYIGlKOw8yQL13H8OwwK0xEkoM4slw7q4pPojUMjjloyB7HNRlEkIkjOCOR6Z9xSKxJwku4+jjB/A4owH/AHiArIvBX1+teUffJWGZwdjDG0ZIPQnP8qac7sEkjOMfiB07dalkxLGsi9QOnqO4rn/EV5f2FulzaPtjJAI25P19KqMeeVjLE4hYek6klexujfIwAbGAVZiOoz/OpP3cJwoJb6c15dJruqPj/TZlx/dbH8qfD4j1WE/LeyHnJ3HcT+Jrq+py7ngPiSnzW5ND0/fJ/wA8v/HqQvxiSMgHoTyKp2F6L3Trec3G55EBfYOFPcdDg1cWRgOGWRO5HWuWS5XZnv0asa1NTj1GvF8pMR+VhyPb2P50zOfmHvj2A/rUvyx/vE5jbqB2+lNlQKQwGMnnGAQf5VLN4tsY27bkMdwyQT1GOo+hzShDIMncqE5A/wA9qFAZ9pBC8E5x07VIw81imcKBy3fNCFKMW72N/wANeKpfD0skccAntZTmSIcc9M56Zx/IV3MPjTw9cRb2e5t2A5RlyfzGf515N5hxhNqoO5HSkLrg/v3/ABH/ANauiniZ01ZHj4zJsPiZ88tG+x2/iTxtDeQy6fpgliR/lknf5Wcegx0zx6fSs628caxYxBZfKu0AxulU7/xYdR9fzrmv4dsoBVujdvxpyHDGI8qR8pPel9YqX5rmlPKcNCmqfKa+seLNT1qP7PK8cNv18qIbQxxnJ6n0wKw923OQWzlSAPvcfzoKlGZCrNgZBAB49CPanwqCfMYHaOmT+ZrKc5Td5M9Cjh6dCnamrIURAANM2cDGD/nrUizbv9XGxX8BUW4OPNk4jH3V7f8A66UueruIgei4yxpFWuS+bKOsP/jwpytFMCMkMPbBHP6ioA43ALOcnoJF4P6Cn5EjbXG2Ucgj+n+FMTiPNxIu2Mr8zMNsg4IA/wD1dOfUVpaZrqaZaXEiW5kvZAFRiw2rnnBGfxPqRjjGaywfMUpIMSKcZ/rUW4FWyHyvUKRj3GeuKVle7MK+FjWg4vQfcNNfXJub2Zp5T/eOQPYDoB7CsXxHLDHoF04jjY58pMjOHPUj325+hPr017iUWFhNdyAsyIXYDjJHQZ7DtXDeJ9fttSsLGG2cll/eTLtIw5AyMkDPOa9ylVhOl7qsfl2OyerhMZdz5kzlK9I0DwgIPCMXiMqJZHkOUYf6uPO0MPfPU9hgj1rzcda9n8P+N/DGm2lzp1zdk2DoFjAhcn7u0g8dxj8R71hiFN03ynZhK0aVeMpLQyAaVlxDJMxAijGZCcdK5668TW9tmK2BmYZAc8L9Ryc/pWVqXiW9v7b7NiOKAnJWMcn2J64rhpYWTd5H1OKzulGny09Wallr1tcPdG9ZYVyDEqjO0DP59utdBoHiC50SRL2yfzLWX/WQkkLIBwfofQ9u+cnPnVjZT6jexWltGZJ5WCIg6kmu4i0kaRHJZ+ckzo2HdDkE+39DWuJpwivM5MsxFbFSdOpqu57ppN1aarBb3dufMinTKuRz1Pyn3B4Pv+dbP9n7h9xR+FeU/DbUWWe80p87f9fD/s/wsP1UgexNe46cy3VjHLjBI5+tcMaHO7HNjXLDzsjzjxLo+xDOi4x1/H/6/wDOuPYbQe+K9i8Q2SvYyjHY4rx6/BWYpjBzT5HDRnoYCt7WBBb5aXcTyDWujlc4rOhhKKPWro/1dZyszuasRXr74zWbC3JFX5uYyKzUOJSKcdrDLPfNXoCdtUBVyA8VM1oWizTDTqQ1gh2IXGarvCc1eC57ZpjxkCtoSsQ0ZjDHBqFhV+SBjyBUEkLgdK2Urk2RT20mKmZeadFDvI9KtMUoobbw7vmPSrZwBk8AUpURr7VSnm3cA4FCdzJxEmuMjC8VUPJzTiajZqtES0LVu2V256U64jE8DRH+IYz6eh/A4P4Vn7yCCOoq5BN5r8jBHv1rmqU3F3R6WFxMZx9nIdaSmWDLDEinDj/a7/59MVMSB1qpOzWsv2kDMRGJQO3of6H2qyBk7icn1rGS6ndHsRzElfu/rVf5vb8qszMBGearE+xoRoAyDnNGnOf7Ph4zgY/IkUm/2NLYuBb7c/dd1/8AHj/jWkdmZVN0WxIvegkHoaZkUhz2JFTYm4+iosvRTAjGTyadkCmZAOAaUep5NakocWJ6Cl57n8qY0ipncQPeqUupIvC/MfY0ctzOpWhT3ZoEIoycAe5qnbEC2jLH5iNx/Hn+tZ019JKrLgBWGD61TMsjDBdto6DPGKpU7qxxSzKEJaK50LTxr1YD606G8g3fM6/iwrmjScdyB9aX1cl5u+x1ct5CqKYh5kjH5UX+I98/T1oUC1XfKd8sh3MQOTx/Idh/jWJpMojkl4BJUEH6Gr5dnOWJJ96pUbaFPHqUbrclmuGlb0XsKiFJTsVrFKKscU6kpu8gzTwaZingU7kE6LkZpSuDjNJG3GKnxmkMixS4qfyeCetMZPegaZFigdadtxRikaoWikxRtoGOp4qMUtSy0yUEinZNRCnbsVEomsZD8mnA1Dup4ORSsDepIJCGqwT8nNUt2Hq63QClYlvoOiGefStCA4XNUo1wtXY/u1y1nqddKK5DoLbVBBo5A/1qnaB7mrulaclsvnyruuXGWY9Rnt/jXPaagl1GBCfl3BiPXHNdtjioTPHxkVTlyrqNaNXG1lDL6EZqjeW5t7V20+2i87su0AdefyFWry7isbV7iYkIgyQO/wBB65rkrjX7/UZAlopRWOAi8sfqe34YrWEW9TnownJ3WxYZ9QUEajqAgwMhIgC5/AVqabcCPbFIkq+Z9zzZCztj+IjoorMNoNKWOaZWmuZOFU8hemc+p5H5fjU6RuGCTP8A6TOMzNn7iDnaP61s48ysbTtJaFi50CKV2aKUxKWLFQoI56/zrltf1MMRZWhJsYs7ypyZG9fcDr79e1XtX1l47RlEjp9pkcrjPyx4CgYHTP8AnmuZ3GI/MS0R4DE/d/8Are9VGLtZno4LDyl71TWxHkF1ZmwzD53HO1TwQBXj1ynl3MiDorED869hlR4tzwIpIBcKQMZAJH58147M7Szs7HLMxJP1r0cLomeXxHbnhY7XwZqDTWUliSTJG2+I+g7j6Zx+ZrrjFuy8z7m9AcAf1P41k+H9Li0bSoX27725UO+eozyF9hgjnvmtVgqnMjbm9AP5CubESTnoe1lMZxwsVMq6i1vDpd5IqI5SB+PqMA/hkV5JXo/i+98jQmhCbGncKMnnA5/w/OvN67MKrQPm8+qqeJ5V0NTQLB7/AFe3jGAgcM7Hoqg8k/5716czEMTGNqkn7oBJ/PjFea6Jrx0ZbgC3SbzkC/MxGMfz+lPh8T6pHc+Y1yzIW3GI/c/LoPworUpVAyvMKODWqu2ejZyVDHPOM4+ZT60q+YzBk+VlG1mPQ1BbMt3BFLCpCTRq4z1we39BWb4g8QR6TAbWAk3RAxgDCA/5/lXnwpScuU+ur4+jSoqq3utDZKwLKYpJMvgMyn+eOwpzJZHKjY6kYO4DB9sHtXLaZrmnaboiXFxJ597OWkderZyQAT6YGfxqhf8AjOa5tGiht1hdsjzFckgf49ea6FhpN2R48s6pKnepq30NjW9B0lNMuJwiQMiMyEHGTjgc9cnj8eK87PWpJria4cvLK8jHqWOTUVdtODgrN3Pl8ZiI1580Y8p23hnX1xa6SY/K/hRo+dzn1B7ngV1TEg5wBIBkEDGfqK8r0r/kKWo9ZV/mK9D1LXLDTWlDuHljJCwjnJ9z2ArkxNJuXun0eS5hGFCXtnZLY1EUvuIIWNuRnr70NHAuNxUnHVjk1zEnji2aE7bWXfjkbhjP1/8ArelZVx4xu3ikSGNYi+NrA8pj+dZww0m9Tqr59h4xvDVnVNrejG7W3E4Dk43jhRx6/hWlsIizG25COgPUH0PevHixZskkk9TXqHh5pP8AhHbJ2JbCEMDnj5jj9MfhVV6EYK6MspzariqzpzRf3BwCByDtRfTA6kUF2/56N/3wMf4051DL5idwc/T1qMjAzjjoSB/X09BXIz6VWauPUoAMoSr5VkHrTvLdl2yPwP4Qf61hax4gXSLvyVt/PnkUN97AXnjtzwP5Vg3XjO9mHyRRRnOcjn+db08POSuePic5w1GbhfVHdYtlJGUP1pRHC4KowGR/DXNaR4wguisF5EI5mICsuAh57+ldKSp4dCh9e351FSm4OzOnC42nio81NiMGjZS+GRcngY5po+U7hjeQCWxnr2FTbmTiQ7lPQnqPrUToUfA6MePY+n5dKzZ2oC7HgkuO6uBz9Md6UFshE+ZlO5D2APY00AgrwVJOANoHY9voefpU3ECBE5c9Pf3PtTQ5B5AYl5ZCfUA4H0oxaf7NBCKwL/PIecdcf59aduftAQPqKZnqYPi+zaTw5JcW7NshkUsFbIwcj+v8680r1PxIynQbxUiJYgZXJHcc/hXlpFelhvgPhc9g1ibiUUUV0HjBTsE9BmpbO0kvruO2iKh5G2gscD8a7nwdpem3GkPN/alnb6h5hBjuRtBA6YfnHc9OeKicuVXNaNNVJ8rdjO8P6VJZn7ZPlXeMhF28jPc/hmtzOevXvWpZ6HdanDNLZz2dwYc7o0uQ7tjuuMgj6kVlZryq05Tldn3OW06FKny0nexq+DJGTxtZqDxIsit9PLY/0FfQPhpy1lMD/DLgf98qf614V4AtDceJJrrH7u3gPP8AtNwB+W4/hXt+huItOZy3MsjH8sL/AOy5/GilPkqXPDzpqU7I0NTAa2cEdq8WvYP+Ji/HQ4NeuaheIts+XHTvXltziS6kcjhmyB+NZYiq5MeUxaTuVtgAwKRPu/jUxqBerfWueEj2GRuowRWW67ZwR61s4yKzrlAsnHetIvUY4DP5VPEOahRlK1KrhTnNOSuhljNAqLeD3qSFsyAdqy5R9DQtrV5QAg69a0YdFaRhuGR6YrT0K0SSPdjNbjWwGMLTseZXxTjJxRg/2FEI/uiq02gI0ZwuK6xbR3XJFNayYDpVcsjl+tvueS6nYNaTle1RQrtT3rrPE9ht+fb2zXHzMUyoraLPVpT543I7mcH5RVFvWpGPJJqu5rRIJtIa7VFyaUilAqzmbbAD1FPAIOQcGgCnjFJ6mtJWdyZZQy4bHoQe9QbvsbCJ2Jtm4Rj1X0Un09KU1FeTbbOXcAw2nAI/z61i6fbY71iWldlia6gCFdyAj1aqwuoj0dfzrmtw7kD606j2Bz/2s+x0vmL6021IEs6L2cMPoVFc6Cw+6xH0NTw3Usblg2SQBzzkDpVKlYf9qKb1R0oHufwoO4e9ZMWpnHzqfcjkfkavxXSSDIbPsOtZ+zZ108TSnsybzB6UUgcHoaKOQ3uUQj24zFhkHSNif0P+RUcmoZT5VbcDghuMH8P6Vq/Zkf5jwD0xXP3URjv5beJS8mdyrx0xnOe3HJPpTpvm3OPHzlQjeIyWWSU/OxNRFgq5GSOc4HoCf6H8qtx2mFjmkG/KnKBf4gQMYOCxA3A56the9Sx2/wAqW4bqN9vKPmyo6EZ6kEYIx0AwMEkbpJHz8qkpO7KaWU8kbSAqqRnEnzZKgHnOPQc9egJ+si6dhkYFnJ5KZA+ZR8yHrg579CGDcAGrNj+7udyqY3KbZIz824A/KR3OCMgjkYwdv3joHS5pS7JF5MiEFo92I5AMlSj4+UjsSOM4ORwE5xi9SeWTMe2tbdnKykPHIu1XyeCQcEDPBI+YehDADIxVkafv+XyYxMuM4GQehGMdRkLjHVMgZOa2DpmZS01wYpiflkXCk+zA8EE8nGQfQHObsCvCrBIgykfMYhx6kgdOT1AGM+tYTxSWqKVJmPYaPAYiTGI51BCHuBxw2Op4xnuOep4ZLDJAcOpB/Q/StxprYOodCjEYWTkBvr1/UYoLRz7o5LdwWxncvBOeuQOvuKyjipJ3ex0Rjyqxz4p46Vfura2BzEzIRwQxyBxwPxGcHJqmRXXCopq6LG4qVIWdsLyaktoTLIBjiuv0zRRgEjpUzqqO4zl006bANSNE6Agr0rvP7NiVcbOlQyaRHIjAL+lc6xJS5Th/NATnioTMM9K1NX0g2pbA4NYldcZqSuHKuhL5oPanbqr96kU02VF9CYc0opi9KdSuWOpQKj59aWgpEoWlKDGRUYNO3mkUhpBPSlB4pWJzxQWGMmlYbY1clwBV8Hc3FVIG/edD1q4GBkqZCW5YT7oq4i5XgVUyPUVehmTywCelclWLbudcaiUSxpz+TqMDsPlDYP48V2wGa4GSaNU3FunpXR+HdeTU7YRSkC5QYYf3h6j/AD2rPkla55mPTk1JGreWcN9btBMMo3cHpUVnpVpYg+RHgnqxJJ/OrxooUmlY85TklYo6hPHa25mZQ0g4j47n0rCt4Jf7Ou7xlaSeUFeBn5SecD/PStvU9NOorGvnNGEJJ2/xDFQ6tIumeH5/LJXZHsUgZIJ4B/M1tCfKjelJWUVuzzi7uWnuHdfmA4CHpt9R+eah3qqmM5MbD5QB+YpnOxAgJbcMDsOOfwqVVS3UHBZzxwOT7D2rrTufWKKhFIjaSRLSYsoCrE/zN6bT+teOfx/jXquvXBh0K7kk2rmMoFzzk8f5FeUV34Ze6fHcQTTrxS6Hr1rKv2eGcFnUwoFY8g4UZ/WodQ1ODS4hLcSYkcZ4+8ecEL/nFcLB4t1S2so7WN49sa7UYoCQB2//AF1j3NzPdzNLO5dm7k1Cwt5XkbSz7loKFNamjrustq9yrhSsSDCKTk/Un1rIopOtdiSSsj52rUlVnzS3FxVi2tZ7qURQRNIx7KM12fh3w3bw2sN3eQieeUblhYfKinoT659PSunjt1hTZD5cCc4SNABzzXPUxCjoj2MHkdStFTm7IrwodL0xQRujgh555G0c9vrXmOq3Zv8AUp7k5+dsgGvSNciuJdEukt5DJIyj5QvJGRkDHfHb0zXnVnpF7fXXkQwtv77hgL9fSow9tZPqb5zz3hh4K6RQ5o5rrIvBNwMi5uo0P8IQbs/yqhrugx6NFbsLvzmlJ+UptwBjnqc//WroVSLdkePUwOIpw9pONkYQ5NdVH4RJ0xrkzM0giMm1RwOM4J/CuctPL+2Q+dnyt4349M816xdyF9PufLbZGIH+cjjG08Ad6zrVHG1jry3CU68Jyn0R5Zp0c76nbrbMBP5g2MccHPBq1ruk3mm3QN23medlhKDkN60/wwf+Kltfdm/ka63xoyLoSJLmSQygRkj7uOp/KqlO00jKlhozw06l9UzzmrFpZXF7MIbeJpJDyABT9Oe0W+ja+V2twcuEAJ6cdx3xXVQeJtItIT9nsmR8HCqgAP1PWrlJp6I58PRpzTdSVjkJreS2uZLeZdskblHX0IODXqmnobXTbRCcqiBH6cEYrzG2DXeqRcfNJKOg9TXq4jUZkk69/T/9dcuLfupHv8O017Sc+wJvAcKgKMcjdTFt3+XITg56+9Tbnk5A2D3HNG1v+e2fY4rhS1Pq5X5XY8s125kudaumlOWEhUD0AOKqW9pcXb7LeF5Wxnai5Ndy3hW1jnmvdRkMylmkbYNoHXP1rJufFiWoEOjWq28KnkuAS34dq9WNS6tE+AxODdKbliHa/wB5WsvCeqGeGSW3UQlsMRMnAz7HNd8v7pQib9qj5o3OTj1B715rL4h1KaUPJcvjP3VO0fgBXbaFqU2pWYlKbSjsi5Yt8uM855OMgVhioyauetkWIoQqOnC+prZVQYzkoRle/Hp+FBWaSEIyKPQtTkCQKBglm6cZJoxKeS4T2A/qa4D6y66DVheNt4RDxjAyP50eZsaR3QhyMKD0I9qdtk/575PoQP6Uu8/cmTGeh7H/AAoFcaMhSN2Wxl3/AKUmB12OT1B34Y+9I8flOB0j3A/T0/DpSfKSWYdRycc57n1B9KBokGHAjclkbgZ6g+hqhNZaPCQ09lbGaSYD5owQ7HsB+vFRa1qiaZYtK2C7kKF7lh/Qcf5NeeXuqXd7cieWZty4244249PSuzD05P3rnzmb47D05cnLzSO3vPBq6hdl1MFlGBgQwpk9+T2zn9K5bxDp9hps8dvZ3BmcA+adwIB9OB9azptRvblQs13PIo6B5CaqnPeu2MWtz5evWpTXuQsAJByDigE9qSr2lXEVrqEU00YkjBwwIzwRjI9x1H0qnsc0EnJJuxt+FY9R0/UI9RgcwhcjLfx5HYd+o9q3iHeRIIEaSaQ7URQSSScdupzW5YeFta1dUmijijt5V3LcSSrtI9guW/SuusND0fwfb/bbmTzro5AmdfmbjlUXPH59D1wTXkVqjlLXc+sw06WEpctN3kyzoelr4Z0FYpJFN1MwaVwMjeR29Qo/A4JHXFby6rviWO3dVijUKoJyQMYrgptfN3qIuLnekaqRHH1Cg/TqenPf2AACJcmaXcHDDtisFe95Gf1f2i5p7nT6jrTzgxJJn1YdDWRmohTgeK55tNnZSpqCsgY1WJ2y4qfNV5uGBop72NmO3461n3xyKsytjBqlcvla3jGzH0Eib5ak3iqiNzUua0aEmW/MyOuafFLtcGqW6lV8GocS9z1Hwy4eHArrFteM4rhfBk/8J55r0YDgV1YakpLU+WzBuFUSOEbBxSNbjOQKnj+7j0oc4Wu9042PN5nc4zxTZZtWwM9a8nvMrM2e1e4a6iy2LfSvEdXzHcsAe9cFWCjKx9JldS8LMzpGqA804nNNAJPFSjqndsQilAqYQPtzim7aYoxG0dKXFSwxLK+GOOgwO/8AnuamUrI0SsQ1Y/s1bmFxcqfLx9znJOeAQMEDj2/StGOK1iAkRS3B+bqT+H4+1KZE2/vI3VOix/3vUbR/WuGeJk/h0Im7xscv/ZYEpZ4I/JDAnCgg46AdM8fLjuWY9qhmtIliaQ26FioWJccgDuSMcEDr3VS3BNdhkuqrHE3J5HYfj3OO1ULvT4pRmWUIu4sYlIw7E5y5Iy3IB5znHTitKWLu7SOGVLscolgpCkGXBKgbTkv93GBg8sMkD1dOgzUiabJLKscDrIdvzMPu55Bwe43DA47HsK35NIu5SAZAiYJLoDkA9QoOSWOTljycnoM5qXaPBYlPKS1ikUg7vvhBgHJ6LnAGOTgEfMcCupVoy2Zm4SRgjcvLDg5wV+YHr0PQjg89OD1xUgc54OPcVcijAjMzIUjGFVNpGeMcr1xgkBTnIYngsCWval3KyHFyT8w5JQEYC+5AGcd9p65BNNXEpOIxbuYLgkH3IoqOa1uIpWjRY2VTjJlC/wBef8jqCKKXKa/Wanc6GGXBK47+tXIbG3mLM0Si4DB1dTg5Ucfoenfms8DAq/aykqMH5/5kf4jj8a8+baV0z6vEUlONmOWwt2VgIgUYAvGCcHjAZeevT8h6ZKpYQKH8iONgx3YYEgN64PQ+45q4u2RNy4LtzgAcn1HTn6Yp23cfmZpCPVAWX6kYNczrT7nk+zgnZIqZKE+ZblVzkui5z7n19zgE1MJCnIdTkZDbefx55FSlThhFLtbgAdjn2PT8MfWq8jnyxuCAkjIGGB9Tk56/U9Op60k+YuEYyfLYdPcPFDmSNCBxjHQ5HPPY/wA6rRXUUc+Gfap5O5Ac8eoxj06GkB5Ofut1Hr7/AFrPmDKyqfujO2uqjRjJWZniMK4e8act1HlrcMZI2BwN3Qj0PUc8YP16HFVPNYZnDj5SwUAY59x+J6+lVaWuqOHikcaiySSUyAEn5iDu/M/41FiinAZrWMFFWRSi7m14es/tE474PSvS7HT2CA7a5jwVp5f5yvSvTIbQJGABSeHdRnFi8SoOyOfms8DGKjFqcV0E9v7VB5IHUVhUwzSOeOIujitYtBJC2R0rzq6QRzso6Zr1jXYxHDIcdq8pvGBuXwe9FBOOh6VGXNEr0CgUV1FslR+xqSqoqZTmkaRdx9LSUtK5oApaQUtAxaQ8inUh6UgH2v8ArD7f/q/rVtFy1Q2ajazf5PX/AOtVqPG45A56VE2JElSKeKiAzVy1gMsgVsgdSe9ZN2NOlyLBbpWaTJaXW+N2QDuOuPr7V1psIBEzDOQO7GsS+ssIzrjCnPJ/z6UQqJuxKabszY0nXNWlPkx7J9oz8+A2P8/zrYSbXbhiphSFf72Rx/n6VyFrK8LrJExV0OQR19//AK4/Cu30/Wre6hHmOscvcE8H8ac4tK8UcuKp8j5ox0IPD8jkXcMrlpUly2T68f0NQeM5PL0Ir/fkVRxnvn+lWJXGm6sboHNvPgMVxwf8/wAzVXxk27RYZIl3jzQeD2wai3vJmNH+PGR5/DIi7yx5AJGV24UD0/OuLk8bTJqs0iQrLaE7UQ8EAd8+9b/iu/kttAm2xMplxFvz0z1/MA15pb20l3cRwRLukkbaBXrYenFxuwzrH1Y1o0qWhra54kudZVYmURQKd2wHPPr+RrDra1vw/LoyQu0yzJJkMVBG1h25/n3rFxXXC1tD5zESquo3V3LVlYXOoTeVaxF3xn0rW1DwrcabprXU9xF5ikZiXng+/TPTIra8HSW0ejXCtLFG7yfvWdhnaBxgH3J/yKz/ABZrcN1ItjZsGgjOXf8Avt/h/jWfPJzt0O76th4YX2spe8+hylOjxvBbpnmmUVseYnZ3PWX1jT7eO23XcSrOm5ZR9zgDOcd+31rl5vGBZLhAhD+buidQMhfQ5H9K5CisI0Yp3PSq5riKkVG9kux2OheKZXvlh1GX5H+VJRhfLOepxjI5712m0sWik/1i5ww+vUV46iM7BVBLEgACvUdHW9bT401GOSOeE7MMMMRgYP5cfhWOKppK8T18jxkqknSq6+Zed1MB8x1QqSSxPAx1J9BXmGvaidR1OSUHMa/Kn0H+c10fijxEgSTTbPYQRtmkA9+g/L9a42OJ55ljjUs7nAA7k1WGpOC5pHNnWPjXl7Gm9ET6dFFPfRJNKsUWcszewzj8en413Op67ay+HpmhmhLsnlFARnJ9jzgDPNcTqOl3OlT+TcphiN3HIIqia3nFTafY8qliKmGUoJbmn4fWR9esxEMt5oI56Y711Pi+/tYrE2KA+fIQzKCCFwT+v+Nc/wCHtNubuZ5YdkapgGZgSYz6rjvxXWQ+GtORiZka4mfOHkY53dOcVlUnBSTfQ9LA4bE1MNKMFZPqeb4NaFtouoXUXmQ2rsmcA4rv4LLQ7GXYVtPOLYw3OMjpz9eR2rVV8KBGhKhRjAwMe3tSniWldIvC5KqkmpTXyOV8M6A1hcfbL8bXA/dJ6HuT+HQV1QwzF2P7tOgpfMb/AJ5Pj1FN2o/KHDf57Vw1KjqO7PqcHg6eEp8sAY7uZN2D91B1xTZDHEjO8caoo3MS44Fc1r6a4dSHkSOLcBWBjJ2qD13Y9D69qx9ahFrFmHWPtjRkErkjbn0GSDj1z36VvDDKSu2eXic79k3FQ2Ok8UXqWuisiXAjeZfkjIyxHGfoDnv9K8361JLPNcSGSaRpHPVnOTV3Q7dLnWrSKUKY/MDMp/iA5I/HpXZCCpxsj5nF4meNrqT0Jk8Oak9ss625IYbgo64xnOK7nQJLKLSLZYJE5TJUN82e/HX1/Ttinalqk88jaZp8f+lOpDuxwIQR1OOAcV55ZXL6dqiyIwYxSY4PDDofwIrKSdWGuh306lPL665Nb7nqqnavmMu6V+wP44+lNOCcMpkYdcfdFPlgMTt5TZKEqADx+FY9z4g0y1kkhnnOYzgqFJye/Tj9a89U5SdkfYTxVGlBTqOyZqBF/wCeAwOpU9KVpFjiPnMvk45kcgDHoSa4+88aYyLK3VSOkj+n0BrmrzVb2/4uLh2XOQucAH6V008JJ/EeLi+IKME40ldnos/iDTYLWQvdJLggKEOWOf8AClsNVt9Rjka0cu0RGS0XIz3z+FeXFmbGSTgYFdd4GjuBcXEyqPJCbW6ZJPI/LH61dTDQjC5yYPOsRWxEYW0YzxukgurRt26HySq+zBjuz78g/iK5XynaNpFRjGhAZgOBnp/KvVdX06HV7I20/wC6fduRmHQ+3qPauL1nQf7D0qISXe+4mlO6NCdm0Dg9snn0rXD1E48pw5vg6sK0qnRmVpdrb3VwRdXKQQryxbqfp71p6/faTNaW9rp1uFaEkGQZwR+PXnnNc7zUksEsAHmRuu7puUjNb9TylNqDSXzIqntLWe8uEt7eJ5ZXOFRFySfYVBXpPwasGm8TXN6Y8x29uV3+jNgD8cbqVSShByM6cOeXKaUGr654R0yLRI3Fs3lrIBIvmNFuHK5PHXnocZIFc3qE93qM/wBpvriS4kYcOxyCPb2+ldT4gvbe88b3SzLE8AcRbmJUfKMduR8wrjtckvdK1YsywCB8boo84I4+Yg9Cw56+2eK4YR9reS3PfdSOEUVJaMdBNcWvMErKB/Dng/UV1vhXUVvrzyJCEuCOFxw4HXH0HJ/PpnHIWd1BqM6x22Vkc4CSsAfz4H9a0ms7rTrtW2mG5iYMrddpGCCP0NZVKfSR6FKVOtG9NnpUkLRNtcY7io2q/HPHrHhy11ONQrMoLqOxztYev3gce1V1UHrXmSVnY6KT50Vahn+6KtyR4biq0/3KdN63NJKxVmAMXPasyVicCtJz+7IrJkPzmuyJKelgB5zUgaoxRnFUwRLmlFRb/alBNFi0ztfCNzsnA3EZxXq0EuYh34rwzRbw210rZ4BFepadrMTQAbgfxq6dX2Z4mZYdylzJHSrOAetMuLgY4NYEupgv8hz61XnvpmGc1TxLa0PNjhG2XdVu1Fo2T2NeMa3KJL58etdfr+sOI9gbkgiuBmkMsrMe5rKMpSd5HtYOj7OJD3qWADzRuptOXg1bOu2pqAL5YwBk01rP5M4qvBKQwBq+Z02daQ0rGU6bWNNUlTkdcYP0qWVgXJqGk9VYZbaUv50CtxklMdOvT8qdHOsQkkUDdvwp64GTjjvgD+VUTSgVi6EWieRM1ZrpI4seYCe5xuP4en8qjhmKsESNd7DuBx6dAO3PWs7FWUZgGJPzk53Dj8qwnh4xRpTw3O9DQMjfxYUdQMD9c1E8uwn78rDooXGPx5xUMLbWUAoqqOCwBx3zzVtFk3ksVSLP3SRk9+vr6DjA9a5HHkZpOCp6NFbyTIVZoo1ABKkcEZ6kHt9Rz+dMhsrWNCYol4zl+SFyck89STzz6D0AGh5aMpH3v9rBI/Mnk/X8qAu5g29mA6EqMfh6/lSVaS6mLUHuigtsYR5dtCgjH99A5z/wLn/Oe9FWJJzC2xQdo5HJ/wA89fxoq/az7j9jD+Uxc1JCwD4PeoACepqRflYEZOD0JNdLR7jvY2MgRKrcE8+46/qeuKZK23jAIz/n365/DFQJIG2Seh+b86RsNWKp2dzlVH3izHM4+6xIUfdI5/D1/nyaz71z5i3ajlBiUdcr3OPUdfoPepdoBH+JoKbhgk89c1cEou5fsUtUhwbIyO9NdQ64IqvaEoJLc8mFsLz/AAkfL+n6irAcd8j61rblehVlONmUiCODRU06Y+aoc12QlzI8StScJ2CnwjMoFR0+NtsgPoaohaHsHg+HyrEH1rtlwRxXmPhbWFSARk9uOa7GPVJSmUQn6VvTqpaHh4yhJ1LmpMQXx1xTHGVrKS/dZMyqVHvVr7bG68EfnWVWqpO1jBUpJHO+LZPK09vcV5FM26RmHc16N43v1aEIpyelebk5JNZKKTuj2sNFqnqJmnZpuKKs1HUDKnOaDyKQcUAnYnByKdUKNip8gjioaN4yuhMU4UUAUMtD+1NIp1FICzb8Rn61YjQu21RzVSBjjFa8ChYsj0rOpKxUIXZJDbhU/rjmpU4Oai80qCQKoyagQ/AFcvvS2On2ZtCZu7n86zb258x9i/dHXPTP+f61U/tFuxxSQ9COp/nW1Gk07spU0i4qbfmB6Gpx+7w6j5HGSKiiG/5n+4B83+ff/PWrG0kmR/Xgf59/1/Cu2xzz3sK6bG3pxxkir95N9t8GyhTteFgT0yo3Zz9MGs/BkO92Kx9gOf8AP+cUqXTRQSgALbOu1we4I7D8f89KznC+qMpU3JpxWxyGo2KarYSW0kgZTyGUAMp9cf04rmtF8O6hpWqJeGOCaFSylg/I9Tjr09q67lmBGBJj5WAwc9wahnu0tbeW7bbHCFy5foG9vU+1bU6skuVI2xmBoVJqtN2aOS8dPdSS25ZUFqM+XtOSTxkn/PauNrovFOtQ6pLbxWpJhgU/MRjcxP8ALGK53tXoU01GzPi8dKM68nB3QnPrRRRVnKGKKuR6Xeyorx2szKxwrLGSD9PzqCa2mt3KTRvG46qy4NK6KdOaV2izpemyapei2jlSNyCQXzg+1XbnwxqltJsNuX90IYfpWdZx3DSebbggxEMZAcbPQ16B4a1RtasZFuJibm2I3AYGUxjdx1PUE+49azqycVdHdl9ChXqezqO1zm9O8Iajcyq0myGMEbmZvm/ADmux1bUk02xecsQEwkYOPncew7DqaffTPYri3hnnnc8IvK/icYHH41zh0LUtWu1n1WQw246IvO0fyH1Ncym56y0R7v1eOETp4ZOUn+Bzmn6Xdaxd4jwFJy8rHCr/AJ9K77RtLtNIh/0dl89hgyuPmPsPb6frVq3t4bS2jigiVEQfKAOB6sfUnualJkbOWyT0BXg/SsquJctI7Hdl+TU6K9pV1kEsMN5H5F5CkiH24P0PXNc1qXhixDxW8EbxzSyBA7uQvvwRk/gevFdMdqQ73Vmi67R94kc4HfPpXnt14ov2nk8qX935xli3KCUPbH4Vph+eWqOTO3h6drx1O5ihttNtzEWjhgiGCzDA+vXqfTvXOan4uiXMdihkZWBWYsVHHsOo9j+Vcxd6he6pMpnlkmk4UA/pxW1YeC766jEk8iW6nseW/L/GtlRipXkzz6uYV8TD2NCNoo5yWZ5pGkc/MxycDFdT4T12eO4TTpZG8lz8hPJRsdvbiuXuoWtbqWB/vxsVb6g4ra8JWsdzqpaQZ8tNyjrk5GK0qKPI7nm4CVVYmKi9bnoQdjwkquf7r8Gl++SVO2Qdc/yNMLg/fyy8ckYI9x7UE4kwMmVTg4HUV5KP0i3umHrGs3tpfiLYBDc8LNg70bo2Dn3HB46U7UtO02KwmnngR3SEguQQzNk8kjjJJ/LArYksY7ibzJkj3KcghQcfjWN4ruksdFeBZHL3HyYJ4wCCa6qc3JqKPnsXhIUYVK1TXt5HnVaWi2d1ealGloWSQHJkU42Duc1m5rQt9UksrCS3txteZv3kwPzFR0Uegzkn149K73sfG02lJNnR6rqlto9jJpunt5k7ZWabOee5z3P8vrXP6FafbdZt49pZQ4Z8D+Ecms3dmpIZpYJPMikeNhxlDg0KKSNpYnnqKUlouh68Pk+eP7p+8vp71zGqeEElW4uYJy0juzoCcDHXHPfrzn0rD8P6reNrtqJLiSQMdmHYnIPavRFgbaA7nHoMDiuGXNRlofW4d0c0pe+rcp5g/h3VED/6JIdnUDn/APXWX0OD1r0rxLfDTNMJimPnzHYoz27n/PrXnMFvLdTrDEjPI5wFA5NdVKbnG7PmsxwlPD1fZ03c7vRrDSE0yGN/scs0yb3Z2Ulfb1GPTity1treygW1tXWNFBcKBn6sc/5xivNdYtrmwu1triczNGi4OSQBjOKopPJG25HZWHQqcVE6PP1OqhmkcM1H2auj2LzCgBlRZI88EjIP1qKW1tpZm8+1glD5wzxBiO+B6DHTFee23i7Ube0aAMrkn/WOuTior3XtRv8ATVimmJVJOQBjII4z+RrKOGmno7Ho1s8w04awuzvF0XTLa4M0NrEvG4NgkfgM/qKyfGKW50xZJUzKSBE2/GM4JIUnoeecda4kX98YhAtxMUAwEDnGPpUDLIfvKxraNJqV2zzcRmMKlF04UrAFUxs2/DAgBcdfWu78HfEKHwros1j/AGd5ksjFvPU4ySMDIPXHb6muBqzb2c11ny0LAdSOlbTjFxtI8ilz83u7m1d+IIsq0CM7nLOZPU1narqjanc+eYvKJUBlViQev+NTQ+HrqXgzQRtnGHfn9AasP4P1Nbj7PGYJpi4jCRv1YnHfFZR9lDY6qqxNRWkmc/kqeOK1bXXdShkBNy0g27cS/OMenOcVaPhLUkuXglEUbIxViXBAIOOoq7p3hhre4iuLqaNlU7vKUE5wehzx/OidWnbVmlDB4rmTjFo9X8ESGXwdqAIICSuVznj92rY/OgXC7gPNTn0NYuheKk0LT5bRtNe48yVpHfzAo5AGACDnhe+O9bdt4h8Lau6xTRGwnPQyAID9GHH54rxqkE5XR9HS56LfOmXYkjc48xTUd5aoqkg1al0hrRt6kvF2PpWfes2zbmsElc351PVMzmQZK7xWRIMSMK0z941n3K7Zeuc12RER0UmaM1dguFKDRQBk0mCZNCxEgxW1a6nLbkcnH1rHiXacnmtPTbU3c4A+7mom0ldkzatqdRZ6m8qAlC30qzLLcTjYF2A9qs2dikUICgD8KnW3xJ0rl9vLocDlBPQ5TUNFmmUuTk9+K5i702W3YkrXrDRKRg1i6vpqPbswXkU4VnfU0p1tTzMjBwaKs3cJimYY71XIrtvc63sKpJNSZOOtRDjmlLGmIeeaTFKtJigYlFLigcnFS3YuCux6LzkipBRkCmsxAzgDHPNckm5O56tOKhEguf3zrbLyGG6Rh2Xpj8Tx+daazsEKrhAAMsOn59efz/pmWis8bXBJDTHd9FH3R+X86sFfc4+pqakU0kR7NT1ZY87zJccksfvMOfwHQVKJCPmdjkjP0yOv6/pVMAKQR1Bp7FTGox35/p/OsXTRMqC6IkmZklYDoTkUVWlutsjBeQTnmij2b7C9k+xUoFNVgyqw6EZFOzXQdid0WIPusPepqqQuFkxkc1Z3L/eFSxDqBTd6+o/OlDA9KQFeX5NQhfnbIpjP8x/WrG0HrVe/wLYS45idZPyPP6VZJxWj2uRH4mhjrhDxkelU6v1SddrkVrRfQ4MdDVSQzFOFJU1vA0zgKua3bSPPsX9JvmtbhTngHNep6Nq1tcQKd/zVwNjoRKB2GMj0rSisBAcxyEHtioVeMWYVqKqI724kidTyGBrldU1ZNOZgjHHas65kvUibbIT+Nclf3E7ykuxOapzjMwpYVweo7VdTe+mYk5rLp/WkxQdj0VgP3TTKcaSqMhQaU01alzkUDRGeKkjfnBphFIKRcWXRRioY37Hr2qwOalm6aEpxoxSlTj7ppBzIWI4atyAAxKT3FYaAhs7TWnbS/u9jduR9O9Y1FcuFRJiy3CJlc9aypGG6pboEuSAaiWB2GcH8BmnBJI6VUj3CMZ+b9K0Ihuww+9Wezx28TSyyBI41JZjXM6x44t0geDSt7SOCplYYAB4yM855PXGK66VOUtjDFY6lQjq9T0S3lEnzJg4bC89SD+oGDj1x+c0mXkCE5A5Prn/OK4LQvFqLYwNqOqWttuAVY4rcvINvHLE4XP40zXPiRHBKqaPGkx6vLKDj6Y/LnPat/YSPJjmVLl5nud9jzWy33AM/X/I/T8RXMa3r9pGx+0TxxxqcrGTuYnB5Kjnn16CvO9S8Y6zqYKyXPlIWzshGwCqunaNf6xPiJTtz80r5wPqapUF9oz/tebdqMdTe1DxmpTbZREPuB8xwO3sK5i6vr2/k33Mskh7c8D6CvQdP8J2OnofNt1u5iD87Hgcdl9Ks6lf2mj6WkssCNtOxI9gUk/4dOfSiM4RfLBDxGExVal7bEzsux5W8bpjejLnpkdaSrV9fT6hcGWdySM7R2UZ6D2qBIZJFcojMEGWKjOBXUfOta2RFV3SZ47bVLeaaNJI0cFkcZBFMvbOSxmEUudxQNgqVxkehANVx1BoeqHF8sj1/aQRkPu6j8/8AIqO/hsb2wCXVvuRRh2HJ4zlh34z/APWqtpLSXekW8xGd6YzuI9v5g1fO5YwpUqB1Yc4AryXJxqH6J7CGIwqVt0cBOk/hLXluLRo54GGULgMk0ZHKsO4IODSTPEL1dT8P+bbof9ZC33YCe27oVPPX6GtDxjphVUurZmNuz/PF2Rz6D0P865iKe80xp4gXhaWPy5UYYypwcEflXqQalG58HiaUsPXcdrHofh/U01awaSXZHcI21xH8o56dP85rW3PE2JDuU9Dj+deY6HrTaPcu/lCWORdroTj8R716Bp1+11ZxzSQhIZVJDeZuXtgdAcjoeeorhxFJxbktj6rKMyjVgqUviLkkewEr91h+AP8AhTPzAzktjGOR1Pf0GPWnr5hj2eWSvq3HH+NN8mQbeF4/2j/WuM+kTstSlrdx9h0C5mfiRlKrjsW44+gzXl6oZZFUfeY4ArufHdy0draW3P70eaR+Yx/OuP0uzl1DUIreEgSMeCeg969TDrlpnwOcVXWxfKjutB0G30yISSxma7ZfmJTKoD2Ge/8A9ftW4io3+rJQ+nP8q4zV9f8AEOnTpa3MqoyLwyDiRT3z6Gl8M61e3OoNbXLtNG+XLM3KEdxWU6M5e+2elhcxw9G1CMGjB8Q7f7fviq7QZn4/E1qeC2xqkq7AxMRAPpyO1Z3iVBH4jv1XOBOw5+ta/gm1Ms91cAZ8tVXPoT/+ya3qfwjyMGr49W7naEE5AXl8gDt2/lipBiJQACzt+ZpqRyRksEUk+jEkfnSebh2YqfMPRcduwFeUfoUmreQ5lO7Mz9eij/CuF8bXKvfw20YG2FDkgdST+oAAH1zXS6trttoyfNtluz0QHp9fQfrXnuo6hcaldGed9z9B6AZzge3Nd2GptPmZ8nn2Opyj7GD1KNFFFdx8mTW9vLcyrFChd2OAAK6S08FXsv8Ar5o4OBwQWPP04/Wm+Cgr6nMuF8wxfKSSO4zjFd4vmRoQI8k85Bzz9DXLWrODsj6PKspo4mk6lSRzOg+GbjTtRae42M0f+rKsCAf7x9OO3vXTMsSnEhZ2/E0KwwEQEOeWLdvc00PtUBDsXsepJrinUc5XZ9NhcHTwtNxpnn/i+6E+stEg2pCoQLjGO5/U1reGxaaDpq6vcTJ5s4KooOXVc44HcnH4DHPNczrpc63deYSW8w5yaz69KME4JHw1TEOOJlUau7m7r+vf2w+xLeONAc5xlzgcc+nJ4FYNXV0y7Ngb3yJBbjGX28VTq42SsjlrSnOXPPqGOa1dI0i81XzobZUAG0uznGK6bwrpNodJW6lgWWSVjlmGdijjAHue/wBK6RIrePzPIhjjhLZbYuN5/rXNVxKi7Lc9rA5HOvGNSb0ZQ0bRLDSYWUD7ROw/eSbM49h6VpNHZokhMIChDuTbjeMZPsRxT8noXYHssY5/Gop2H2eQSzMsYXMjFQGVfUcfWuRVZSnqfSTwdKhhpRguh5RbANK6CESs6FVBOME9667TooNK0iA3ikzSkyCAjBx0H4YAPPr3ql4av9P0+/1CWREdFXMRcdg3b3xgjpV2+tXl1ORmLurhXR27gjPHoPQdq9Nxc/dPgXW+rQdVFq11e5aYeRaQIg7c/wBDXa6Prdq0qvqenxpJ0W6hXLJxjOMFgMZ5BP0rk7CxCKuBWzGoRcAVvHLqco2Z4NXiLEwqXT0Jdd0F9JaOeKYXNlN/q5wc9sjJHB46EcEcisbFdv4feO/trnQbvmCZC8fHKHIz+pDAeoJ71ydpo+pXVxLAsB/cyGOSRiERSCQeTjI47c+1eFXoypVHBn6TkmbwxmHVSXQpkVBJAzQhmRthJGccEjrg9yK3v7N0m05v9U85+QYLFd3/AI+wx+n41p6t4n0y88MjTbe0kjkAVFjIBEYUgjnvx+PNZXPUnXlJpQjoVfBniKW0u49HvnMlpMdkDtz5bdl/3T0HpntmtrX4TZ3Ix/q3GV9vUV51OuU+lej310dZ8G2Gosd0mF3t0Gfuvx2+YcUmk3c469P2NVNbMw45CZMCq94Bu/CnR/ept0OAa1Q2U808UynirJuLUsSd6bGhc+1SSMEXP5UC5rCSyhFIB5rr/CsKGLcRzxXDcscnmu38HyEvsIyDWVWLcTKs/cudvFASOO1TfZvmBx0q5bw5QY/GrJgA7VjCg2eJOvZmXJb5Tpis+eAtGwI4IrpfJBXGKqvZ+1bvCtIUMRZnjmvW7RXb8Vimu48Y2RWQvjFcQeDV2aPoKM+emmNIpBTiaAKZdhRS0U0t7UtwuKTRGTuOKSpYlwufWs6ukTfDR5pjhUF8SbbywcGVhHn69f0zVjFV5edQgXsis5+vAH865473PSm+hYGAoUDAA4paBSFlHepepSFpCcAmk3r6j86ZJIuwjIyfekUVzyck0UmaKYyvaqVjMTE7omKfl0/nVjaPSmyJ5WpyjHEqBs/Tr/SnirlvczpbAAFOR1zmro5FU6tR8oDUtGjHYHpRtX0ooqCSvdRA2c4XvG38qfCzvbxvwdyg06T/AFbemDTLP/jyt/8Arkn8q1+yT9sk3Y+8CDVaX/WtVs47iqbj5yBV0NzkxvwoAM11Ph3TC4DFTgniuZhQvKFHU16b4X05jCmRWlVNqyPIrTUI3LQs9sY46VRkhcSHiu1NgDEOO1UpNJJ+bH6VySw1RK5wU8bFPU5V4yUwR1rnda05TC0iryK7m4010PTArn9bTyrGQEdTis6fNGdmd0KsZ7HnrDBOabUkv+sNMxXqI0kgooopmLQzFPU80UUCH4zTDwaeDSEUFoTOK3PD+kya3eeUp2xoMyv6D29z2rDxXpXgGFYtAmn6vJKxY+oA4H+fWsqrajdEVajhDQvvLoHhuNYmEaSYzgLuc/X/ADj0qL/hL9E9JP8Av1Xn011JfXElxK26SRsnPr6fT0pprJUrq7FDCpq7Z6H/AMJfonpJ/wB+qcPFmjekn/fqvOwKeKTpIv6pDuehDxTo7NwH/GOpZvEmkW9vJczN5cUalmZkxgV57F98GneNIbv/AIRqQ2aiSSKRZGUjgouSeOhHAP4URpRc1Fvcyr4dQg5I5T4oeP7HxPFa2GkLILWJjJI7LtLt0HHt/WvNan2S3l1iKLdI7cJGv8gK7rwr4KIle61m3+UDEcJPfuT/AC+p9q9xKNKFkeBTpVcTUstTi9P0+5vZ1WKzuZ1zlhBGWbHtitR/C2o3cxew0y7S34x9oIDD69K9ltUW3j/doqoOFVQB9Bxim3IK2EpB+ZhjOPf/APXWLxPY9ankqbSnI8osvBt8l6iTQFkx+8kDrtQnoRgnPrjFegpElvGvkNHHgFVjEQwB0HXv3qFv3Y8uI7T1ZuuM/wBaxtf1dNItI3RBNNITsMvPHc4rJ1ZVJKKPWp4Khl9N1ZMs6zrEWiQK8z+a7/cQYDH/AOt+Fed6xrVzrd79ouCAFG2ONfuovoKW5iv9Qtn1WfJi3bd7HGT6KPb0FaPh/wALyai6XF4GjsiCcqQGYgcAdcZPeumEYU1d7ng4nE18wqKEFoV7Zp9R06PStN02NWJDzzEZdz7seFA9Bj3zXa6JZJpWki0CKXlIa4Yc7iAeM9eB17Vdt0hsdMaC0jiijIBK4GTjrknmmqA7YYjGOpfNctbEt6RPey3JY0f3lXVnJ+OYWZbO9kx5sm+Nj3O3GCfzrjRXe+OEifT4pFz5kcgXgcYIJ/oK4IV10HeCPm82pKni5JHrGiWpi8OaYySkCWDeRtHB3N3q7mWPqu8eo6/lWPoG59Bs98JfahClm7bj+nNaoYj7hO5esbdq82r8bPuMAv8AZYehDf2cV/p88WDiRD93uRyPyNeU3Mk01y7zuzyE/MzHJr2GORIZo5wcR7xu+nrXkmqQtBqt1G/DCVs/nXZhHdNHzfEdNqcZ23Kddb4Q1uK3Y2F0BsY5hfuremfQ1yVTWzxJcI0yu0YYblRtpI9jXVKCkrM8DDYiVCoqkT18GVv4fL/3hzSbZP8Anr+aisW01NEgga4vPtFlL8kU7cOj/wByTHt36etawRR96DA9mGa8qrTcHqfoGDxlPEwvHc5Hx1IM2kTAbwrNkdwcY/kaxfC0oi163yW+clPlGc5BA/XFdN4n0a61Z7eW3VCIlMZZnAJGTgY9sn86raR4cuNFlfUr24VBboXEac7+2M9B1rupyXs+W+p8ri6FZY11OXRPcn8aQRtpcUzECSKTZH6kEZx/Wud8NX0Fjqhe4k8uN0KFsEgZqPV9ZudYnUOoSNSfLjXoP8TWhaeDr2S2uJrlhCUUeWgwxdjnA68dKuK5YWkYVqsq+K9rQiZniKRJdfvXikWSNpmKupyDz6966jwTLv8A7Q8lBDGfKBA+bkBh39eTXGXdpPZXLQXEbRyKcFWHIqxBc3NnYKbdnjMkjDerdQAO341U480eU5sPXdHE+1krnp13exadGz3N3HGB2cc/gOp/CuJ1rxZNdt5VkTDCP4xwzfj/AIVjxW2o6rNwsszHqzE8fUmuy0bwtaWcKNexLNcOA43D5V9R1weo6/hXOoU6SvJ3PZlicZmL5KSsjk9O0PU9YZnhhdowfnmfhV5xyf6V0+l+FLS3g3XgWeYjOOcJ3H1zx+ddKqqIPL4UrwAoxj3HpXP614ij06Iww4N31HcRn1+tT7adR8sNjoWWYbAw9riHdnN+KJrVtQFrawoiW2UJUAZOefy6VUk0S5t9JGoTAIjOFVG6nIPP6VWtbpYr9LmeMzAPuZS2N31NbPiPXbfVYraO2SWNYsllcjGT/P611aqyR863TqKdSW/RGFa3M1lcpPA5SRDkEV0snji+e2aNIYo5GXBkGcj3Hoa5mCCW5nWGJS8jnCqO9dVp/gt3YfbpvKJ+6iDJb8eg/WlUcFrIvBRxU040L2ZP4Qu76+muIZXeSJU3B3b7hzx+fp+NdTJi38zzcRlODjjaACTVaC0t9F05hCnlGIGRg/8AER6+vtRqETvoMkcD7pPs5A5yW45A9Sa4alpy5kfVYaVXC4d05u7tc8xv7j7VfTT/AN9y1bXhbQ49Snee5z5EOCV6bj6Zrnj1xXoPgyD/AIkzOw+VpDuPrgADPt1rtrScYXR81ltFYnFJT1RY8TOU8OTiGILEu1emMAkdBXmteieMb5IdHWAq379jtwR/DjOfzGBXn0fMijtmlh/guaZzy/WuSOy0PSvC3mx+HrbepK/MRnjA3dvWtgorHzIjnnOOx/8Ar1HFiCFRCCEUco3VR7U/hWDof3bnBA9T3rzqslKbZ9ngqbo0Ix8iMH5FJPB5Ykkd/X26USENC28jbtxhs9CCCCevv7U+UKJMght3o2MfiKdA5jSSZV3OiMQi8lsDn1+mfpUw+I2xGtGXocX4f8MtdWdzeSy7EdHSNSD8/vx79sV1k1qXhhzGF8uNU9zgc/hnOPrRpsMcGnxw3iNNIu6QbRhVcsSPzyRj25q02/cQxbd2QdBXoU61qy1Pj8RlkZYCora2Io4goHFSYpRS19D0ufj0781jQ8Pbv+Ehstv958/TY1Y+sxXtx4l1RIILia3S4b/VqWAPU8DPeun8PRpp9td63d5SGCNkTn73I3EfkFB9yO1cBaahdSahNfLNJFNNI0jMjY5JJ/rXzeYzU6za6H6jwhhasMPdrckJw5Q8OOqngj8KbuXpuG7rjPOK2R4l1BohFd+Rexd1uYQ+f61tPr2iy+E5bT7LFFM4P+jxxfLvzwwOMccHOcjGO1ebY+0lVrQsnHqcRL/qzXfaaDH8LrdW+8wOB9ZmP8q4aK1mv7uGxtxmWdtq5zgepOOwGST9TXoPiRo7KxstIgJ2xIp56hVXaufXIz+VV0OTHzUqkYnNp96nXKFocimrksAKuyxbrXIyRx2/CrJk7IxDUqDNTragjJOPwoZVQZq0RcQMEXpVVpDI/NOdsnrUY60yXqSba6fwrOY71QTwTiuZFamj3HkXqtnHIpMbV4NHt9ocxj6A1cKjFYmmXscsCOjdhV971QPvflWkJRij5qrTfMW4zwRSS471nJNMcsqnB9ajnu3jUswIH1rV1dNiI0m2cv40iTygcivMJPvmuz8V6uLiQxq3A71xhHOa55STZ9LhIyjT1GU7NJmlAqDdsbmkp2OaMUyRBUykBF+lQ4qeNRt4rGt8J2YR++Lkn7uPxqui7tSkOfuxIPzJ9KtYqpD/AMf939I/5GsYM757otbV9BRgDoKKKkuwVBOeg/Gp6rTHMn4UDI8D+6KKWimMXUgsc9tMePmKE/UGm7hjjmpdUQCz8wDJjYP+AIP8qiHSqeyMqe7Dd7GrMT/uxweuKr1Yg+6frUs1Y/cO+RTuO1LTdg/H1HFIgbKQIZCeyk0y0GLO3H/TJf5VHesy2cyjnK7R9Tx/WrC7dgC9AMVf2Sb++OzVZuXNWar4yaujuc2M1SLmlQmW9QAZ5r23Q7JYrdQFxXk3huIPqEeT3B/I5r2bTmVYVGa7aVnLU+ZzSTWiL+0YxinCMU3eKlHTiu9JM8BtooXtorgkCvOfGaLFDt6ZJP5f/rr1CYgjHpXlHjyYG52D0z+ZP+ArixFGF7nq5Y3KpY8+brmm0802sUe9U0G0tGKKZgxKMUtOxQShKKKWgoMV3fw/1NFSfS5XwzHzI89/7w/rXDAVJEzxSLJG7LIpyGU4I9+O9TOHNEipT9pGx0ut+FL/AE+/kksbdp7R2LJ5Y3MuexHt2PPFUBpOokZ+wXQ+sJrbsfH9xHGEvbZZ27ujbCfwx1+lXB8Q7Y/8uEn/AH2KwvUStYiM68Fy2uc0NI1H/nxuf+/Rp40nUP8Anwuf+/TV1S+OoT/y4yf99j/Cnf8ACdQn/lxk/wC+x/hS5pl+2r/ynNW2lX3nLvsrkKWAb92enftV7V7C6n01ovscr7sArsJyDkHPHTFa/wDwm8H/AD5Sf99f/Wp58ZwCNm+xyfKOm6ofPzKSD2td/ZPNdO8ESabqRvraxvQcFfLaMkDPocV0kWmXxAMlpPj08pq318dwM2PsEg/4H/8AWqwnjKBhn7I4/wCBV0Sq1Zboqn7akrRp2MJdPvZGANpMqjsUOT+n+fxqtq9vOkCiWKSMFvvFSAT9SPT+tdUviyJ2AS0dh6hv/rVx/wASfGJg0OOK306QzvKPLmblIzgjqByeuB/+ounzzdmiXjatF8846HM6nqEGkWztdPlSxOFIJc44H+PtXLz6xpmshp7+CV7gPttbWIZ3An+I9/wx06c1zurW9zaXzQ3UvmTYDvg5wWGfz5qrjyuv3yAysrdK9OnRjDY8nG5pVxLtLY7fS/D8Zm+03+xQJNws1OUj4yMjP6fnXTojyKrA+WoGBtHUf0FZGi6NaLZxPl3Z1WSSXeVYkjJAIPSn6nqD6Y0ADPdJI5UR4xJjHUEdR26Z965qnNOWjPdwM4YOkpSja/U1P3ETbTgt+ZoLQ9Su0eu2qlrq9pcRQmErG0oOEkYKcg4IPfNXA0v91D9DXLOEovU9ujiadaN6buY3iqGI+F7mRCPlkjxj3JrzMda9C8Z3DjQljiVFjeXEuR8xIHy/h1rz0da9PD/AfEZ074tnpuhKRodpvjxuTKk/X/61aQONuDnB3J7g9qp6RMr6DpqkgGODbyST95jwPxq+rRxwm4k2hVGQW6KvrXnVVebPtMFJQwkHLsKIixO87cnJXPFYXiHw9HqqiezCrdqMYXgSD6+vp61tS3EH2qGCVXVpIfMUMflbBORj1AwetSl3PKqqJ/tcU4ylSdzGvTpY+k4M8dkieGVo5FKupwQRgg0yu78a6eslsNS/drMGCOVPL56H68VwlepTmpx5kfB4vDSw1V05GhpN9DZXqvdWqXVuwKvE/oe4PYjsa7fT9S0+N4bOG7WaGY/6O5OJYf8AYk9Rzx9D7V5xWlpElqLkwXgAhmG3zB96M9mH9faipTU46lYPFVKE1KJ6aG+YAAFmB3rnpzgE/lXG+KtYE7DTreTzUT/WSA9T6D2/ma1r2w/tEQ2t+/lXyLhJo/u3CEdf6n6571YsPDGnaZIszGS4n6oGGAOOSB9fX8u9ccYwpavc+lq1cTmEOSCsupQ8P+HLaO2aTUrdnklH+rZTlBnseoPv2/Ol1WTV9EjSa3f7TYqTzLGNyZ6AsDu/E46GunLSADIRf+BZobZIjR3MKNFICrA8/wAx1qViLv3jpnk6hRSo6SXU8+m1rTdUdH1K1m8xQFDwuORnuMVo22u6DaFRDbzEIMQloVDJxz82c89fxqDUfBc8LhrKZZY2OMN8pB9P84pE8FSizaSe5VJyuY0C5X33Ht7da6XKm1a5886GNjUu4aryOg0/XbC+n8m2fa6jcFKkB+OcD1/zzWoELnC8ANkN/hXlUkVzpt7tcNFNGa9Ss7l7rT7aUAK00SucdBmuXEUlG0onvZPmU6zdKorNEGs3SaXpc1yBunAGwHn5uBn8Ov6d68tmleeZpZCWZjkk9zXpXiNki8PXkaKSzBVJPJPzD9eD+tcfoHh+XVZxI4KWit87929h71vhrRhc8zPPaVcVGnF3M+w0q91KTZbQM/qegH41qX3hS407TXuZ5FMi4yi+mcda7yC3gghjt44xFsGFH9Qaz/E0uzw7dLJncdoXHfnr/OksRKU0o7FyyalRw8qk3eVjhfD27+3LTZndvGMda9LDIi5kLCLBJ77cDP8AKvMNDLDWbUp97zBj869C1Ziui30sbcJEwOPU/Lx7YNTiVepFF5LU9nhasuxyVtrNzqBGncg3NxmRs/wlgcfnXeTrGIZUtztmKEI2Put64FeceF18zxDbc42kt+QJr0oO33YY12j14FTifcaSOjJIuvTnKbvfQ861Lwze20+Ig867dzOFOAfTnrXW+HLK4t9DSKUeW5ZiBu6j3HY8H3rZDSHPCEd8Gm7FL74ztf8AiBHX61nPESmuVnZhMop4at7aLOZ8aFTpEPm4WTz/AJFz/DtO78Pu1zHhuCK58QWccudhkBIHtz/PFdh4vjhn0EySIfNjcBCP4Seufb/61cb4diaTXrQLniQMxB6Acn9BXVRkvZHz+Zwf9oardo9LYkHdnc4Iwe7A1KkJwRJwM52jp+J70sOEj81xzjgegpCoK+bKf+A9vy7mvOe59tG/KrDlaAfdQH6Lmmz6hptlAz3u+NCNoKoewJ7euMfUjtmpN0pGdqov+2eahvnQafcfbIw9u0ZBKt6kA9vTOPfvWlO1zmxnOqLcdySK6S7s7aa32vDt3KoI5PufUehpiMpjA3NyAXbocnt7Vk6Pp11o2o3UMUYk05grq+eR9O5PqPatmdQQ0y8hvvf4/hVVLRleJjg5OvQtVR0a+Ep5oYpbW+hnWRc5KkcY6ZGfz4pZdG0jRVNxrmpxlRysI+TJ78ZLN9AB9SOK86lsSsrFHdNxydpxU1loqXMV6zsxeKDzxnuFIzn8Ca0eOquPK5HzEuFsJCq6jXU0fFHiibxEEtrOFoNLiYKoCgb2HTI7ADoo4A/TKjjCKABWho9xDZSvDcQiaznXZOmPmx2K+hB/z0IXVNPk024ClhJBKPMgmX7roehH9fQ/UE8jlc+jwsIYdqmtClkDqQPrU9jp97qcvl2FtJcHOGZR8qfVug/Oq7StCUnTG+Jg65HcGvVdY1d7TT7We0WMrMuVZxnaCARxnqRn246GpbKxeJnTahBbmbpGkWvg+0a7upkuNQlXau3pgY+Vc84zglvpwOlYV1PJdXMk8zbpHOWP+e2MCmz3U93KZbiQySHqx6/T0H0HFMppXOGFNp88tyxDGrdRVtv9SfT0qojBUyaaLjeSueB1q0i5akM9wqEgCqDyFzUk/WoqtECUUUopgh6dKlVirBh1qNalApM0idNpPiKW0AXPyDsTXbaVqEE4V2cZPvXkqg7gF6muo0ayuJkDBiF9c1HMo6nHiMPGSuelPeQRjJeud1vWk8p0iOTjH0qqlhIzbWdiD/tVZGkRsnKZz6kmiWJujip0YQd2zzi/LyTMxOapGvQbzQY33fJyelcdqWnNZzsvvURmmz1adWMlZGbikxTsUYrVFsbilopcUCGVPH92oalTpisavwnThH75JVSIEahc57pGf5j+lW6qFmGpgg8PEV/75P8A9esIdfQ9KfQtYpu4etG3nk5/lT/wpFjd3sfyqo7fvG4NXaonrTQ0Ju9jRS0UFEt+yvY3Ccn92x/Q1XRy8atgYYA8n1q7KoeJ1PQqaz7b/j1h/wCua/yFX9kwh8ZL83bH5VPBuAbGP5VB1qxB94/SoZqyTfjqPxpwIPSikx3FIkrXXzy20P8AekDH6Lz/ADxU5BUccH+dQQnzb2WX+FAI1Pqerf0/KrWcgn0q3tYiPWRGW+XjvSIPmpFqZRzmtox5UefVqc8jS0m5NrcBh2716Npus+dGpTJPpmvLk71v6TqJtXBYAjFUcOKw6qR2PRvt8x6I2PXNW11gBRuYqfQ1zkGt2siDLEE9aZdavaLGR5g/OuhVXFbnjPC3drHRXWrxpbsxkC8dzx/+qvI/Emoi9v2K5Az39McfyqXVNalmZkR8AnpXPuWZizHJNZyqSmeng8IqHvEJFGKcaSix0VHdjcUu2nBc08LTMrEJGKWpSKVYs5p2BIhxS1I0ZB6Um3FCQmhmMU5adtoxTBOw5VLHA60hXBxmlFTKPNxjk0M0jK4sUnZqtAVTK+9WYX3YU/e/nWcl1NYu5KKsxDKZPcYqNVOKsIMKPoKzuO5kKCJMEcir0ZG35x8tV7mPZdEjgHmrVsWDEYDDB59PU/gBWsdTtnL93zD7jULPSLCW6uLnESplAFJ35BwAfr/nvXGpd6l4qtVvEsdxikLKJTtgi4+96u34YFdTLavqK/6SpFmDzFn5pD05PYD06nvxxXQWeiXbxR/ZbfNqVAUKV2gDjGK6FUhTj5ng1qU6s/3srRPC/EOi6nDu1G8Kyh3w8ytncxzzjHt+lc7Xt+saZJJLdaVeIIo2BU55PPKsPYZH6ivGLy0lsbya2mGJInKN9RXTQq88Tysywaw81KGsWbeleLbnTLQ2xQSxgfJk4Kn/AArY8MPc6lfXGrXkm4gCFCf4c9h6ccfjXCGvSPB8b2+ieVcQlRJIXUt3BAqayUYto2yuU8RXjTm7xRmeJfDsklwb/T0bEql5IRjKnuQB27+tV9E8TGORbfUWLLn/AFx++Pqe4rttqxSrvXzEJHynuO4rgPGFm9vq32jCCOcbl2dBjj+lZUp+1XLI9PMMNLAT+sYdnS+KVZ/Ds4YKxBVlkPdfavNhU5up2g8kzSeUOibjj8qhNdNOHJGx4GOxf1qr7S1j1HQYjJoVoxZ1V4hgZ64yP6VF4pElr4dmcSArIwj24565/Liq/hG4W40EJLHzA5RTycg849upq/rViuoaRcRxlmIXei57j689M1wNJVtT62M51cs9zscPD4juYY9P6tNYOTG7NkbOPlI9O30rutP1K31W1F1EVOT86O3KH0x6ehrytgQxBHIrT0HU203Ukck+S/yyKD1H/wBauytSU46HzuW5jUw1ZJ6pnVeMJFTQ40XAaSYA46EAEiuArr/GsoYWsaIwUZYv2bPT8QBXH06CtTRnnFTnxcmbJ0291O0+3W2nosMSiN/Jx8xA5OM5J5GcCstonChijBfXHFdf4Hu1UXVs7MoOHXDHrXR30C6lHeWtyqJA4DRSqvPJ5yOmRjrxkUpVlGVmaUsrlWoqrT3ZwlnrNzJFb6fc3L/ZRIuM8mMAjlT2I/lXo/31ykoaRjh2bsBj27/h3rzTWNEn0ibJ+eFj8kg6Gul0fxPG2hTRNIiXsUe0BuBKo9/X/wCtWdaHtI3ideWYr6lVlCtozo/lX7qRgHvJ1NKDsDbV2gfeUnPHqKp2OqWGpI0sdxFHIVz5Ttgg8cHPYZP1xV3yW4BwFx6546gflXBKDi9T66jiqVaN4MRclXjQblB4Y9h6e9P8t3xvlzg5GBS7+dkIBx9444FNYRIcOxdvbn9KRrucH4xMv9u/vy5jVQEy3G329BnNaNv4ztLTTUhitZfMRQihmBGB710V3ZWOoR+VcoGX+HPBB9jXLan4Kli/eWUwePH3X4Ye3of0ruhUpziozPkcTgsXha0qtHW50o+wavZwOyRzQqAQoOTuIBIz29PwqhL4ct8sbKV7SQ9Vjcn9D+Heo/Dek3mlw3Bu4zHvC7AGBB688fWtw4xtGcnoM/5xWE5uDtE9nDYeGLoKdaNpdzidTl8QaY26e8mljJ+WTeSP16fSsO71O9vQBc3MsoGMB3JHH1r1Tyo5UYyqpjboGGQRjHIrFufB+n38heEmzB7gbgfwJH863pYiLWp4+PyfELWjK8exx/hsM3iCzVCQxkGCPWvS5rITWsluzF4pAVZW56/Tv3rB0vwraabcx3Ek7XEqMSuwEL7H1yPrXQL5RP7pijen/wBassRVUpJx6Hfk+BqUaMo1luZGmaDZ6XIH2EyjP7wn19Mf5xmtQ7mOWGWPRc8AVLnd8sgHPcd6iYGNjnJ5zknriuecpSd2e1QoUqMeWmrCfIecLgfxRnBFOZyrAt/rVOOP4hTdwB4JIPvk9MYz7ntUigRJubLNgdOT+FQbMwvFqt/YsjsNoLL8vfPqaxvBFl511cTt0VAoPuT/APWrd8VjPh6YvgMWUKoHTnmo/C9gllpci3CnfJKeinGBgfzzXdFpUGfL16TrZpHyN545OMt5gB6Nxk/Wm+YzSFmTEhwFVu2acqZXdDJn/ZJ4/wAadhZkxgq6/pXEfTrQYVUNklX9ZH6Z9BSFVcFQqAt9Cj+3NNXcpVScbRtOD7knnt2/KlRC7Ki/ePzZ9Dzz+o+vNNMJJNakwmO/90pbcMsvTaR6077PObaRY2LFUZti46DJ6n0/zmg7YSI4wGf3HT1JNbvhhI01BpLh8u6lIxj5eeT/ACok9LnJXqeyp3ijjic1o+HsPrUduxwlxHJC34qf64qHWdMfR9WmtCuIc7oG67kJ4/EdD789xT9BuLe0120nujiFGOSegypAJ+h5/XtWXUynU9pQcomVyoAYYNdZ4Sk0+7tLiw1XyZIoyJIUnxheobGen/181leJ5bCfWpJdPCiN1BcoMKz9z+Pf169+cY8U7A6ar0lfRi6qtvHc3K2rFrdZGWMnuMnHv+Neh68htNG02zfBkRApx6ogU/qa43wvpZ1rXYdyZtLVhLMT0P8AdX8cY+gNdV4huDd6kyISUiGwNnOWzlj+fH4Zp2PPxEk6sYrWxh4zU0aBOX/CrMcAQbnxWfdT+YxVeh71rGI5SRFcTF2wOlOtYznFEMBY5q5GojYY5xVWsTzFK5iIPIxmqmK2tRiXytw+g/D/APWKyCKaE2MxRTsUYoBAKnqICpM0mXHVlmyi865VB1J4r0TTUWCCNewHFcBph2XKNjPOcV6VplkbhuR8oOMfjWMk5M5sXJRWpZjT5xzWktvlRkVMtiEAAWr8MKlelOOGkzxamIW6MKa0rjfFdhtj3gYwMZxXpU9vxwK5zxJYCSwc45Az/n8Kr6vKOpthMT76uePsuGIPamYq3cx7ZjxVYDNO57rGEUYqTbTSKVxMbilU4OaKKTVxwk4yuiTOelVrobZLeUfwSAH6Nx/MirCmm3EQnt3jP8QwPY9j+eK5lpI9lSU4XJKTdzjB/CoraY3ECPggkfN7HoQPxFTAAdBSaszRbDSW2nAx9TVL5vb/AD+NXm+6fpVTNBQ3n0op2aKAJyW7AfnVC1UmzhwxHyL/AEq80iqpYnoKo2x/0SEY/gX+QrT7Jzw+Il2+5qaAEsfmPTvUOSe361NAW3Hjt61mzdk+SOvNR3E/kwlwNzHhF9WPSpAwNVI/9IufNGfJQkR+jN0J+n/16cV1ZnJ6WJ4YzBCqbiW6sT3J5z+PWpAaHORihDg1rCnd8zOSvX5FyIQoe1SCpYlDNz2q9HZ7sds1qzh5ifS9LN2+P4R14rfbR4oo8BOB71r6FpQhs1JXBbk1fubMkAKtc8730OGeL961zlRpo7MRVO502QZ2lj7A1162Tr1U/lTDZ5Y8YqLyQRxKPNLmFkkbd6kfjVN1zXX+JrVYpEcjBbP44/8A11zBFdUHc7YyUo3RRKkHmgDmrTIDUXl4atbmc4tDVWpAKcq+1SBPlJx60yEMEYKbqOAABVox4gAPp/X/AOvUf2fcuQaAsQMM1GVxVvaMY9aaY+OaBXK2KdgelTbKTZj2pkshpy8U/bRtNOxN2S4EvzH7/wDP/wCvSBc1JBE0jBVGTWwlqoyWALdiQKynJI6aeqKtnG1wQgHzHvWk+nTRoDweB0/z7VJDEE+YdaubmK7jyR0/z+Jrmc+w5J9Dm9QtztDgZ2nn2/yar27bUwCWBPIrpLiCO4Dbk+8CGHrXPNFLa3LxEdDkH+RrenK510p8y5WXLeNirbgNjDpnNbdj4gnsbRbeOFCqcZbvk8/1rCiRyuTIfyAqz5axqTlsYxk5NXKKktTCtSjU0kR+JLg6mI754wjIvzBedwPIz9Mn+teWeNNJZiupxKMkbZkX+HspP8s+uPWvVAIeflkkPYncQPzwKwb6wETFXTEEpOQx4Pc7iP0FXTn7J36Cq4OGIoex2fQ8l0XT01TUo7V5DGGBOQMnjmvVRHGIBb5+SONVRieSAMA5+orFtfD1jZamL6DzFIOEiBBGSOeoPHOPbrmtlYQiKZipC9Aew9KqvWU9hZPl0sLd1VqMaTzYSoViwPBA4zWD4usZrzRY3VWLWzFjwOhxn8sA/nXReY7kbI8j1bj9KUiQKfMijdTwVJOCPyrKlPllc9LHYdYig6Z4vTq6rxB4WeGdp9Phd4WyzR45j9vce4rC0zTpdQ1GK1X5S7bSxBIX3NepGpFq6Pz+rhKtKp7OS1O58KRm28OxsJJFMsjOy7TjjAB/Q1t/eZWyofqki9GPpUcYEcMUUfyLGoRVU8Aew9ODkn3owW+VRywBHopryqs1KbaP0PA4f2WFjTl2OV1TwhLd6jNLZSwJG5LFZX27W7r+Z4p+ieEnt7lbrUAkkaY2xq3JbPfPbrXWDanLZZj6ckn6UoebtEo/3m5rX6zPlsed/YmHVX2iOd8YQyyaCCsbbY5w5JPQEECvPa9jkHmwvFcW6SwuNrqSTkH+voR0rm08Fae87Ot5OYweIigDfQnP9OfatqFdKNmeXmuVValfnpK6ZT8DxSx/a5/kVCoTe475zx78V1vmN/z157BlwKhgt4rODyIYhGkfIUHIOe/rUp7jORnBBP8ATsfpXJWqKc7o+hy3CPDUFBvUR0SWGWOSJCrLiWJhkEHuPfuPeueuvBmnvcB4LqWKN2J8sIHI+nIro4lZ2XBxtyrN6jPSpcpGdiIS3faP50QqzirJjxWX4fENOpHXuZ1lpsNhEiW0GCo/1mxdzHvz6e1XA/lw7SCrdMkcVLmU/wAKj6sf8KTcyj5049jmplJyd2b06NOlHlhETssaHAC5LDsP8TzTSwVMKwjU9OMs3vStFlS0WOR0HRqj3ZJbGCc89CB6e1SboerknAff6o4wfwp0ZAAwd0bcD1FRtnBww4yQfQjH6HOKfHGZMswwrchT/M/4UDaXUA4VTEdzqOm0Z49DTGWQqF+cjPPA6enrUokB/wBVGW9xwKdvmP8ADH+Z/wAKCdtiMyLLIsZyozyGFDkMGyMoDgKP4jTi6t8s0eM9zyPzpjxGI7lyUUcL/d9/pTBWuKWbOCwB/uoufzprEMvz/OvqOCD70hPOB0xndkgE4yeRS56HBPJQg/xA8/mKRVh/8DRyHoMhs9fSmM/mxqArFhzkDgGnrGFUNKwYrxk9vYUvmO33EOP9o4oJv2I1LhwziQgDjgHn1pyuC7OT93gA8fjin7pu6Kf+Bf8A1qT93MdrphvQ9aBN33MDxaN2mQAu3nPOgCdsEH/61bMbOqZkxE7kuUVchdx3Yz9CBWPrscjalpVvjzC0xZcHBGNuMj074ra3ZPGBgDaCeg7DHQ8Yzn3reo7U0jyMLD2mOqVOi0HYZmz8okxlWHRh6GnGRcJKcBgcEZ5PPI96j5ZtiDBOHB7Ke/8An3qbbHBzndIevcmsUeu9NBj7nkDxrJnvgDmnRMYtzOkm4nOcZ4FSb5SMiJV/3jz/ACpd8g5aMEeqnP6GmkTzaWaGxFjGoj2vNKcfj/gK3beJreHys8pzu75zz/n3qvZaevFw4KyMOABgj/65q/sWPO5iQepJz6D/AAqrHBiKin7q2LtxaWniSxW1vcrcIMxzLwyt0yPrjofb6ji9S8La1pshxbteQ/wyW67ifqg+Yflj3rov3eRxK5HIGD19R0FX49Vv4gAxVkHQScn8+D+eaiULbHClUpP929DzfybtpREtjdGT+4ImJ/LGa19M8Hazqbq1xE1jbH7zzDDkegTrn0ziuzl8UTR/ILZGPclzj6Yx+lUpNavbpWWWQRJj7sQxn8T/APWqdV0LlVxNRcq0Lf8Aoug6eul6Uu1h99zjcGPVieMscY9BxxgAVjECIADBb17CrDygpgYHoBWdcTfwr+NEE27sy9mqWt7sju7kyfIDn+8e1V0iLHJHSnrHuHNWlx0AxXRaxG4z7i4ApAcVIRTo4955IFJjQ2di8WTWaUwSK2zbkx89s1lzRFZMEY7fjST1G9iuVoxUuylCU2JMjAqRU9RT1jFShTWbZrElsxidfrXrvhxQ9pEx5yo59+h/WvIYcrICK9U8JXKtZIo52sVJ/X/Cqo2c9ThzNN0ro6tkDLilhHyY9KUEbaZE4DMOlepbU+ZHyL8tZmpQCWykBGRitKU/LVOdh5LZ44pT7F0m1I8R1W3KXjr3B5rOEe3vXS+IVRL6TB4BPFc83XNeVLc+upO8ERHioyPmqcimEUkWQkUlSlajIqiXoNBwc1IxOAB3qPFIpw2aznTvqdGHxPK+WWwyMfZ7xox9ybLr/vY5/MYP4GrDHBxjJqO4j8yHAbDj5kb0I6H/AD6mi2mEsPIKyKSsiHqrDqP6j2rF6q56cZJMc4bYwyPuntVXb7mrbsdpwp6VU+bvj86g2E2+5opcn0/WimAXZVLSY9Pkb+RqLzI4IlViFVRgE+wrKnvJZUIJG0jkAdapsSx3MSWPUnvXX7JNWPClmUYu8Vc3G1GAf8tB+tEerwKc5c5/2awCwHU4ozgE7X/74PTrn8qfsImEs1qvodILv+0P3USsqfxyEEf8BHue/tV8EKFVRhVAAA7ACud0OfbeNCwZfNjDLuUjI6/kRmujxR7JI2hjZThpuMpy0u2lC1diHK+5Zg6102i2xmuI0Kgg9R7Vz2nws8o+tei+HbJTOjkYA54/z9aSV2YYipyU2zq7KzWOFRjkCpxaKZM4q0g2pSp96u5UYnzEqkmyrLZrt6VnNbKF6Vt3H+qNYdzdrGh/vVjXow6GtCcnocH4rYG42L91VA+h5/piuUK1t67c/aL+RuOW7eg4H6Vlha5Iqx9PRTjTSZCEHpTDGathCelJKm0A5zmqW5behT24qdEyir1zyfpSFc1MgLYA64rSxz8yvYWdCFUegFRVeuExtz3qDySDkCgq5W2knIoKt6VZAJYcfWpCnqB+VMgoFSD0pwTPvVoxikxQFyqY8dRTNlXNuetJ5Y9KqxDJbABdx75rQ88J171nRfLketTYJ6VjOndnVSqLlsX1u4//ANdW7RZr19kMZcgDPoPr2rMtdPnu5URFIDMF3EdOa7S6nt/DumRxww7pDwi4+8f7xP5fyrmqRSaUTGvieV8sdyqmg3XDZjH/AAI/4VVv/Ct1dKpR4lkXuSen5VUPiTVXYnfGo7BU6fnzVx9dvlt3k8xcqpYfKOwJqVTqJ6GEZYm+jKaeDtR3fNNBj0Dn/CpY/Cd6oIDwA5yvJ45PtWevivViAWnXHf5B/n1q0PE2pbh+9XB77B/n/JrW1U3ccYuqLK+GNQVApkgJA4+Y/wCFVb/w5dwWU091LEYUUuyoT0Az1x7U5/Emppg+YpTuAg4qjrGu3lzpskUkimKQbWAXk5pr2vVjpRxbmtTlLcKTvJGF4A68+pPrSfKw82U/L/CPT6j1p2LZ2A+UN6cg014mVg331HRSORVJH0cbPcaSx5kPlg9EH3qQjB+/Kh7Fh/jTVPfPzEZYjrz0ApdzY+ViSf4WOQfb24pGijYcGdvlkA3D5kZf6HtU32l3dgwjDiPYcIBlfy6/1qqTuAjXlfvL/smpGjX78jAt79KFJoynQpyabV2RZChgwzjgjdjP4VKmY4i7DLN+p7UgeH0/JTQEhc/I2G9qRq3dWEAKdQGmb/P5CjOT88jE91TtTWDxsSzfe4D9hRu7AlV6ADGT2yfxoYWHg4OEds/3XHWk/wBYSw+WQdj/ACPsaaGG0hzlSRnJ5GehHtSqHkYEHBXgv/eFA7Dnw8O4feA6fzFRfe24B56EtkD6fhUjJChPmYJPqeTRvt/7ij/gNIWiVhzfIFhj4J6n0FAAT5Ix9W7D/wCvQsS7cxNg+o71F935HGMcn/aNMNxeDz5kr+69KcGcfMjGQAfdIw1N3H+JmyOykAD8+tBfjJbDgZQngnsQf5UXK5ST7o8yPBQ9QO3/ANemzABg3HzHnnv60qxtISzZVWOQopD5AOCFJ+mTQSmr6EaDfJtH3R1O4E//AKqmbErbT9xTz7n0+lNzB3wPwpWiIX92RtPVex+lANpsQuXGQQkQ6HufpTeAMh5x6HmjeGcsVG4cKD/CMc0bz18xs+pI/UenSgdh6sdvzlXQ/wAQ/qKVf3Z2HmM/dPp6iow5zjbksSrp6n1p4jO0GZ847UBsMb5HKgYHUfMAcf8A66fFgqXOBgYAz27n8aQG3HQA/wDATS4gcYAXP4g0CctLADk+c5wP4V/l+dIxYjLSbc/wr1oZXjYHJdV7dxTdxJ4bsMt6k9qGCSDcB0lkU9t/SpPvjZLw3Yjv7g1HuOcAs2R91iCCPSgZbCod2CGVifu+x/z3oTCwyOzhe6eeVS10E2h2YnA/2f8APejdhSSMkdg4xmrDxxr+8mfOPX/Cm5tvRev901TbZnTpwpX5eo9f3URPV2/U0uBGcAB5W7nv/wDWpqxwvzEQpHdaQh0dtx++QN/TA9PrSK3YpJJ+aRy3cIOBVvTfL+04O92C5VH4qkCP4SQvbaQPxyfWrFpMyXUTjnLgc4ypOQD9DmqRNWL5TofLeTl3I9lPFMVBmRB1P9D/APXFDIyssh+Z89fT/P8AWnOcOGxwf8/yxVo8lio37nIHK/5/QfyqF98kZZ3CoOoX296lfMbb1HHcf5/z+ZNQSjjfFjJ6j1pvYcdWQLG9w5S3Un+8fao9jREqwORWhpDr9tdNpG5DkfQj/GrGpWow0qryDz9Dx+ecVndc3KRWqOLsYjscYHU0xYSTzVlYMnPT3qaOLDg4rWyRyOTZVNuyjIFOEJC/WtAoKjKAHpSHexT8o7RTlQrz1qyy5WmrGRSYXHxZkVhx+Xtg1nXSHzDkZ7/nWvBHtXH51T1CP94celZ394p7GaEpQvNSbaUL71bIUhoHFOAp22lC1m0bKSG9DXa+E75VUxFsEjcgPYj+vT8M1xuKu2ckkBDqxUg5GDzQtHczrwVWHKexxXqmIZ4PcVTkv1SbJauNsdaeVlWdiB/eAxn8q3obu32f65a39tJ9TxJYTk3RpT6ou0Z3flWde60kdszBu3Tnmq1zqtqgOH3emO9c5e3f2hsBcKOlRUqSXU2oYVSexiao7zzs7HJLEk/j/Kstq2JwCTmsyePacjoayTuezZRVkV6SnEelIFq7CuJjNRsKmxUci8ZpomTIGHFMxjvUxGRTdnrVJGdxg4YH0qK4RkcXMCksow6f3x2/H0NTkYqlqU4trGWTOOMA/WpdNNnRDFSgtRh1q2Kt98cf3ahGpwH+I/iKw9xGcxyDBw2UPHU/0P5UEhcbvlycDIxS9hEyWa1ToPt9v/z0X/voUVg0UvYI0/tifYsx2dxMjyfIqRsFbJyRzjp64yR6jpnipBYKdpDlyTtKlv4uu3IxnOMgjgqTjkYqe3zDcgkLHIR5bR8lZVyBhcjJwcY43KRgggZGudIknkY+SIJAvD/eilXOcMudw6Z9QeQc1c5qD1PH3MaytoklaNoS6upDgD5hjj8Djg+jLnIBzWhFZTXStHHl2QnEqjb9Qc9DkA4PIIA6YrUXRoZFBuw0x4Yddyn/AHhgntyQDgDJIGK0U7hXUse7j+Zrmq4pW93cuNPuZ+nactrB5UxVifukDAXOOFP4d+QMDp0ne0dSdoJUVfyR2BXuAeaaCwYDjaenFc8a9Ru5109EZmwg4PFKEFaE2GHI47VXEZ7Cu+jJ1Fdjc3cvaavzV6N4YBWHJHJbA+nT+ea8xhLRNuFdpoGseWBE7EPu+U9unI9umfTP66Ws7mOKvOnZHobSBV5qo1y6dO9ZjX8kyfu0Y5+lL9obA8xGAHfFauvLseOqNi9LdSPGVHcdc1yGuzSRTSfMSAOAfoK6eKVWHpXM+JpYuApBZhz9O1TKbktTqwsUp7HFS8vSAVOU+bNKBms7HsqVhiLx0ps45A9Ktxxds/pUDDLHjNNRFOehWK8DntU9nDvnX2b/AOvSmPParlgm05IBwDj61bWhz394kktS68r0FU5ISnaujjhGzBA5qCa3UA9Kw59TZbGEoBHH5Uu0mr7WoViw4HcUwxitk7kvQpCMlqXyce9XPLA5pGU8VRNyp5XtSeWfQVb2H3/Kjyz3FOxDZTMZq5Y2/nS4KkqvU/yH86PLFaemIVWQ44JH6Z/xqZ6IIyaZf0kJHewqQMbuPy4q7rdurzxu6goFwCfxzVJRskVl4IPBrdXydQttkijcRk+1cE7xnzMwrtqamcY5jaPOBj6VVmmVLG4Ud0bA9OK6hvC6kjbdELjgMmcfrUM3g4SROgvCNykZ8vPUfWuj29OxdPFQUrs4GJvXoavxMGHlt1HSui/4QIj/AJiA/wC/X/16mHgdggAvxkfxeXz/ADqfbQR6UswoNbnOJIYzsc49D2/z/n3qrqalLfcmMFhwTx0PNdqfCDEYN2p/7Z//AF6wfEnhptN0Z7h7hZlRwdjrgdcevvT9tFhRxtGU0rnGXdylvbtLdxfukGSU5/wojlUwRzxN5lq4yp6lR/h9ea4rxZLexXItVut0E43CFOg54+vP8qoC+vNE1Fre1u2ZEUI+eVyQN3HTg5rrjQ5o3FWzn2ddw5fdR6JLEEfzF+6xBJHTPb8Kjw4AAGD0HT/PrXF6xfXFvtiTVZZ7gn5hG2EUenHBNdZpUV6NNhe42C4KfMNvOCe/4YrGpRcVc9HCZlGvUcLbdSW8uo9LtvMaOR16koM49zRa3drdwrcW8nnE8AYzg+mO1YWvDUSI4riWGKO4cRkQqSSB9fT0qHQrO2t7y4hhuJ/Ptslyj/K46cDHqe5qvYx5L9Tnlj5/WlTtodVul/uL+L//AFqaSGIR0Kseh/wNczp+oXWq66rxQlbOMMME9cjHJ7knH+ea6RWQrsySpOGVuq1jODg7HoYfFQrpyWnqSKWz5cvzZ4Hv/wDXqtdSR2iO8rhY0Gck9v6nP86m3b0MXLSIc5rhPESqL5YIZ53OTuibd8megGev/wCrk1VKCm7Mxx+NlhafNFXZ2dtNFdgGGVHQjc209M+voT6VbYljsT7o6n0/+vWFo9pZ6fGJY1aCZgQBctsYjjoM8/gK2VfCCMcMx+92Prg1M4qMtDXDV5VqalK1+w8MqMVjQse5/wDr07dKP4U/76/+tUZxkbciPPCLxu98+lZ+q2c17bMkdxHbRgEuVG4ke5yOPpSgk5WNMRUdOm5JXHwarYXd00EE4W5XIAYYDY69Ov8AOnXOtabErrcXAR0YqVwSQR+HT9K5PQbHTzepI1832lDlUCcbgc9e44rT1nUreVpki0tproKVctFkAf3uOfx4ro9jHmsjxYZjW9g6jsvxNmz1G21AMbWUSNj58ZU4PXqP5VdijD4djnBOPr3rnvCizXGlb2EO0Eopxl/x+mfyrbuI7sWuy3EW7od2QMfhWM4KM7I9XC4mVbDKpLcr3OsW0V4sFyXhjcZR2X5X/HriryuTzEgC9iTgH6VxWowS397eNfXaj7EisI1GBg9h6c4GcHPFaaXlrpehrcwGa4WQYRJW+VTz1+nPTrW0qKsrHn0Mxk5zU1ojo8yY+eMMvscmkVRt3xZK909PpWNoBunsnmu9yF5CUY8AcDqOw9K1vPRB5rMowcPz+tYSg4ux6lGtGrBT2G3Ekcdv57ttGcEkcdcdaBzHvzlOuQ2QePz5Fczq97JrV6NL05jsL7pHHQkdfw/rRe2D6f5EN1q8qW7KVRli+UY7HB6++DWqoXWr1PPlmjjOXLG8V1OrX9yGkk+8x/yKRlX783Xso/w71mWGnTW0kMxvZrmDGQMllP4emK09+f3gA3Nwuf4R/n+lYySTsj0MPUlVjzSVh4Mh/gUfVsU1mGMSxgA9CDkCmPsJ3FUKn+KRqzL6bUlvFGnxBhEmZEZvlbPbr6Dsc0RV2VWqKlDmtc0nuYrQR+bIBE7BFJ7E/wBPc1X1G/t9O8t5jhZGwPrj064wffGRWH4l1GD+zTZnzVmDB0XbwuOMZPUYJx1rnjNqPiG+iGxpmQABVHAA9/610Qoc0bs8TF5tKlV9nTV2eiI4cKyc7uVJOcjHH8/x4p9xPFYWyl32rnBJBx+PHrTYIXiSPAjVgoBVRx9B/ntUV95f2OeO7YQrMNm8sMe2D2rBR96x7VWo/Z819SeN4XAeNxO7dCpz/wDWFTbpeyIP+B//AFq522tRpemag9rfCeHyywZf4WAPAIPU8fpWfFd395pH2w3kFvFGpUkJmRiPr3+hrX2F3dHnvMVBWnHW1zsGWNm/eIY37EUrzxwRMbgnaozuC54zgk/Tv+dct4Xv9S1B3S7kL2qjAdl6N25HNb95eQW9uTcyAYJG49D7e+RUum4y5Wb0cTGvQ9qtPUkR1fb5TrKo5QoQQcdD+FOhnQXCZmRNj87nHBzwD7881z2iWaHUnm067ilsyCXiYMSvXAwQM/X/ACc7xFZW8uvLAt1FEcfvmbhI/oO/0FaRo+9a5y1cylHD+0S12PV0bGGY5WQdf5H+v4+1PXIzHIepyDWbolpbWOhWttaT+fGVDCTP3snJ/XoPz6VokZ2ovJHf0/z/AJ5qZKzsRCTlFSfUXzPKIV+nY9qrzDHK/Kfapp5AF2D52Hb/ABqjJ+7XBP0FJmtNXZc0ZmOpgEDOw5INdBcoGhcHoRzXOaGWfUGYAgBCenfIxXQjc/XIx6isuW8rnLinaZl+Tlz254A6U4RAHPtirfl56emKVoQvBH0rU5VJIqCLnpUR6kelX3jYKfxFQSIFxTsPmRU2jJJpyQmQ9+KsxwF+uKupbgDAHHrWU58pS1M9Ux3qtexcjjt/jWtJEVORVa9jBiBA6f5/xrOL1Lk9DDCCk2Yq00eG9aQpntXRYwUiEJ68UBD6VOqc4x+lSLGM9KhotMhji/iNWMYFGKMVLRqmKu7+GraM4UfMarx4zVkjilYTt1ILp2MeSfu1GJfl9cVMy54xmoWUKcCly3BNIgkPJzVOcZWrcuT0FVWjLZqoxsKVTsU9hNKFPerPl4pREasiL1K4WkdPlq35ftSGI0kay2M3bikIq08fJ4xTIgAW+UE9vf6U5NpXMLkAgd+VHFTraLCm6UK7MOAR/Tr+lWmlYICCoJ4AGevtSI75+UKz/wARwAB/WuCdapLyJbMCTRpEmknIaSMkkqB8xPvxnqAPYDGDuOacieTA0hCs/wB3LD5Ix7n69Rz2UZ4x1xUnk7Qe7ZqncWFtcyq8mZJIx+7OThPoBxn37diDzVwxLvaexi6fY5OOzRQcWDSjPeby9uABg+p459CSO1Fb02hXLMNqwyqAADJJKmB6BY8KB7cn3oro+s0+5PsmbBhVSxESgtjJ7nAx1pV/3uOw281YIpNtefGXO1FljNzeuePxoTduzz+dSpHk5qVYdxwK7oYSK3KTGCMntTRFzV0xkDNMEe2tI4aMVZGiaSuUSmTyOlAQelXDF7Unle1bqNkZSmrkEUO9hxWzJbxQWsckfyyZHOeTxk/4/pUFoFXrRP8AOcLyPX/PanYTdzbsdbQDEkZ6dVPX8+lbK6paEZaXZnoCD/8AqrikG3PfNSF29apGUqSbN2+1ZImP2d9x74BwP5VzdxcPcylmYnJqQ5PWmeWCanluzSFoEGKVV6CrAhpRFjpT5TT2qGDKgkelReWfSrXlmlERosRKpcqbCelXbWPK4ximmId8Ae5qOTW9PsEIkl3P2Ax/Oh2sVRp1KkvdVzYjbAxTJCCcelcxJ4xtwf3cOR6/5FSQeMLNnHmxke/+RiuZx1uej9SrpXsbrJkVA0ftVyw1LT9RA8i4Xcei5AJqzPZ4GQK0izjqNxdpIy0iGOaf5fGKseVilEfvWqMHJFXygKaYgaveURSeWDVJEuRSEQzircLGNTt7mnbMdKURn3/Km4pkKbRPAfPnSNcgswHIrooYVT5gOax9JtvM1CPPOMn9D/8AWrqvspPQ4/CspU7nPXra2M+UsoG1iD6etc1c3l5HPIi3EhCOVGT2BIrq5YyrYNcfIWeRmY5Zjkn3qYUo9UFJxbOUfW9XileM6hcZRiv3vQ1ZTXdTKqv2+Ysf9qqOuw+RqrntIA4/l/MGoInw+70rOVOKZ9PChSnTUrI6BdZ1HaEF5MzHqS3T/P6fzrarqF3NpVzFJNNcsULBAeWI54qtC+FLYyx7j/PP/wCoVLGRsbD7ZCMEEc01GPYydCnHVI8hFlqdzNLrjKqNCfNjVxgNt54HoP16euINBkhl+3m6glup50KLHGuWbJyWzjjBArt/EthJLp93Au4zNtZcDgqD0/z3rmNEvntdQkSwtfORYArhWC7mHO7J9/0rshNuJ5WIwkaVeKvv+LJ9FsdNj1Z7W5t5IrtPnUSOHA4BxwBzg+nauplkWGIuskkmP4UwxPPpXO6Bpt5/aE2p3saGV8sMngE9Tx7fzrpfvDGyJh32nmues/ePbyym1Qbascf4muL68jim+xy28VsxIll+UknHQH6e9QeF7O/Be+B2WjD5sjlwM/jgH/Jq1rqalcLdSG3VrRMiNncHYvcgZ6n1I+lM0JoLKCFLuScG6jKxsrHYoJIII9e/fqDxXQv4djxJwf1zmlf8itazagPDzyJOiW0LlSFADnJHft1roNI06yWGK5tQxDxgs7NknPUemexxWQLC4sPDF/HOjL84I4BB5Hetjw5cKvhy3G7Djdlm4A+Y85PFZVHeLaO/ARca8YzWtuvQbqHia102ee38mXfGMDp1/wAP84rnrGDV76/fUbbbGZScSysDj6Z54xjI+lal6qa9qK2Voo+yxHdPcYxnHv8Anj1+gzVe5v7a31l7Zp5YLWGIInlE5Ygf/XNVTSjHRanPi5Sq1OarL3E7IqzWDwX2/XJ5pYicJMhLL+J6j6da7Gy+y/Zo4rcJ5OPkKtkH9c5z+Nchp8MeuahPb3dxdPBGC0R3c4yBk5/Ctaw0i80nVPLgm8ywfkhjyPf6+4/HilWimtXZm2XuUJc1OF4vr1/4Y3GQplQflxhT7d/xrnvEwtjGiMxE8nyoPMCoOeCfQAH2/Q10TSCRCjZLg9l7+tYPiOxhuLFbm5aRGiU4wv3j2H4nHP1rmoW9ornr5kpSwsrboyfCkttFczwmIyXDD92wHy8DPJ6jp1qa51fVb2Ke3trXyPLQtcyd+nJz0GQOMc8cGp9MtJrLQE+zQlri5bc5RcuqHp/LP406aDVH0iZIo4rG0VWJXdueXAyckdemO35V2c0XNs+cVKtHDqGvfRGZoGojSBGZpM29wTkI2WjIOMlfQ/r+FdhPfPbxpJDFPdK6hh5aZGPw6VkeHNIgi0+K5khiaWQE5k5xyeg7fzrZuTJHAzW6YuMfuwDwx7dawqyi6mh6uX0a9PCvnenQ4DWI7x9QkdoGhe6cEQhstn3HXknita7gvdM8OwR3DgSJcKyoB93gnr+dU9StdQe/sxcxLDJLJw6nLk5GST+XStG5jTU9LNpZi4a5t5C0iyNuJ7Hnv+ldMn7qPDo05e0nvcW6WabWILbVJ/MSZAyLAfl3dh7/AF6810cOn2ttZmLYAj8EDJzkc8nNc1qxe21TR/NU5jVODgdCK6i4aV4TLb+UWXgCXOMfhyCa5qt2k0e7gEuapGSvb7znru2Xw/BDPaExtJLhpHG4gEd+2O+PUVV8U2ckNhHPLqUty3mgFTwo4JyB26VoXularqqiO8uY0QncI4lzj/P1rJ1/Q4NP0+ORJXeQyBWDMPQn0rWnJXSb1POxlCapzahaJuaELazsIXW5DGWMEo8o+U+wNbJVJY/Mh25IPIPUVhWfh/TXsYZHgbeUUuN554ByOa1LK0g0qIRwO5jY7juOTk+mB0rnq8rd1uezgFXhCMZRViYN9BwO4/z161UF2kdvJMZAAkr5Yc7ecdPfj86ttksWjDkH/ZBFYP2v+y9cmt7xf9Fuxkbxxu/ljOQamnDmOnGV/ZJPoVdX1eza2khaVmTkJBGevHV2HBHfCk/Wqfhq11qaJjZT+Tbl+S3IJwO2OuMVL4hmtJfLsLGCFpmbMrxxjAP90HH5/h71po9xYaYkNjjaigOjdSe5BHPJrsvy07I+bhQnXxTnJ3UexuIpt40W4uyZsfMcAA/hXIeJ7OIQtdHU5ZXzhInUn8jn+la+nu9/C0uzytpw5c8ZrmPEUV39tkkkGYFbajDp6jFZ0Yv2l2ejm84PBpxTZY0N573TJNMiYRq253ckDdwNq8+pFZcP2+dl0tS2wyZMY/vdOa6ZRBpfh6O4R4y7oDtB5LH19hWci3Gn6ab/AHOl1M4O7kHac/oa3UtWzx54W0YJy2V36HYabYJaWkdrGcxoo38dW7/r/KsHxhb2EdqXVXFw5wmHO0dM8H+net2LUom0+3JZYnl2qc9if5jrXO6/YTy31zPOQLS2iHl9OSRgD3+bJP0rnpp+0vI9XHyg8LyU1p+Rq+H7e00zTkWW6CyyRCdyCAMHgDPTj69axNRm06XVJoIpnRZn/fT7PMd8nkIBxjPvz/OW4tzD4US7IId4VjwT1/eBsj04qvqt3qvlaeWs4bCCaQSQNFgEtx82R0+9noK3jG8rnmYmtyUY0mraI6u18Y6PpdvBa/Y9QghCbY3liHT1689ew7+9ddBcxy2cc8EgZZ13Iw9D/wDr/PrXk/iQz32sWekR6gdRaNtqy4AG9yMgY7dO55yO1eqQ28VlBHbpxDAgRc+gAwazrRSV0bYCvUqycXshXYRg45cjmqMpxwxy3rVh2O0v/Ef8/wCfpVGRxnvk1zM9ynE6TwpFuS4mI4JCY/DP9a6BkAOBWdoELwaPD8oBcbyfXJ/wxV8l+9NRbZ5FefNUbIfJG7Kjj0pGiBxk9Ksx5YZPU04xgKatI5pSKhQnpVWRMMfarz/KGHvVUruOTTsTzEI6VbgcEYIIqMRGlCkdqznBM1VQndVPTvVS4jJiIFWQTjmmOpKkVnGnZle0MZ4jnim+Sf7tXXiOeBim+Ua6EjDmKgjw3SnlaseWR1puz3pOJUKnQrEUhFWDH700p70uQ09oQCp0bAwTTduKMGk4B7UmAHUVXkBVue9TIcCklGRxU2G5posqludN+VVZwOwG7Oe/c8H8qy5ItrHIq5A4jb5uh4onKyMMds1TRmnYzzGPSlCCp/KNO8qiw1MrlBilCAipjHTkXgj0pcpqqlzOliw5qIx4weuKvzKNwquRV2urGbkrlAAr8p6A5FAl2qADx3p8n3qiNQ6EZGfMWDPnATI7AA/4ULOSSByvr/8Ar6VAlPI+UDHSspYSPLZIamixuH8UnPsKKiBJGePyFFY/Uh86L+KUJ71NtpQq13/VoqXMkcvtBUT5R2qVU+YYFPI+XFSRjvW3KNVBpXjBpPLBqfb707YKXKU6lkVfLNAQetWCoqMqB0p8pi6hHtApQKfRWcpRiawUpDQtSBcVTm1C0gJVplLDqE5qq2t2wOEjmY/gKydZdDoWHmzW2gjmjaPSspdct8/NDKB6jBq5BqFtOcRzKW/utwaarRZMsNNIthacEFIjgHByDU4x3IAFbxcWjmamnaxGI89/0plxJHawNLI4Cj8z9KmM0CfflUZ6ZrkvE095fS+VbxlrdehUg5/XP/1se9KTSR3YTBzq1FzKyKGqeIJrp2S3YJF0471jrBJL85OF7u5wPzNPWD7MPMuUYHkLGcgn3qOWZ5my5zjoB2+grFu59bSpQpR5YD/IhX710uf9lSw/SlECOSEuUY/7QKn9ajW2uHGVhYj3FI0EsQO+Nl9z0qTUcDPaSZG5G/Q/412fh/xe0gW1v3J7K+M/r/n/AA4yGdkGxwHjPVT/AEp5tpPMV7YPIp5UqMkex+lBzYjDU60bSR61wwBBBU8gjvQo5rnfDuozR2YivgYtv3WY/wD18+/+RW7FfWztgSrXRC1tT5Ovh6lObSV0W1UHrS+WOwp0eGGQQw9QalUdq0SOOUmnZkAjHcU7yz2FWAop233p2J5ibSWSK7yf4lIz/n6Guk80455rl4w29Sv3geK0WvJ0QbiDjuev86Tt1OWrFzloSX16I0d84O3j69q5R/vFvWn6rqoVd75fHISLv9CTgfia5iXxFfbiU0jcvYm5XJ/AZqLpHbQwdeUbpD/FFuWtobodYmKsfQHofzGPxrnUc9q3f+EitbuB7XUrWa080EBmGV9ueOc/h71zzKYJXib7ynGR0PofoR3rKok9UfQYFzjD2dTc1IZJEUY2mriyo67ZU2/X/GsqGR8Z61oxSLIu0jHsazN5xM/xJp13d6S8dncbOCCSMnb3GR0Hvg8VhaLocWmW7eTN5k7j5nx8p9sf5/pXZoxiODzGen+f8/45mo2nkyNPbqAP40HQ1XM0rIzpUqTqc81qczZ6XJY6jI8LgWz8GB+z/Tpj+hrTwGxlQOhU7cEZ6EVbe1mlxLHExzjdnjjsfwprWExYLjgnnGOn55//AF1Em27noUYU6cWomLbaXIy3kRnxZ3OTtHVSeuPb/P1n06ySxsIrOVI7h4nLKQue5IPNak8UqBY9hQEcsRwB7Hpmot2wFIQMDqx5Aoc5WsYrC0k1IqanaS6lps1thYzIvGW9CCPw4qvo1s+naXHaXIAKFuCAV5Oev0NXyw/57Sn3A/8ArUu9wNxKyxdyOv4ilzvl5TT6tD2vteuxELaKFD5EaCNjuZUAGawZNIu/7Tubi1uBClyvBCgnk9Pb1zXSYEZBU/u26egqJ1CycAlWOeB370Rm4O6CthKdZKM1ojn9E0u7sr65urttzMNp6Hfk8/qBXQrEHALj5R0U9vrSxKDISQSq9AR3/wDrf1p/3mz0jU9PU+v0qZzc3dl4fDww8OSnsAlBGIkLD8hWdf6bJqM0bXLE26HPkqep571f3FxkNsQ9Cep+lMyueJnB9WH/ANaknZ3RVWjGrG0iT92yrGV27RwD2/z7VUvoGa1khz8rIyIcdMjvVv5WbZKAc9CD1P8AQ0Z5MT8+h9R/jRfW4OMeXlexUtofslrFCAo2IAT1zjqefftRdwfarZ7fJXfypHG1weo9qlYAMVPVT/dyPrU0EZZQ4RmJ6ADn/wDWetCve5bpwVLk6GTc6RLLDZzSXKtdWzA7jna2DwMY68D64rUVV3mSO3AZwNz9CwHTmrIs2jKvcyRxSHojuAR+HrTGNqT82oAH0WMn9cVo3NnLTo0oSulcwNa0i51C5tbmMANEQCoboM54rb2xTcqcMvORwRUgh3n/AEe8jkbsrHGfwpjxvuw6GOVe/f8A+uKUnJqzLp0YU5ynHdkRJXcGJV+rMO4ArJ1vTX1G3jWMgeW2cAgD3+uMfzraOJo+eHU4+lQjlcgNz04/SojJxd0bVaUa8HCY5FYFY4+PL+VT2244H1qUiOEYwc+uOTQf3UYRfvE9fWhEYuFiQtK3+efajcbtFWQjNKynagU+pauf1XRNS1UIsl2hCt8oMYG38Rk/0rpntTFlp7uOI/3d3I/Dmmf6LsdRqILMMBjE3Fawcou6Oavh6eIjyz1XzOHh0fULGR1gu4OTyduc4zjtV1rbW7V0Zrq234ztK52/UFa6K30/5zJHNDOUGVSNuSe3Bqk8cpmKurCRjyGBB/WtHUb3MKeV0oaQk18zMt21Z5991OkgPXjn9BU2p6LPqFuFELb0OQWGPrWg0iwL5cGN3eTv9BSLBPKN+xznvS5ne6OpYGDpOlJ3T7lCXTg1tFb3MbDywOvGcVczFc24tbpd8WNoPdfTHt7flT/tEsP7uQFk7o4pskQG14stG5wMDofQ+9LmZqsNSitjLm8OWsVx8zSnHKkMMEe3Fa9/Zpd6e0cbYglwTgZKnP8AiBx6VaTT55LHM2y3wcxvM23juPWpYIreBGR9QTkg/LGxx60Nybuc/wBWoRi1CO5WtdOhvbKPTmIIaEKzFeVA4GAenTNWLPwTp8EUZv8Azb9oxhWd2AUdgFB7DHGSP5VesRZxqUS4hIJzlvlP4ZA4/GtIGWIZ++v1yfzqlOSPPxOHhOS5o7GBo/g3T9L1N7+C5aQjPkxuufLz685JxwDxXQurBDu5Pr+NNMsUg5TBPXK1WZ1QNtwo5wAP8+lKUm9yaFKFNWihsjOgAJBx7YqC3hkvL2K3QZeVwoPpk9aZJI22ul8FWPmXR1CQfIh2x57nv+WcfialI6a9VUqTfU7NbWOOFYkGFUAAenaqstsV5yMD0qS/1mws1zLcIMe4/rWFP440tQQHBJGO/wDQGqWh4FOhXq6xTNhYsUxzgbVNY0fjDTZ8IZgh7An/ABxWjFdQzqGikDA+9Ugq0K1Ne8gI5xTNg7VISO9JxTOfmYgX3qwkAxlqEIABNOMoAOKGh+0I5IhnAqHbinSXdvGcSzxRt/tyAfzNJ5scoDRurjplSCP0pF3klexUZPm603ZUshw5poNaJGLm7kZWmMvtU3FRtRyh7QhYVGRUrkVmXmrWNmxWW4G8fwrkkfUDp+NJqxpDnnpEuYoxWPH4msJJFQCYFjgZTP8AUmtoD5S3QAZOe1RKUUjT2VSL5ZIFGaCKz59YjjYpboZf9onC/wCJrOl1a5YlXuViHouB/wDXrB1ex108JNo6Hy29D+VJ5ZFcsdV/6iD/AIFv8Kki1qZeFvA3qGHX9Kn2jNfqTOmxQBlc1lw60MgXEQ2/30Of0rVilSSPfE6yKe4NXGp3OapQlEZtGaAu05qbAJ6UxuDWySZjz8uhVmXNUz1q5cyLGjO7BVHUseK5651u3QsId0jAcEDC5/z7U9EOFOpVfuIj1PUUtn2IA79Tzwv1rDk1WZ3yZD+AAqvITNO2457k+uaj344UCp5n0Pbo4WEI2kjVtNYdWxLh1+nOK343SSNXRgynoa404YZHDCtfQrgs7RE/KVyo9MdacZNnPjMLFRc4m9minqPlorXlPF5pEd34itLZtsQM7jrtOB+ff8KpDxY5fJsgV9PM5/Or2qfDLWrdWe0lhuox0UHY/wDh+tcoNG1Brs2i2k5uR1iEZ3D3+lRzSPWo0cJKOjudpY+IrO8YRsTDKeivjk+gPT+VbcZ4rkbP4e+I58b7aOJT3lk/wzXY6X4W120tTFcvbysg/dlXOT9ciqjJ9TgxdKjHWnIcDS5rF1W28W2pJTTgE/6Y/vD/AD/pXPf8JTqtrOY7lFLDrHJHtb9On5VTmkTDBzqQvFo7hjVYThpCigsR94joPb+uP8RWdYa1HqsRSAGK4xyjfwj1B9v544q9I8VhZsxztUcAnlm9Pz5J+prKrVUVZE0sJLm98Lu7js4d7nLH7qDqT/hXN6hq7yErMxX0hTtVXUdRd5G+bdOw+Y/3PYVmhMnc2ST61xu71PeoYaMY3ZYe/lb7iKn15qMXV3n/AFp/AD/Ckd0iXLOqJ/ebjP0qnJqlun3C7n0UACiMWzeVSnDc0ReXQOSwb6qP8KemoDP72PGe4/wrMj1W2ZsMHjHqRn+VWxtdchgynoRTcGtwjKnPY6Kw1Zohhn8+Hsc5K/59DWpqUdxdWBNncsvG5fLbG8enHI/OuJjdreTen4g9D9a6PSdSWKMrJvMDfMuBkq3f/PtQm4s56lFQlzx6GGun3lyNywTOT3ZTz+JpX0y9hBJtpRjoQCf5ZrppjpeokJNKQccbiV/+tVG48OzRDzNPuW9gWwT+IrVTTO6ljU9GrGKl5cRr5UmJY+6Sjd+pp4it3RpLJP34HMLnJX12+v40s9xKrmPUodxH8eMOv4jqPY1Wlja2ZZY5AyNykinr/wDq9KZ2JKSutyLZcXI3YkcfpShri2OPnT/ZOcfkeKnnle9g80Nh1H7xQcZ9CB71b021vDbeZFbyXDMf3Me0sAR1Y+nt7/nRYJ1YwV5WGG1tIgkt2GWRhn7Mpxn3PoPbrTJdQuGTy4mWCHtHEu0fmOc/jWlB4S167m3S2UqbjkySY/8A11PcaLrOnAi10yVVHWUgO5/LOB7VaRzfWcPe3Mm/wMVNPvZjkQStnuykU2Swvbc7vJmUjoyg0y4+0iUi680SdxICD+tRrcTRHMUrp7BqDqi3JaWZpaf4hv8AT3UiUyoOqvyT+PX88iu80TxNbaoNjERzY+6T/n/P5V5x9sjuRi9Rd3aVFAYfX1qI+dY3CSRvgj5lYdCPWmpNM48Xl9LERelpHtIPNPzXG6R4vtpbWNb5zG33TIfu59z2z+WOprbvtYhsbF7lpAw25UAjn3GOo/8ArVupJq58hUwdWFX2di9e6xaaPbvNO43dFwf8Of8AP1rz7V/Gd/qEhWI+VH9Ofp7fqaxdR1KfVrzzHDHnEaDt/wDX/wA9KC9vYkgqtxcdSGPyL/if0rFyufUYLK6dCPNNXkxmy7vW3Ynn5wSctj86edJvo1z9lk/AZNRTX91cf66Z2H90HAH4dKgV3Vtyuyn1BqWz1FGaWlkWPtV3asYy746FH5H0INXhdQ36ohRIJkUKuOEYf56VTXUptvlz4ni/uv1/P1qKeKNo/PtmLR/xIeqf/W96REqSkveWporvRip4I6itCOTcBz8wrJtLo3MflSHMqD5GP8Q9PrV6AgkEnCgcn0FQck6bTLX9qWkLtDeTC3I5zKMA4GeD3+nWs2bxMrzywaf8ojwrSHBY/Tt/Ouf8S65NcSCzggL7/liQjPU9cep/z70dBKaJfXtlfxwyzKqt8zgopxyG9Tz09a2ULxueb9ZjTxKpyV0WPEOoXMVtFObiQuJMDc2Rz7fhRbX/ANuvbO3tF855ULOifNtAGfw6Hj/61c74ie2knRreZ5G5ByxIA4wBn8fWrOgNJbO872sxkbo6rworRwioXZzxx9WWNdOOi08zskuLuzbaHkRh/AwOMfQ/4Vja5r8jXNpbWUG25VsyKp+VhxgFfX1q/c6jftYSxRSeY5HyeaA2D7E9Diues4xptwr3G6a6mUttVcspyf8A9f4VEIxbuejmVWacaa92+8jZl1nUt5S30u6X/rouzj0xj+tXLHULqZybiwe3ZV3E7shweP8A6/fpXI6nql7HqENwiSW77QAxb74B4z9OnPoK7OwNxNEHvolhkU4C7shvf86ipBKOiMMFinUrOEpPTyLIR3QpykecjI5pWhj6yOSf9pv6VHK0k8REUjQqf49oJP4elYk1vrpc/Z7y3ZM9fLGf1FYqFz0K+K9mr2b9BmpX50rxDCkczNb3CgugbgEnBxXQbXUAMQ6A5b6fSuAubK4ufGEOm3N/HI32hIWuYz8iZI3EZxwDn05Feo23wz0uSIyprWoyyEYWRJkwPrwc8+9b1YQgkpM8DDZvONSatdNmWT/HgZIyCf4QP61n6pe3ljClxCDLGDiSNlB47HpkdO/tXY3fhOPStCmlhN1qN5FGTsMgUynPbg9u3U4x3zXkl7q2uPqaWjRz207sFS3ClW+b7oweecjGazo01Nto7sXnFJU+VXTZ099d+boL3EDGPem9cnBBByf5GuX1bxJLqkVvBGNgXHmMOrN3P0zz/kV6F4l0Hw5o+kWc2vjUprhlCu9qFOXwNwzgADPQHnrXntjcWg1+aKx0xpoJCTDDNgyKMeuD2rejGHLzW2PJxmMnWqRgpWTsjuNItIm0qKSS58yNVy87Mf8A9fXjFSy3+xDFZhoo+hbPzt+PYfSqM94ssccUMQit4xhUAA575xVlJI7AAuqvdMMqvVU9OPWsba3PraEOWmubXsZd/fW9vG6zh2O35k2nJB756ViaM+pi5KRRKYm5CSyBcD1GT+tauvX0j6fMZpi0rjA3HqM84rmLbVXk1CzLB9sICAIMk9v16V0Qj7h4WZYpwxUU5W9DrtWuotJWISTQTSSfwQyBiv19PxHNalvfzwYWTEsY/hk6j6en8vauOna0XXbp7pHZlClEweeO4rYh1TUdZMbutrGm7iZySx+pB/mB1qJ01Y7MPmDqVHGpr2SOg2xyp50ch2dxwCv1rlpNbc6662kcs9nEMOIyTk+o9OfzxmptXTUEhe3tiULgpKMjJU/0pNGkt9Mims4beS5uFbdI8S5B4BGT0HcfgamEI2uRjq9V1lCL5V3Jhquob1uU0ecQA7f3jYz9CR1/OtJdWuLuBgtsbJc42K+WPuTwT+grkYr+/bxA0NrAYlkkLJaM2VUnn2/pXYxz/Y4Vwg+2HlzncIz6D39ac0o9C8trOvJyk22tPIbLay29k93cBYIUXcWlYL0HYdcnt61z/h/U5tW1CWCR40iwXDvwB7EgU/xCl5qNuojZpGLZYFsk+lVtGtru30eaWzs2nbzCC6gkED045FWlFxIxOJxCxihe0Vrp1NvWba5sLA3kciMsTY3RuGVj6VLpuurc2UT3IDKwKjcfmXsdprl7ifXURpzLJaqvXy32sB+BzVnS/D9nexF3vZWkfmPjaGPcd+aHCKjqZxxtepifcjdW2enzOla1jhDXCkSwAZjI7n0NUbq4mMMspcl1QkH0/DpU1rKLdhBJ80OArhu2O/1rmdX1maATWptTHIQVyzZ4PccVlCHM7I9HGYtYek3U3aNnw7fT6+k1tOQ0kQykh/h+prd+0xaejRWJEjnlpzzzjHyjoB/P8q860jSbu7QyJL5ULnBOT8wHt3rt7C1TT7RDcEygn93Gx+97k/3f51pUiovQ5Mpr1q0F7VafmSSWt7fwzPCjPIFJ3swABHuTTrXT5DbqLu8so58Y2iTOcHjOMgZ/z6Uy4u5bg/M/yjogGFH4VWnF2sHmwWklxjqEB/w5qFY9SpFw/eN2t2K88moxz+VFppuTn5WglD7vyGcfrV7TtSvYF+aKW3IOGhmBx2PQgY+vFcdqmpaqsgikR7Uv/Bt2k/1rqtCjvRZeVe/aLsMAQOWMX+6efy71c4JRuePhMdKtiXBtuPnY6KC9W6jLRLiReWjz0HqD3H+NQyzjbgHrWZMktjcgrww+aN8Hn8D/ACp1zPvCTxkbH4Kg/cbuPx6isE7noVKEU+aBoWkD390kKHA6s+Puj1/z1P1rW1HxOLWFbHSwojjG0ydfy9Tnv0rBlujaWK20WVllG6Y+gPRf8f8A69QW8ccaefcAmPoqDjefr2HvVIcMMpPnqbdiRY7vUZy2Hlb+J2bp7E/0p/2BBw97ao3cb84/Kq1xeTTjaW2xD7sSjCgfTv8AU1EscrjKROw9QDVXO5RlbTRF3+zmf/UXFvMf7qyAN+RpkFxeaZLhHeNl6owOD+fBqq6vHjzI2XPTcDU6XjBBFPmWH+6Tyv8Au1NxSi38WqNS51rUNQTzLa7mjmjGTCjY3/7uOT9Dk1Bp3jPUbeVVmkFxH0IYAN+Y7/XNZs6GBkkhfcp5R/T6+9RXsaXEX2yMBXBxKF6Z7H8f50JnBXwVJrSKPT7bV7S5sDerOPJUEuT/AA46g1xGteLrq8d47aRoLYcDacM/1PasCK7m+zPAr4jfG9R/ERnGfzrc0nwLrutFZPs32eE9HnO38h1/SqvdHlxwtDDNzm+pz3nck4JJ6knrU1rezWs4kgleF+xRiK9NsvhVCoBvL93PcRIBj88/yrRPwv0Mr8xuCT3MnNLkY55jhtjltD8TG/kFteECf+BwMB/w7H9PpW1caja2S5uZki4yAx5P07mp5fhZYAb7S+uYXX7pOGAP5A/rXM678P8AXoGa4iYah6kNh/y/+vWik0jznDC1ql1Kxof8JTpJIH2k899h/wAKvRXdvdR+ZbzJIvQlT0Poa8umhuLeRo5o3jdequMEfgeat6QL2S+VbLcJP4sHAx7+1L2tjqqZZS5eaDOg8Qa60MjWdq2GAxJIOo9h6H1Nczb2l7eNi1tpHH94Dj9eK7G18P2lmrXN+3myE7mZ+gP07/jT5ta2ArBEEVf4nx+grCdW7OiglSio01dlTw3oU1nK11fIvmgYjUEHb6njv2p+qap5hZEdlgQ/i7f1HtVaXX5XVo/tDOrDDbUGMVkXExupOMhFGFFYyd2bRpTnPmmLNeTTgqnyJ328E/WovKwOvWnNJHFGWZtqr3Pr7etZU2qSOxFuBGP7xHzGqjBy2NZ1oUlY1BGvv/n8KQxr/CxrE+03G/f577vUGpo9TnXiQCUf7XB/OrdFmccbBvU10eWA5jY89R1BrS0/U2WYGI+XL3QH5XrItrmO5B8snI6qeo9/pUjpzkVk007M39yojv7O6jvIfMQ4x95T1X/61LO6xqWYgKBksewrldI1J4pgzfeHEg/vKe9dNfwG80+aFD/rEIVgfy/A1dOfLoeRXwy50jhNY1dr6c8nyFPyJ/U+9Zqb2Oc8Vu2Hg3WNSvzCIkTH8UkgA/DBOfwFdpYfCq2yr6hfySHukShB+fJrde8js+tUMOlG55b0dh61FjFe6Q+CPCsGFa3hdu5klJ/ripH8IeFJRxaWuf8AZcg/mDT5TnlmtN9GeFR9SfSpYHeCPepKt2IOK9Z1P4XaZcpmwnktmPbO9f8AH9ado3wy0+0VZNTk+1SAZ25KoPw7/jRaxp/adDk1+48pXUbnH+tn/wC+zRXvMUegWSeRHFbIFP3UjyB+lFGnc5P7Qp/8+yC11ueIATgSx/3uM49eOKtyatZxsWgj86TbyVGBj0JNeYWGrvBu8twFx80Tn5T/AJ9qLnX55j808mB2j+UVgqztYl5c3LTY9Fk1y4/hiiT/AHjz/OohrV8fumL8E/8Ar15l/aGfvCQn1LGpIr/DjaZlbIxhj1/Ol7VlvLklqenxa9Nn99CjAdSuR/Os7W7+w1SEwHT4pxj70yg4Ptj+fFZERnW2EdxOz4+Zge319hWLf6qXVkhfy4Bw0mcbh/h7dTR7WRnTwi5/dLUUWlaRkRlEkIwdpLMfrWdrGpLIA0eVVB8ivwSx7/QViyXxJKwLtU/xd2quEzy3WoPXp4dJ80tRIQTl35Lc59ajvLsW0Y2gNI33VP8AM+3tUzyxwpukYBP1P0rFmLXNw0p/iOAB6dgK1pwu7vYK9blVo7kUjNM2+RizU0A9hmup0zwbe3SCS5ZbSNvu7xliPUL1/PFbi+E9ItUDXMkr+7yBPyA5rV1Ipnm2cjzvaR1qS3uJbZ8x8qeGU9D/APX96759G8MnK+XJ/wABdqqv4V0q64stQMT/AN2QAjPp2P6VLqwasVGMou5jRypcQh0OVPb0pwDqMCVwM5603UNA1TRdz7W8onmSLlfbPpVBNQmhIMgEqj8DWbhfY7o4pJe8ai3VxFw58xffrWtp+qvGf9HckAZeJu4qfRPCGq67EswiNrbuOJLhdpP0HU/XgV11l8MtPgKvc3lxM/8Asfux/U/rSjTluzKvjcMlZ6sxJYbPW7TBGGXqP4kP+FZOneEtVu7qa1AU25Jy56f7wr0iHwZpNvKJIPPjYddsxOR6HNX7y7h0uBbe1QeYFwqjog960UeVXZxRzScFy0upz+k+BNK0dTNeyi4kK4JlwE9/l/8A11ujVNPtk2QJkLwAiYArl7/WoUkZppHuJu6jHH9B+FY83iCccJ5UI/u43H8zSdVLYydGvXfNUZ3p8QR9rZv++v8A61A12M/etm/76/8ArV5s+vXROftjD/dGP6U+PW7nd8t4SfRgKn2zK/s9o9JMmk6mvl3EcRJ/hlX+R6Vz+s+AradfMsBGjY+433T9GHIrFg15yQLqJSO7pwfyrpNM1nyo0aGTzbcnBUn7v09KuNRSdmQliMLLmpyPKtW0i50m48u4idG6AOOn49CPeo4YXNqVuGEUZ+aNn4bP09+9e26ppdp4g00FGXzMEwy7clD/AJxwa8X1HStRs9TmtbpG81DlpGPykeuT2xWjjpc+gy7MFilyz0kiFGtYVkQvJIrjkAYB9+uc077ZG9oLQvP5YbcvIOPb6Z5qLyraNsPclyOqxr/UkUhFkek0ye7KKg9X2dNu7J4PLWNxBKGnYYXd8pX1xn1+tVgjmby2XYQMsW4AFD2rFd8LrMv+yeR9RTftG6FoZ8tGeN2eV+h9PagqSdrxJTdQw/LDEsh7vIP5DsPzoOoyfxJC49Cg/pVCU/ZGBbbJn7h52n61EdQJPzwxMh/hwBj6Ecig45V7P3tzTLR3WTEuyTvHng/T39qsadaXLAXB2w2x+80pwGH06mktrKCy2XVwnmTthobd+iA/xN7+3+Q//S9RuCfmlkP04H17fpTLjKU1fZDvL0+2mDo9zKVbK7cKv+NSvqFu8TRmzYBuuJuf5Uw29lCuZroyN3WFc/8Ajx4qSBNPuJhFFDfMx/uFc/4UmD9mldpswtT1K3tbiKDS45TeyDarTBcRZ7j14rBs9OSHVLyK8lSbyvvzB/lJ65z3712+taGsNrJPa3Sfao03RxMuWP8As5BPbP6fWsDQ/Dc2o6fdS3kpheaYN5UgKbgM85PHOSK2jKPIfN4uDnik1735HPSSwtq0LxWqG3Qny1k+UNjux789s+1a5169TUooHmt5oZBlkWFAozkY4GaseJdAbTruC7ismktEGx4Mn92e3I6g54PfGDzXPRXCz6zBLFaBNvy+Wi4z+XU1ouWSucCc6NW3W6Onub+zWPdIfIbrjaSp+mOlYsk9zcX1teWVvKxjPLFDtP8A+vn867CC2g0pRI6CS9YZVH+ZYP8AE0qx3N/Mzkl2/ikZsBfx7VjFqOx9HVw1XFL35Wj+JwOtfbprmH7REsZYnaqnI6/Wuikk18g5mgYnqir+fUd/rUevWivr2nxLN50XBkeMHg5+YDPoAOenNdGW0vdwt2PxU1c5XSOLCYFOvUu3YZaeXc2kXnzJb3G354iPlzns3YYxx+tQ6zZNbQQPezPBBI/lpJDIAFJGRuOe+OuMcVZazjmGbS5WVv8Anmw2t+tYutxXNzpTWqs+EcSbCe4z/iaxS949HFUH9Xl7N3a7mRFFoEd6skkV5qKId0oQHBA5PPB/HNegeEtX0S70y/s/C9tPZTDEjJMxO7tkEkgccducViX3iHX9W8OrbWumrEJl8uS4NwozxhsAkYzz17cj1q14Khj0LS5o7sQwXMkxLETI29QBjoe2TV1WnB3PkUqsaqfL+BZ1fUtb0TTZLu5unCIRtJuOSSeAMHJP9MntXmTXmpjUI9daST7RLKfLnPJLgDOM+gI/SvWNbFjqen+Vd/Nah8jYw3Mw6YPoM8n3rjtWtJ9QuNLt7aHEEDFIoYl4jBIyfx7k9TRhrQjruzuxGDr4mHtGrJE8HjHxF5LRvBcyzDgOXZUH1X/69c2kmp3fiiW4klEV65JdiM/w4PX2rv8A7HBB/wAfd0EYf8soxub8xwPzrlrG0SLxhcyXInkgIYxsMBvYnt0rSMoq50YjLeWVOzctTX0mEROx1GcFhjy3RMgHnOR+WMVLdaXcKGnt3FxGTksvX8e9WvJspgBFctE56LMowfxHH6VCRc6bMrAlH7EHIPH6isG9T6OFFRjyQb+Zy2oyWFoNscMbXB6yPlgPopzms3RJHW9Z4YvMdmGJCcFevaug1dWvNVSRLIGR48gKvylhkn9P89652KFmFxE2Uywbj8a6YNch8ri6U1ilK2zNe0uiviW7e5XzBIgUljzjjBz9BVjwfp8+pC8RZFWKBgzM3Rc5/wAK2dE0+FbePUdTQP5YAjJX5pPr6+3tyawvDYnW7v4WV1MjgmMdCcnHH41LacWdNCjUp4infS7Z099f+H9PKx3U81zNGuP3aH6gZ4BFcwl/INdubzS9MZrO4TYI5ycducjHcfrXUmyigP8AplwsbdolG9vxxwKQtpik5W7Oe+VGaiLSR6OIwc68k3PRdkcKkl/J4q8xFhtbn6fIg249+31rfbSPEAjE0UlpeRg4by36e/OD/WqtpaxXXjG6fzTbxBSYzJznoACRwOufSt947mykDBtufuujZVh7Hoac5bHJl+Ccud87Tuznte1x7S1NrZrsWQYeQ/eI7gexqXQ7ib+yIzEZVRSQSCcZ69unWtW/sodZgldUQX5jbAAwJAepA/vY/Oub015bG2MaMRk5IBp3ThoaezrUsdzzd1Y2NTvjLpdyk6CU+Wdrk4Kn696qeGrdptMMjSIkKuV3sfYHA9TzUGptdy2TSPaFvNUqsiHGT3JH/wCqptAt5RYJFsJZmLfTp1pbQKpy9rj00tEjdmnti+4o0z7QCxO0EjvgVzXiq9a4it7QRxrj5vlBz3xySfU1uXMtrp1u0sxkuGXokPAz2y39QK53RrS51fXkuntzKC42xjIyTwoHOf17UUV1LzepGUVh4LV/kJEk2gSxSNma1PEi+h7/AI11QI1RPtVo/mKQMIV27QB09O1d1/wjug6RY/8AE2tILm5ljxJGzF0XI5wM9eRzxjrkcV5/aaprHgK+nfQ5TdaRK2420wDbeOvscdx14yOlDcZu19Tz6eLlg5N0U5Q/IjuZlsYDwXuFYMe4QZ6Y7nFR3Gp3JsZLxWlmSMbiVztGTgZxwOa6+DWtL+IGlSKbKCz1MNt3SA/llSNwPuPXg1g/8In4y083VtZwWU9jKf8Aj3jul2c9du8g4+vr60lFXsOpm9Rq6WjOKt7v7XDdlrGW81K4G3zn5WFeOQO57ZOMDpXQ+GNf1BLBrSSfHkMFXzGwQDnj8CKbdxeJtJcwXXhyeNl5XbGSgB44IyDz3zWE91qDSM7afKWbknaf8K0kuaNmeZQqQpT51Jt9dD0SLWjIvl38SXELdyM/lxx+tGp28dpbrdWMUb2knDbgSVPvz/n9a5qxh1K3sEvbiykitJGwfRe2cdR1xz+tblhqrW8LRmOOa2b7ysNw/Lv/APW9q4muRn0WHxCaU4/cVkeS6c4szM3fywc1LPbvJIiuskEm0KsUqFeO2M13Fp4iK6SXtERViXJRFC4HOTwOR+XfvUEXjws/76NHA6HAJBx1p86LeY1r2UF95zVv4d1RYxKumzyOT8oKcL7n/Cqd7a6xbsDc293FnplSB+ldPceN7kTMQSgJ6En/AD+gqay8bu77LhUkQ8MGOQ35/wCIp80WZ/XsSnzOKZwv2u5iYqzMfVZOQam+z/a1822woX/WB2wE/wDrV3F54f0vxBHJNpp8mXq0GeG/3c/dPt0/U1wly8xkNs0ZhWNighAOQRxyPX61R34TFRxOkdGuhLvt4IWhd2n3EHj5VBHoeufeptNiuNRvUsbGzjdpTjByQAO556CobewDzpC7M0zttSGLkk+/avYvDnh2z8O2JmZAkzKGlcnJGOwPoPbvVpGWZY2nhYcq1kyLQ/B+m6Mi3MsMLXKLlpCuAp9v85q/c63tYpaxhgP4m6flWXq+riRS8jbLdThY+7fh6/yrkr7WJpgRv8iD+6pxn/Gsp1baI+ahQqYiXPU1OoudbcFvP1BVJ6qGxj8BVH+3bU/8vkn5tXFteKD+7UY7MxqP7e4/5aRisfaSO2OXxsd/DrkfWPUdp9GYiteDXLlRmQRzJ6g4/lXla3rnqEYVat9SaGXKM8Le3SmqjRNTLlbQ9J1DSdG8UwbJowJ1HDdHX3Hr/KueHhp/DsPlxQSXIbP7yJMs59CB0NRaZrJldI5GWOUn93KvAP8A9euwj1seUu+Bml/iwcAn1FbKSktTjft6D5d0ebaja6w2ZptOusDhUWI7VH4Z/OublMsrkT5GP4Txj2wa9u/t2L+K1kA9d1R3Meg60nl3cET7unmJg/gw6fnU8kHszopZjKn8UNDxUBenQDqx6CoDeW6tgTDHquTXbeJvhhdnNxotybmADi1kYAj/AHT0b8f1rmdM8IzOWk1LfZQqfmVxhzj2PT6n8KfslFXZ1xzBVPgOcnd7uTnhB9xfQev1qeDRdRuFDQWU8inuqGu1F9pGkLtsbSIt3kk+Zj+eTUL+J7pjkZI/3f8AGkqtlZCdGc3zHKt4d1ZBlrC4A/3DVGW1kibbIrow7MpH867mLxPKpzJECO5xg/mK1YtS0/VYvLmSOQN/BMAwPtnqDT9syJUZRV2jy354mEkZwy9K2rWdbmBZANueCvofT6Vu6t4OjdGl0skMOfs7t1/3T/jzXILJNYSvH5WFLfPG4wcj9QabtUWhVCo4S12NdHaGYOihsdQe9a9rr0qbYxKU2jCrJgr+FYUFytxHvXPHBVuq/wCI96lKBuR1rnas7HoNQqo7K11iORgtyohY8CQZKj+o+tbwv55QIp5mdcYBJyPxx/OvM7e7aD93Ll078Z2/Sul0nUDG628sgMb/AOqc9F9OfT+VPmZw4jCxWtjcn1a0hZlBeUqcHavAqt/b8Z+7aOR6lhVTWreQ2xnhIEkYy4x1X1+o/l9K5Y3qk5MzH86OaRNHDU5xO8g8QwI2VM0J/vDkVpTa39rtCzXkZiUZdl4P4gV5it6o6TN+tWEvmI+8rn1NPnkhyy+DdzrX19QxENoXj7FmIP8AKiuQMrscs7Z/2TgUVF5F/U4mf9swBwu717flUTXr9jj6cV1Op/DfW7FDJbiO9UdoSQw+oOP0zXITRSQymOWN43XhlcEEH3Brq9kluOOMVT4GP+2Sf3zXS+FoDctJeyNuWI7UB/vev4D+dclivQPDESp4ft9oxvZm/M//AFqipFJE1Ks+Wwur3XlhbZDhnG5/oeg/HrXJ3c/mybFz5a/qa1dTm3y3cueSSAfxwKxY/vZ9KxR04amlG48IE6nmoLq6WBFJG52+4h71LLIqqzt91Bk1hvI1xO8j9XOcegrSnFSd2GIrcisiVFnvbgDLSyucAAdT7CvQ9D8PwaREs06pJeAbmdzlY+/HbPqfyqj4N0tbe1Oouo86QlYs/wAC9CR7k8Z7YNW9b1Epvt0PyqArY/ibsP6mrqT6I4IRdSVuompa9sylq2WPR+5+noP1rnp7iSQF7ifA7ktgZ/mar3E6wo88vJ9u57AVlNK925llbPZV7KKiFNyV2dbcKK5VuaP2y17SOf8AdU1NBeK5/c3R/wBxv/r1TtdPur1ilpbyTMo5CKSB9T0qy3hvVmmjg/s2dXlcKhx3/CtHSi9iHiJJXZ03h+81G6vBYQ25nZ+Cv8Kr3J9Md+oPTFd3Y+ENC0W4OpTQRvck5G4ZRG/2F7fjnHtVjQNEtvCGhiOV/PuduZpT1kb0HfA7fjWffagSJLy7kwm7CADnPZV9/enZU1qePVqvET91WRpXOtTyMfJUQr/ePJ/HtWFc63CrES3LzOOyHNc7qOrSz4LtthP3IVPX6nv9elYs14wT74jHoOprB1G2dtHArqjr28QQg4WCYj1ZsVV1HXfNt2EW+Pdw7sdxx6A1yDXiZyWds+9N+2R+jfjRaTOuOEppl2W7YgnIRfTP86oPdoD8qk++aqyytI+5v06UxY2c7UBZuwAJJqo077mzqRgrE5vW7bact6SeSGH5GoZLW4hAMkEqA9CyECoWUGr9mhKtfY2re9bGFJ/3Seta1hqDxSCSE4PR1PQ+30rkY3KHknHr6Vq205bkHDr+tZTjbVFSjGpGx6fpGrKu2eMnyXOJU/un/P6VJ448PDWtGM9uoNxCN8e3+MYzj8RXIaPfeVMrE/upflceh7fkf516Po1z59k8DnJj4X3U9K3ozb0Z4laMsNVVSHQ8DWJ3GQOPU8D86UwOBkFG9lcE1o+K9PmsfFF7aAMUVt6egVufyGcVimJwpIG7H905ptH2NHEe0pqS6jvMZGyMqwqVmFwpfpKOo7N/9eo4Ge8kEG0u5+6e4/8ArV1PhXwzBqF60lw7SRW/M0i5CA+gPVj/AJ9KRFbExpQc2Yuk6FqHiFJILWDei8iZ/lRD9fQ+2T3xXU6b8OtM0+SK41LV/OkTDGKJAEz/ALx6j8qt634jhsovsWnolvAg2qIwMf4fj+XrXIHVL28l2xq80h/hGWJ/LmjmtseFVnVrvnb5UdnceEdKvpHeDVpUmZuWlUOP0xx+NDeC/lMD6rFbxg8JGhct7sf6dK5H7VqVgwmnt7mD+6zoyj9aZFq93eXkcQkcvK4UFm7k4pc8uw1KulpUN2+8FTW0e+2v4Lgf3WBRj9Ac5qtIyaLY+VCwN1KP3jqensD7c/lU2t6i8BSygdsKMfM2Se/P5/TOfSuYkklku0trdfNuZCMZ55Pr/kADrUOXMzojWqun+8d0NvNRSN2DbpZO4HQVFBqSM+1kMRPRlat1rDTNBU/aI1vL0DLtL9xMnsP05/Sqg1e2ndY5NOtZAxwFW3C/kV5FUlG1kY+0ne72NCHUoHs/sl/GZI/VcDjuPpVK38PQWUjanYym5VBmKF0G5CTwxwcHA5GB+WK6qz8Iabp4S81OW4UMof7C0mBHn+8w/DAH45q5H4j0exl/0PTraMr0ZYhn/Gkly9TH26k7043sYGm+DdUvtk93ttIXOd0xw7Z9B6/X9a1LzwVdzxrHaajabF+7DnaP65NZGqeLLqa4Y+Ywyein/P8Ah7CqEHiK5SQEySD6savn8jodfFTd+ZLyG3ug39jNsvLcQ4PEkhGz8D0P86rLaE9J4GPoH/yK7/TNSt/Edk2magoZXGUPde2R6H9Pw4rz/UtMuNN1KeykaN5ImxhWwx7g49+DT0auduExznJwqaP8yKRZIWxIjI3bNTrMLv8Adyt+/HEch/i9j/SqkFxI0gtHUyRscBcZKn1Hp/Kp/Jt7R/3r+fKp5VThR9T1J+lB383M9At5QjtFIP3cnyuO49/qKjjsX+37ZQyhWIZscKo5J+pH86la/nY5UrHnrsUD9ev61F9puP8AnvJ/30aTRM8IqjuyaWY3VwERcIvyRxj+EdhUj3ItlaG3PzEYklHU+w9h/n3rpeTI2S27/eH9etL5cNwyhGMLnja3Kn8euaLmrp2SS2EjR5SQiknH4D6+lTfZT0Nxbj2L/wCAqncXThvs6BokU42dCfc+5pux/wCKWJT6M+DQQ6qLMsEkKb2AKf3lII/Olhu9qGOT95C3VT1HuKpiea1lyvXsOob8O9XGggjYPPuDEZ+zr1H1PYe3WmHPz6IY4a1lV43zzuRx3FQXOkLd6lBPEmIZjucDopHX8DVo3jgBI1WJB02jp+JzUP2qc9Z5P++qQqmGVRLmLV1cfaJFjRSI4/kjX1/D3p4kWxDrAFFw/Eso7f7IPtVVLy4Vgd+7/eAP60vmQTElwYWP8QyVJ+nam2W6SStYRVeaTaisWPbNTi1I4ae3Vu4Mn+GaZdSmE/Z0UpEBkt3f3z3HtUPkOoBcxpkZAd8GmnoHNYle0dCZNqMvd0IP69aIbowhkI3RtwyHpUcMV2j5gjlc+sYLA/0q1cWkcUYuLuOSNmGfIVeSfr2Ht1qXIjnhayK8y+U6vCx2t80b+n/6qrXtkbueO6jVlEpImwPut1z+I5/Orf26RVCQIkKA9AMn8zUJupyc+dJ+DUJlToc61IXZpZlULtA+VF/ujtUsk4jQww/d/ibu1WbRr66m8m3WSdz0TG7/AOuBXSQfD7UbuJZLgQWD/wC/uz7Y/wADTRjVxNKhpNo41EL56ADqx6V33g3QW07/AInt/JGsYibyEbgk46/TGfzzVT/hAWW/t431S0MYkVTGSQSMjP1JFa/jO8kidbdPljUYAHYDHT+f5Um3FaHlY3GqvalS6nM69qU95elY2Z3dtqKOSTnjjqc/zp8XgqeNFfVNUtrFmGRGTvcfUDgfmaZ4N2z+JgXI89YZGgB6F8cceoGareRdajr7x3v2jywT5sij7nBwfzxx36DnFJKyuck20/Zp2SLL+FtRsIpLvTp4NQhB3N5BO8Y77ev5ZrPtteuYZdwdk91NWLO9u/D2uy26ylmhlMbY6NjOavePdLgtby01O2RY01BN7IowA4xuPpzkH65NFk9WKM3FqL1TOn0i/t/EOnvpl+u5JAMNgZU9Ay56HpnjHfua4HVtBl0+4vYVvJ3uLRz5gZdu5ePmHzHIwynB7H1GK2PB4na7iQc5yMeuQQP1xVn4g37f8JHe2VnAod441uZiTk8Z25PA4I6daIvQyceSvyR6mFoWqHcIZlVoZCUlRhkfX6YP9KpXto+j67NZKcxN86DOcAjI57+9WNF02SSdIk7Nl3xwOn8v880zVZ11PxJPcxEtFHiNGHRiBjg9+c1F7nXflnE1vDbH7c0X8OP0xnH0yBVTQPC9xr11cNHIsFrA2JJ2BIx2AHc98Z/HkVdgB0bS5bl+LuddqDuM9z/P6/Wt/wAM5l+G97Hbn96JX3epOAR+hFVBbkYqo07x6sybjS/CVofKkub64bu6uoGfyqu/hexv4jL4e1AyygZFtc4Vz/ukcE/h+NYtvFHdazBbXMpjgklVGcdQpIGeeOh69utX9VtZtJ1/Fnbi1RcAIHyQcDO7J6579CMEcUyHHllZS1HaLqd1p12Y23pLGdrI4Ix7EHnOfyre8a2cc2nQ69ZoBJIRFOVHqOG9jjAz+Has/wAXxsqaVq0i7bq5iZJf9rbgAn3w38q0PDetx3UH9m3yJLayjaVI4/z6H/EUtnYqNRpqvDdbi/DDSEubyfU5V3eThI/Ykcn+ldpr18N7Qb8RxrulI7n/AD+tXNA0i00DSPs9s+6Lc0m5jyQTnr3wMD8K4zX7lzCkfedi7n174/M1dSTUdDhnUeLxLmzE1LUWnlaaTgf8s0z0H+NYdzckNubBbsAelS3UwLM/8K8KKx5XJOM8nrXPCKk9T2qcFTjsOeckkbiaiDn2q5pmj3+r3Hk6fbSTtxnaOFHueg/E12Vj8K9TmAN5eW9t6hQZGH16D9a6VTTOeri4QfvS+RwYdh0AqeK8ZTzk/X/GvQ5fhO2391rSs3YPb4H6E/yrndT+H2vachdYFu0HU27biP8AgPB/Q0pU9CYY+lJ25ijbXOPu8qeq+n/16vtq07YzLNx/t1zDNLAxQ71YcEHIIPoRR9qlHVmrB0mdN6ctWdZFrc6YxcTKP9o5Fa9rrwIAuEDL/wA9Y/6iuBjvH7kN/vVdtrwBwVYo3p2P41LjKJEsPTnseq6fqckHzwOs0Lfw54/+tV3WdJtvFGlHyZfLnQfJJ3RvRh3H/wCsV59p+pPbESwZaInbLCx6+3se4NdjYXwheK5hffBKNxHcr6H3Fawn9mR4+Iw8qU+aOh5LqscujahJYTwEXcZw6n7oHYg9wRyKoNeXbc+YF9gor2fx14btNa0tdRYOJrNC5eEDc8fUr/UenPrXmsen6FPArxS3ohfAM+5WCH/aXHT8a05YROyhipVo3vsYa6jOjfvFV19hgj8avQTJKvmQtg98jkex9ai1jRp9HuRDKyyRuCY5VPyuP6YrMhma0uFkU5X+JfUVMqalG6OmFeSdpbHe6RrOV8mdiE4BJOTGe31Wn+IdCXVbd7iAAXsa5/66gdj6sB0PeubSZo2WWP5lI5H95TXX6NeGe2MW/LRDcjd2Xt+IrBNxYYikl78djzHLwuHQ4Za1ra4S4iEqDB6Ov90/4Va8X6atnqZmjGIrkGRR6HuPz/nWHpshju9h+7INpH8q6JJSjcjD1XCSTNaTlatafKdrwMf9pf61WHOadaHbdxj14/TFc56cleJ3en3JuLOKV+WHySD1PT9RXnmpwm01S5tgfljkIX6dRXcaIx+yzr2En8xzXJ+KUA8Q3GO4Qn/vkVdPc8tNqTSMjLf3iPpT1kYd6lsrK4vruO1tYmmmkOFVRkn/AD1z2r07RfhlZwIJ9anM0gGWijbbGvqC3U/hiujlTJq4mNHd69jy7zG9aK9wWLwxbDyo9KtXVehECn9T1opWiYf2nL+Uq6P4k89QVczRAAmN/vr9D3xVrxF4ZsPFVl5gKJdbf3FyF5+jY6j+XNeWWF5JbzJNCxUV634bufPtG9GAkUfXg/yqKVR7MwxeGeHaqQPDL2ymsLya1uYyk0TFWBruPDbh9AtsfwFl/Imj4p2KQ6vaXqgA3EZVz3JXofyIH4VneD7kyWVxan/lk4YfQ/8A6qdVaHXGp7Sipso6sjIJ0I5ExB/M1lx966TxBbETSOMYljDj/eHWuci6GuaOx6mHacCrqTkWWOzyAGqFpCZ7mKJRlnYIPxOKv6mM2Wem18/XtTPD/wDyGbD/AK7r/OuqnpG5xYn+IelzsunWJEIAWFBHGPpx/PmuKu5DJc7Sc+X1PqTyTXXa3/x5n/rqP5muMY7pZT3LmuZ7muEjpzGTqchluxD/AAxjn3bvUum2LXt5BaRnDSsBn0Hc/lVW/Ui/lz3wa0tDu0sdXtLmUZRX2tgdiK61fkOeTfO2zrNRMUE1vpFtuSzji811RsGU9gfUnH+cVqfDC1uNRuLvV52YQwk28MYyADgbj+AwOaz/ABJYSsEu48b4F2OM846gg+2f1rvfBNslp4TswigGRDMxH8TNzmsqTvI5sZNKiuXqJrN0JLv7ODhIup9T3P5Vweqagtzcec+fIjG2JM4//Vk9T6VvavcsthNJn5pW25+pri7yQmRVI+VRnHvWVVty1LwFBWRn3d45kJJBf17KOwHpisx5i3Hp3p07E9+tQ4rWnBLU9GpNr3Yik5rU0XQb7Xbv7NYQ7mB+dycIg9z2+nepPDegy+INXjso5BGuN8sh/hQdcDue1exOLTw7psdjp8IhRIw5bHIHTcf7zHFapWXMediMS4NQj8Rgaf4A0bS40k1iU3lx18pQVT8hyR7nj2rVXxBo2kN5VraW8GO0ahT/AOO/41xOseIp7h3jiLKp6seS31rlpdRYnKA575NZe1b+EUMG6ivVkz2FfGdnKcOqsPc/4iornSfDHiFW8yziimbgSxKEb65Xj8DXj41GQEZArW0/WJopNyOw7n6f1HsaPaSXxFvL4pXpuxc8U+B7vQV+1QMbqxJwZAuGjPYMPQ9AR/UVzds5R85//VXsXh7V11S1ayu4g8bqY3VuRyOn0I/KvLPEGljRPEFzZA7kQ5jPqp5XPvVO0o3RWCrz53Sqbou2bcvHkdMgV6BoesRod0Q35QCSM8MPpXl1vcb8K2dw6Gtizu5RIrI2Jk5VvX61zKTizoxdBVI6np+r6Fpfiiw2zKGyPllTh0P1/pXi+veHL/w9qy2cq7lfmGUdHH+I7j+lep6JqzhUuMYQnbLGOmR6fz/StPxbpCa1ocsSqv2hEMkDHqGx6+4yPxrsi1JXPOwmJnhqqhJ+6eLxLJLKtjp8e+aU4coOXbuPoPy6139wqeHPCUOnboxdOC8oXux9T344/AVnfD6zih0u91goDMH8iPj7nAyR+f6Vz2v381xO7ux3Mc9aieisepiKv1mryL4Ykul6Uut3c9xeSmLT7X5pnHVj2Ue/8h+Faf8AwklwizWvhuwENvEN0nlJlyP7xPJP15p/g61TW/DV7pET+Xded567hw6lQMZ7Yx+o98TQ6H/whMb6pqTL5mcQpE5YyMPmC9AFHHJJPGcChRexwTqxlJ31a2RT0vxxqCzBLp/OjYfMj8gjv14PFWvFWkWOl6hpet2aCG1uJA0qKMKpBByB2BBPH+Ncvo9q+pasq/KC7AscdM9ePzrvfHWlahe2WnWFhaebHAm+Vy6gAngAAn2NCe6CpGMKseXS5yOvwtFqbEj5W+YH1yST+tVfCaL/AGtqNxtDSRQu0YPbkf04+hrq7Dw3f6zoiC6VISmPLmdgSeO+M9P8+5p/gO/sdRS8hv7RwwxLEVdQ6nrzz7Hp1FZqDsbVcVTUeW+xwWpytJKhcnazsTk8ZHTPv1rvfCOlwtqtvdRorWNvamcEKCHkGOG/2gdx9cgemKy/EfhO400yS7Ue2c/3s4+nepfh0623iGS0LsYLy3ePHoRz/IMKqDSdmRibzpOcNhnirVpZbmVN5+UnGPXnJ/Pj6YFYWiaPdeIL8wxPsRBvmmbO2NfX1J9u/sATWp4us3t76YORySePrzWx4Qi2+AdZmhVVmebYW7lQqkD/AMeP50R2bKlNwoxcSjNfeHNBbyLLTor2QD5p7oB9x9h0H4CnwXOga+5s7zTI9PujkLLAmzB/2l7j6j8qwdElgTxLA102FaQqrlN2xzkIxHfDFT+FdbF4IurLWp9T1CQRWkbGZ283zCck9MAE/iM1STaujKfs4StJ6nNWk02hatNaTFfOt3KE9j7jvgj9K6jW9ItfFukS6naps1aFN3yceaFH3T+mD9O1cVq+pHWvENxexrsjlfKAn+EABfxxivRvA8WyN5mPyhWz9Mf/AF6S0lY0qtqmqvVHmJk+zRCNSGuCuJZR/If1PehIlEXmzPsQ8AAZLfSu0s9Y0CY7f7AteB2QZ/Uf1rUOi+GdeGwWz20xGFaPjGPTt+lUmr2PRhm0aaSlFo85+2eWf9HijT0Zhub/AOtR/aF5/wA92+mBj8q1/EPhSbw44lmm8+3dtqMgw2e2eePwzXP/AGiL/nhn/gZpvQ9WjWpVoc8SwbzzBieJJM9wNp/Oo5EUqXhbeo6g8MP8adbWh1CYQ2v+tP8AAx4/OtVPD6Wz/wCkXv74D54448/qcDFQ5WCpiIU3ZmLvMy4LASqP3ch/kf8AHtWRI7o5DAh885rqpvDzTFnsbhJOC3lupVvwPIP4kVjGAPcCZxwM+YPUrx/hTUkck2qr5oFi0BsoAzYadxlQefLB7/U0+GNpd0jttQcs7etV4y1xPhjlmPJpZpfMIC5EajCj+tM7qSUFYtfaY4flgiXj+OTBP/1qDqN4f+W5HsAMVXSNfL82Riqdto5NaWijR3vC+qMyW0YB24ZmkPYcDAH+foIVapGnBzavYjgN9qBKpZteFeu2IlgPqKddaNfRRmY2NzDgZKyxkY+hxz/Ousm8c2UW220tFhiHyogQgfyz+JP4VWT4gTRuyzkOPTB/rkfpUuUb2PKeNxXxRgrdjk7Npp5Ft0RpG6p3K+49qvW2jx2bvc6nLHJt+7Er5LN6nHb279K6Yax4QuIZJ981lLN/rTbQ43fmD+OOv41zOoxWO7zdM1NLiPdljPC6tH154GD9Rz7UNN7GbxrrOzTQtzrksShBItvHnhU4AHsB/wDXp9tr1w2S7JcQn7ytzx9DWelroks+2Sa9uZT1ZQsY/AEH+dQ3NtYQf6Rpt7Ixz80MyEN+YGD+n9KnlXQnmne/Lobl9b262A1Cwt4zGT+8Vvm2Z9B6Z9qZpuna/qk8a28VwsTkfvDGVQD16YxVO01SayiMkTlUb7yEZB/nXoXg/wASJqd8tq0h85YmIQg44xznoOtOLa3NMRia9Gjorl5jb+GdOWCICW52jfIwG5sd+PyA/wDrmuK1bxLPKzJ5rMWP3QeCf8/5NafiqWQXMwzwCB+g/wDr1D8PdKjubu71i6RZBbECNTyA/Un8BgD60Xcm7nlRtGn7WerZLpHhLWZ/Kvr68GnKjLKqFd0nBBBIzx+Jz610PijS01ez+1WzK+TglTnDen44H4getcl4l8UTz3LKjHGMqnYAd/rVLSNf1zTt17CqS2vWWJiNrDv3yD6frnpRdNWRPsartUvqZE9pdadfCWFmjljYMCpwQfY1rN411DiR7Cw+2D/l7NsPMz6g5xn3roh4o8MasI0vrWazkbjdt3oD6DHP6Cn3vh/S7OE3Rtbya1xkSxiML+RcNTXMinXpTf72Opx/h/SbnWNUVn3OWfLs/JOTzk1tfEW8ibU7LSozuNlEfMb0ZgOPyUH8a1LXxFZw2Jg8O2wiumXCy3a4AJ9Au7J69cAfpXH3Gg6tBeNJqKYllYszl1beffk0PRXKp3qVVLZI7TwFBEZWcpl1X5eePX/P0FZ9n4bl8Q6lc31xeRmNpC8pjO7aSeFH0GBg9sfjueHrU6VotzflAzLESq56nHA9uv8A49U4ibQPClvbINkwTMmOTvIyee/1+lJJctzKdV+1k4bvQjW50jw9EYbS2VnHBkfBJ+pP8hwPaqj+PcHaREMdjXLC0u9f1ddPtnVCVLvI3RV+nfsMD29zV+5sPDOiAw3UNxfz9GZ3KDPsF/rn61Ku1dFulCLtO7kzXk1XQdWXfqNikjjkOhxk+mVPT2NW9M1fQbBZYbO0Fsk3DhBgN1xnn3PIrnra08K6v+6gjurGXoHSRnAPbIbP6Y+tYOu6Ld+G7qNHnWWGUExyrxuA65HUdRxyPemmxKnTqS5NUzpdb8FR34kvdFnV3xk2z8E9yAfXnoRn3rDt/FuqWUS211aW900GVQ3cO9o/bOQeOnP0rZ8LatN50ZLfKxAYY/Cuj13SdCuNQia8lEF3cLu2hGO/sTkDANVFvoTKSpy5KuqPMNW1bUNeullu2yUXbGiLtVBnOB6fjz054rW8PWUj3UY6DIOcdgQT/n1ruLfwJZTDzElLIR1z/iKtGPRvDmBM5eQ8rGkZ+Y9Rz0/kKmUZN3ZUsZSUOSktWP129TTdHtUlJ80jiIHGfr9OK4HUdTkll3THMgHCgYC5qzr2sy6jcNcyjGRtjTso7VzU8zIduct1zWcpc0rI6MFh+WHM9xl03CrnryRWv4N8LP4j1B3mJSxgIMzg/e9FHucde3X0rmjIzEkkn3NewaXEmg+ArMAfPcx+fIR1OQD1+mBW0IqMbseNrtRUYPVl271iw0G0W1soY4o0XaoQDGR1wO/1Ncle+M7mVyQ5x6k5/wDrVz+sajJJJI0hJJ5/L+g4xWLbxz6nfwWiPiSZwiZ6ZNTeU3oZ08LSpR5p6s6seLbsHPmL+Q/xrd0rxtKHVZZWQjoGG4H69/xFec3mnz6bey2dyNs0Z5AbIpsVy8Rx1U9Rmi0lrc1eGpTjsey3+l6N4uiK3NukV46ZS4jI3H0wR94exryrxF4dvvD175F2oaN8mGZfuyD29/UdvpzW3oetyWrxxSFmgcgjHUH1FekXFpB4o0GSzvACeNz7eVfHyuPw7VpTk5bnnz58JO28WeBYp0bEN9atajZS6dfz2c2PMhco208Ej0qn0ptXPRpytaS2NuxuGRslskja4x1H/wBaus0S52yPbMcK/wAyex7/AJiuGsjzj1FdLpcrCe2fPKuB+tcstJGmJpqULnqmizmexMT8+Wdpz3GK8c1PTRoGs61ZgHY8n7peoEZ+YE+/avWfD5/e3Kn+6p/U1g+KdEtpfEQ1CYswEQLKfu5Unk9z+HpXRLWCZ42EmqeId9jlNctw3gyEzj99CkT89QTx/Ij8q4KX7w+ldP4l8QR6iBZ2uTbo253IIMjDjp2Arl5SSygDJJAFOkmkd0tUatgS1kme2VH4Vv6BNtuIV9HMRHqD0rGhhFvCsI52cE+p71qaAu65hIPWbI/DmuaTV9D0JJqjqXvGkAbRopCOYpsZ9iP/AK1cDHkXEZBwd45/GvQfGku3RYo+7z8H0wK4OzTzL+HPIBLH8K6IO8Dz4K7Rs/xt9aS0Ba6jwOhyfwpTwCataTbNPL8uAztsUnt6/pXOevKXLE6nR4imn5P3pGLD6dBXGa7KLnXrxwcqJNoPsOK7m+ul0vS5bhVyIEwi+/QfrzXnMP72Zd/O5xk+ua0pLqeXF6uR7H8PvDkelaKl9LGPtl2N+8jlU/hXP6/jzR4k1tId4JzGhwkecByOpPsK6sgQWhEfCxRYUemBXkfieUtdLEfuqqj+ta1pOKsjzcJH29ZymVp/EN7JKWWZgvYDAA/Siubu7h1nKqcACiuXlZ7nsKZ//9k=\" style=\"max-width:100%;\"&gt;&lt;br&gt;&lt;/p&gt;&lt;p&gt;&lt;img src=\"data:image/png;base64,iVBORw0KGgoAAAANSUhEUgAAAZMAAABtCAMAAABTLXyOAAAAhFBMVEUAAADlAxTnAxToABHkAA3nAhPlABLmAhPmAhPmAhPmAhPmAhLmAxTmAhPmAhTkBBPmAhLmAhTnAhPmARTmAhPpABfmAhPmAxLjABPmAxL/AADoABfmAhPmAhPsXk75wpbrTUL3t47/6bP80qL94KzpOjXwfGPzlXX2qIPoIybubljxiWznTJS0AAAAHXRSTlMAWkssE2k6kM3x993E55tDcKqItnoi1GQbUwQL/Jc1Q00AAAirSURBVHja7Z3pmqowDIaPimyyC4pCwMF95v7v7zzguEELiG2Awfyax2XIy9ekbVrqv39kG/37WNdsYJqM23agjn006Z7hazJp875gXrsx6EeT7oF+NOke6EeT7oF+NOke6EeT7oF+NOkcqDBFdPI9V1mYKHUfVJAVEdHLd1xlYaICiKI0AxVkABVblPY0ERUVZniiNAIVZFXTDc1EvTHtaSIqumWbOpooTUAFGWRnbsoqrihtaSIqquFOPbz01QBUWIBuuUt/DriitKXJHBbuVJpKoE46CyoBOEvLXjkKzNaI96YtTQQNRtpyNUJrgQ1A13PQhdlqYsm6h3lvLAfzag8WaPrcdgy0pNAEdG2H0swaizNUSaYA7YkCiHm6GWhgKwqAhi0JhO2JgipJI9C1DYAbJRZk1pooy+6Drm10SSRbXnp6W6JgjS/eAV2j1iAtAN21F6LUWqQgafIeKKYmaTzPLG1kCmpbouBo8iYooiYWgDoVBNfxjNb6FBRN3gVF1MQFAG0+0ezx0tQBs0KbmejYtq3ZtrEMOg6KmbtcAMWfaquJ5OnokgQKXM3qMKjgeZ7leT5aZcUFmFvKWJC8FjLX9CqJzjtOmoO6+tVJ1RaQ7osF4RLkxdTGliQYS9oNV5PGvGVpCDq/xTKoPta9aWfOaNoqPJtqc57QNwP17wkW8RZZ+JKsZCCZvOoYaLCStHvbwYjmB19RJfHnQLM51/TwGuh6XIjlNJrHOH29izriGitAN4XrdOUF0PVyRnFxtsRQBXVNaxpCmYU8t1LVBzUXJT4uEErZmJpMoco4ilIXNDAqfDS49yuImpj5KInieJOLFH6tsCaoL0OVybzHxXiaBLkkHX0lSRLlEza3RlgP1NMrJQHgvTqPp4nzxLXZJglBE36jwFqgfh1JAHS+kYKmSfA85IqSJNkRNFF4BUod0KCQuPaH4/Gwz78aylz7FDRNRrnMtT3tY4ImwKsMWwfUyfkSxVkwJ6czUjiLrmQYhj03DENyTe7jbruYAoia2O2BTsKigxf7KkQKj52C+TCd8S58EqZhRE1m7YHaRQdP39Eh7fk2+bfYN53iKEjhrQlhBk/URGkNVCjMaE9ZT7JPkuRYCBQe90t89sDlcIknI0zhiZqErYFSp7QkTbhMb5+rgeGI90SIMMokaqK3Bkro8eAaJ4fCq6yTlze1i7dIt6c850JaEZaoidYaKK3wmM5tC8Nhtv2eYNHLB7LFrVtxilcjasJulPkqqEr+6CkdDBdfZtjveYYKZaYanIJFrKkJq4cHXwclfuycRsn2THiH1Y3xjfJqeWqhwadrKSYvkiaMUlcTUNLaTlYCikmSMIqTtatUOppdzuUxgzRracKkMNwMlJDpDglxzJWazOSmTKrL0LcL8pimFhYmNlGUb4FGi6DFhZNNWpT7Jn+TiacrtdrFq4Uqhy0LQY2lCRa1vaago8K7xBn8r7Goy7n1Hc2MwyTSX1Rcc8aiJ2sMGuQTXhomcZRZYSzMon7t1Hfy1ziUPn2t9IoaC0neAM1/9Zjc7Ej9EqanXEQJpJLrSSwS1zugQi5QSjRhUB4c0dw5RxEtYfJZyjBpnYrMZMRFBd0Q8k8BdPn8cnS8WX58+P5TfxNKr5eVoZPd6Ux+m89xAiOSKjIb/Smg+9MuBd0eoAKUVvLKWfh+sWtNaZuna2TuKLEi81npmjjPnf3CYSQ+BfSwu4KeoBw0KO/wrqa9n2WtCkmSZEeJFG7Phvg3n/Qxu7IBGfT7zkkV5QpaSxQGkgTkzRjRJW9dwpriK7eHQx5Wmtj1WmTQcwYYHy+gUQXoumrLHYDBIHtQ1mqyxeYNwD7zlRIo3DYmjh3j8uzclF0lmgz6k+L9pN18ChpDBeh6VF6XUZi0IfJMbX8LjyyHUbq/BS9NLsKw/Xdk0LTtbbO/srHtvhLUL+vpbSaZdkL+51nzyWo5UVmi5XqSE1tNKKB3un1J43sCndjkqnJoM7odlB4+XRdI7l7TYprrE6BsNaGAPkz56FXePKhvyXlZQtliNhqhdFppSO8uf25v0U2IVY6SmDrTLdsU0HucnMsaXwFUGDn3nkV2RixXYBd0V+O7PAn5UyHPDkXUmJ5ISgHd3sb6xzJNCOshq/u7GtuZGmUYUU8T9ttIHsxnu1mGApoNYbYRnLMelKoJAfRhwwvjrfQUH2pqovZHEwrBfpc8WvwCqC+apumapsl6jwJlYbqmJsy3wD2Yx1YT2gr84SrHdkva+lsFymOTO+WRipwmu/7nLuqzI7/1rl224eH4KigPTSgFyO1diN1rXV9Xjb60fP75ir9+zlA2P6GC8tCkZCx8SVjnsjkjk60AOFZZqfoumcdTQU0eJ6MvyT4cb/P477Lmg/9LE6xB73YqmYdRQac8boFX0mju9S5a80E9oJIL6DMxre1RQcURj591oCwJ7H5dPCQloxGmO6p5GwX0lOlwzhIDNUyooHw0oaxRH+/jQ767mNCMAhonSRz/PgZHWT4pAeWjyZqyiX9bslXm11CPzucFGt85qZmLDspHk8e6zaOd4ypJgO8BTkigN0zaNtNSUE6a/KMd0HT42iXJ9kTdZDNv+yYzAd2csknx1+EMHQKteTxCzkIF7cC9IYKa1U9jEFxF/hmpoYFWzqcIhnbC/1BBX/e1l5L0C3T0wlMZ6XJCr2YmfQUVX+n/dPQf7xwmqFBzh3K6YQDr2OkP6KrmkWE9myr2GzSo8UCs4mIdbvwB/XXWmpU6OrM64uiwQE2D1oYUvJ9L/IDmbC06Wt5dRXPEXlWB/yDo+nkFqHPtZoiguQdke7Wg+EdBhdxoUenRwvufBQ3G2XGihpYdJ7rq0iBk8KA92iw0GNAeuToY0B65OhjQHrk6GNAeuToU0Hn/Nqf8edAeuToYUEvifip6N6xHoONRbxfe/yxoj1wdDGiPXB0MaI9cHQxoj1wdDGiPXOUM+h/HFHO9qEGlgAAAAABJRU5ErkJggg==\" style=\"max-width:100%;\"&gt;&lt;br&gt;&lt;/p&gt;&lt;p style=\"text-align: center;\"&gt;艾盟科技恭祝大家&lt;/p&gt;&lt;p style=\"text-align: center;\"&gt;&lt;br&gt;&lt;/p&gt;&lt;p style=\"text-align: center;\"&gt;新年快乐！&lt;/p&gt;&lt;p style=\"text-align: center;\"&gt;万事如意！&lt;/p&gt;&lt;p style=\"text-align: center;\"&gt;工作顺利！&lt;/p&gt;&lt;p style=\"text-align: center;\"&gt;阖家幸福！&lt;/p&gt;&lt;p style=\"text-align: center;\"&gt;&lt;br&gt;&lt;/p&gt;&lt;p style=\"text-align: center;\"&gt;&lt;img src=\"data:image/jpeg;base64,/9j/4AAQSkZJRgABAQEAeAB4AAD/2wBDAAgGBgcGBQgHBwcJCQgKDBQNDAsLDBkSEw8UHRofHh0aHBwgJC4nICIsIxwcKDcpLDAxNDQ0Hyc5PTgyPC4zNDL/2wBDAQkJCQwLDBgNDRgyIRwhMjIyMjIyMjIyMjIyMjIyMjIyMjIyMjIyMjIyMjIyMjIyMjIyMjIyMjIyMjIyMjIyMjL/wAARCAF/A4QDASIAAhEBAxEB/8QAHwAAAQUBAQEBAQEAAAAAAAAAAAECAwQFBgcICQoL/8QAtRAAAgEDAwIEAwUFBAQAAAF9AQIDAAQRBRIhMUEGE1FhByJxFDKBkaEII0KxwRVS0fAkM2JyggkKFhcYGRolJicoKSo0NTY3ODk6Q0RFRkdISUpTVFVWV1hZWmNkZWZnaGlqc3R1dnd4eXqDhIWGh4iJipKTlJWWl5iZmqKjpKWmp6ipqrKztLW2t7i5usLDxMXGx8jJytLT1NXW19jZ2uHi4+Tl5ufo6erx8vP09fb3+Pn6/8QAHwEAAwEBAQEBAQEBAQAAAAAAAAECAwQFBgcICQoL/8QAtREAAgECBAQDBAcFBAQAAQJ3AAECAxEEBSExBhJBUQdhcRMiMoEIFEKRobHBCSMzUvAVYnLRChYkNOEl8RcYGRomJygpKjU2Nzg5OkNERUZHSElKU1RVVldYWVpjZGVmZ2hpanN0dXZ3eHl6goOEhYaHiImKkpOUlZaXmJmaoqOkpaanqKmqsrO0tba3uLm6wsPExcbHyMnK0tPU1dbX2Nna4uPk5ebn6Onq8vP09fb3+Pn6/9oADAMBAAIRAxEAPwDD1BQ97cg/89W/nVqw/s7+ybhp7YNNbIWIViC6j+o6H8+9QX4aPVrqF1KssrcH68foR+dVWkeB1njIDAEHI6g8EH6jgj0NeLGSjPU/Tq0JVcN+7epUGpaZcSbZbaW1B/jR/MA/AgfoauXB+y6f5CT71lIK+WuUlXsQeuexBqrcaNFdRG8s5Ut1Jw0M+QqnuA3Q/ic1JZxvY6eZGuLd3t5POWPduVSewI4yevGRwPWuupTpTjzQPkcPi8dRqOniFddxkiwzalCIpmeOIAYb+9tJIAJyPuntipNjy+FPs7ykPBKVyBztYA/h96si41W9sQ74j3NIWKFehZMdQc5wfWqY8RXwimi2wlZQoPy4xtxj+VQk1sdVNpRtJDbT+ybL7ZDfxSzSY/csnGOO/P0/Ki01/UJLb+zpVW8t3wixTAkr6YIIIx9azSzGbzTy2c9f61Ye/upMGQhmA4c53j/gQ5/Ak1tdGXvLRI07G2+wyR73JZZVyN5Kgnrx+me/bjrLe3XLSx8RxsQioQCecseQR1P5A+lYTXl0cbn3Y6bhmnreShcEKRgjBzjkY/kTUNX1Gk+Z22Llzq1rc6c1s0MokzuD7gfm9TwO1ZdszrcxtGDuVgRgZqPZmr9tfyWkeyGKJT3facmq0Ssi2pSkpPodDJK4DCMKGBxTGKllGAMjKsTzn0NYr6tcuxZhHk+g/wDr0w6hMRjan5H86w9l2PUWMVtUbqyj7xIAyaUSjCjdt2qAP6j+lYP9ozf3U/I0n9oTH+FMfQ0eyG8b2R3enRLFZvPMF3vkx7h90Hp9Op/CuW1ZV1XW5wkoEMCfM2M8DsMfjjOM9M5rOfUrkxMm75SMdTx9OaZbahdWkDR27+WWOTInDfn3H1zXTHlur9DwJUa15yvdyOp06aSWCPSbaZnigbet1uYMF6gAEfLxkHGRjPXNXP7B0p1wImkPdlzj8+hrjbXVbm0laRVjZmOSXBPf61f/AOEq1E9oB9EP9TWc05u7Y4UnRVqcdetzbk0OOIExTSxqOocrj9T/AFqKwhjhmeAW1rezTMWxIuCg7nOCNv65PesSbxDezAjEak9WAJP5k1RW8nSTep2krtbaSMjOexrFU31Z3ym3BJ7ndN5kl0BFs4lCrIsx+XapJQAgjPXnHBPAGOKepXWxXeyjvln34l3gMMjrk8nI7duelc1/bFx9kS3VUVUkMilQRgkk+vbNINavvtDzOyO74DAoMHAwOKXsne5nD3ZGt/blxEuWEcmOoZcN+v8AhVmHxmyxlVtVUt3GAPxwP6VjHXrl8boLcgDptP8APOaqXF75x3C2gjf+8ikf1p+wg37yNKtSo17h0M+q2k8M1w17F/aATzYJGcgJgfdAHRwRgg9eMelcrd3tzfSNLcSl/mLY4ABY5JAHAyeTT7iY3TbnhhUhQq7FKhQPTn9TmoY8orDAO4Y57c118yirI82nh587lPdnQ+H9W8uSMMxVo8ANgnANaWpwyvG9tbmOJmkBZA4AlwAOD3wcnBxyc1ydtcSWudmPm65q1cavcTiMMkYC9QM8n86hNJ3RvOi6sOWb8i8NIuhg3BjgT1dsn8hnP5VqR3rQ6etjasywD7zH7zknJz/gPxzXNyapLKcmGFf9xcULqc6jgJ+tOrVlUVmXl+Cw+Elzx1Z0CuAMAYFNE37zEbEEdx+X9awW1S4PZPypBqUoJKxxjP1/xrm9ke08bHsdD9pKowDcHGfzo3ZGc1z7apOwxsT8j/jQNUnUY2p+R/xo9kH16J0+mm1W68ueEMsnCMSflP4Ecf1qpe6lYR3zwraTBUYgt5nJP0II/WsM6pMy4KJ+R/xqO6vpbqQSMsYfGGZQct7nnr7/AJ1vSjBK0jyswq15WeHZ1FrJDEhure5/dgY3lPmjb0Yc4z6iqzyiW0WJZnEsshLoTn5QM57ZPWuft764tmk2bQHQowI65/w61O+s3bOrKI12xmMALngjnr3qXCKleJiqtarSSqLU6rTP3N9Pb5wtxbhcYOAyop/kxNc1JBawarDLfvI8D/6wDg0Lr92t0J1jhDA7gNp/uhcZznGBWdd3El4+6TaPQKOlOO+ppNXXmjRj8QS6XfSf2XJIlmX3CGXlfy7fhzinR2vmSm8WJrSOXJEaMQP17Zxgd/pVBbuUWwgGGiHRHG4D6dx+Boa+uGQISdvox3Y+mc4q5NWM48zbckdDLMrWsEYIBMQ8xycfKBwM9uaoQ61bxNItzDM7kbCpZTgHqOAOvH5Vmi8nCbSRg8HPp6f55qvP++maTAXcc4AqOWN7MqDmo36kUmwyt5e7Zn5QcZx711Onyt/Z0Gc7sYOQfXH8qwLWb7LIZBFHI2ON4zt+lXH1m5fG5IuOmFxRP3lobYWToz5mbBdihEig4OMH0/8A1UolwChPAXisL+1JiSdic+uab/aM44AXH41j7NnovGo3zIgZsdc8n3FaOlQtLPvkAeONeSTgMxB4/WuQ/tGYfwp+tC6rdJ9xgo9Bnn61dOKjK7OPG4iVak6cNGzovFlxFLHb2cTqGeTooyAvHoM8YqrpTLozyxRypeyXA8qSAkqisO/Q7lIPXII56HphRXksV4brCu5zjfk7fcHOQR2p51K7kuFmlkMrr0Lkn8PpW8Wox93c8eWGlO0Z7I7M6RbSkPfStcXBUZ4JYAADH4dOfzNRv4dt1Ja3NxG/v/8AXzWCvii/QBVht1Hsp/xobxPfPjcsRwcgEHH5ZxXNKnK1+bU66TnGSSilE0GtEs7hZ7p4J1QY8qUZDH2xnn8DWs7SQpH5dokIKM72qTFc4X7xxgDBwOOpPXiuJlv55ZRKxBkBDK3OQRzxViHWrmB5HVVZpI/LdnJJPXnr15+ntU+zbsb1ffOruJFjhjjuftbXUUeUeAK6dMHavAA6DpwCOe9ZKa1fRoPPcGT+5KuMDt3wPyrIbWbwpFHuASI5QAcgemeuKm/t6fZtMEOe5wefr/8AWxQqWmpVObgrGrB4vELlWsULAfeUDNTPr1rqDhtQkVLZXx5W4hiSPlJ7leoOMkHrxXOT6kJ/vWVsD6hTn881Xa4DwrE1vEUDbicHceuOc9MHtWlKlTjLma1OXFe2qLlWxZ1XU7ueea1S5ElumYk8tsgpnIXJ5YDAxmo9Hv8A7O7RNkq/pVJPkmEiADDZAPNOicwziVRyDkDtXRKcWZ0qTppcp3ktwZoo7oELM0Z2Tf8APM42jPpg557GsH+ydQZiWi46mRnXB985qn/bVx9naLyo8NnJOc89utRf2lIIhH5EHH8W3n+dKFVwvYzr5fDEP94zoNPlGkecYJfNuZF2l1+4gB7Z6n3Ix9aDK7uXZmZ2OWJPU1zy6lMowET9ad/atx2VB+dYVFKo7s9nBOjhYckNjeabb16npT1uH8wSK5DjGD9OB+Fc6NSk6+WhbOSxzk/rSnVZ/wC4n5Vm6R2fXom8JAwyKFdYpY5JE3opyycjd+RGD6e9YH9pzj+FPyp39qzf3Epqm0KWMg0dNq91ptkIVjtXfzU3ArIRgduSDzVW0NreFTBI3mr8zQSqCWA/ukcMfbHNYEupSy24heOMhTlDg5X1xzVZbmaNwyHDA5BHGK6VGm42Z4M6+LjXvHWJ1sl2kl28sl22EiISQDaSewAxx1NQWyy2ht7onLJOXY5zlfkyCf8AgRrFk1i4mjkQxxje+9jj9PpUkuuXM0e1khyQwJC/3sZIHY8VklyqyOhtyqObNLxVal7yaXzCAp3hQPXn885rOm1GzsWtpdFknhuAn75iep9MdDz2xj+kOoatc6gMOqL8oU7Qef1qpa3EtrvEfG8YbgEEfQitVa2pnUTTfKjTnvJ9emF1JAsU8YCyXEfAf04/vdMEEcdeK0raX7PDOGLyOHBXcdxLkcEnvzz+FYC308abY1CA5yqEhT+HI/KmrdzgkkDOcjAA7EA4/E0mk9GTaVk0tTSlv1tZxFcGZ4yd3ykYb9ARyPXtWdqtzb3d4Z7dJE3jLhwB83c1HdTvcqgcDKknPc5x/hUMICSBnQOB/Cc80kknc0lzW5ehq6BIy+evbCk/rWv5pMhH8JGfqaxRrMoBVYIVQjAAXp9KYdTlOPkX9aznHmdzuw1fkp8rNoMFRiF2gkEr1GQeacZVV16nkkZPQd/1xWEdSnzkADPbmk/tCXuiH6g1PIzf65FHR24kuHSND9/gAdAAOT9K19VuoNP0y48shP3ZxtOCW4x+PFcOupzqQwwCO6nFRXV9NdurSYO052nkE+4rWKSjZnlY1VK9VST0Rb0q3W0ePUDdqjx4kjjUkFxkhhnBKnHTI5B4711C28eroLi8CQ27tvWANkBsDJzgHJwCcdeOCa5C51W7uwiOR5SfdjGdq/TOT+HSrlt4ju7VFRYISFGMtkn+dXNuSUYuxxww7i/aSV5HQP4csGO6JZlPZlB9O2aqXOkSohR5xgnqwGeOecEHHuBWd/wlV83DJFj/AGcj9c1TudYuLk4kC7MfcHT/AD/nrXPKnK+jO+hVkoNTW/Y622dWspZbO0t7Uqu1biJiA/0BGSCeMHg/rVnf/o1wt0lwlo7bPKik3kcBfmbG7BwMdsEDAriINWuIBCu0SCFwyBmOAB2xU8viG9drgjaq3KkSJyV6YGPcetQ6TFb3ubU2pNWuba6dI5JUgHC/aIvLJ/75IGBgY/lT18Vm3YCa0hnyeoweKyIfEtwkYV7eKUgY3HOf8PzpG8RJLHtm0q0kP94g5/mal0U/iR1Os+S0WdP/AMJV/aCfZoBHZqyt80pCDpnGeQCRnGcc4FY2t6sunpCmhXka204DkCQvIkikYY5AKMfbIIBrFXUkR3K2FsQ6bQHBYJngkAnGcdCc4qlN5TlfKg8oAcjcTn8666MadJPlR5FWlWrVL1NkSWd01neJcSKTzzkfrXoNhOmo6RLCsZl2HciEYO5hhSPfIx+NecyyGXZlQCqhTjvityy8VXNngLbRMoXbjJGR+H0onaTudSjJRcIvQ2NR0rVNQvZJoIzcwk4jaMhtijopGcqQODx1BpLTTRpt5Fc3sqCSJg6QIwLFh/eIyFH5n271ip4llWSaRrWB2kJOXBO3J7c4qMa9Ksm5YY8dl5wP1qpV6nLyo56GU4X23tqjdzrbm6nvp/OuGz12qOij2qEkKMk4Fc5/wks//PvD+v8AjTD4gmJYvBG2RgdRg/nzXC6U2z6yOPoQjaJ0wdimM/KSWx+lK7s5AY5KjAPsOB/Kub/4SS4HSCIfn/jTD4hnL7hDEPwP+NL2EilmNDc6J03YOcEdDWo7aSugtfTW8jOhCsqOQdx6dcjB69PXvXI22vTXF1HE0cYDNtJGe5+tb3neQXDIJYJRtliJ4YZH6jqPQj61UI8krT2MsVN4ihKWH+JFaKfTb1vL8yW1kbhPOw0efqMEfXBq7eKIYobKR/L+dfMTbjb/ALW7+IEEkHNZ9z4ekb97YypLEwyFkYRuo9CGIzj1HFaSGey0mCdvKnlgVoeGznd0AIyGKjI9PmHpXTWpUmk4Hy+Fx+Ni5U8VH0ZDJZNfX15Ms5lgWN1ikkz6AfpvHbvxVjWIG1Hw/YHzfKdVNvIcd1OP5g1DpVxKNN1GN0iPkQNgbB95pFyCe4yBViCV7zwtdOiosouy5A4Vd2CfoOTWabuehSj7nLIpeEk0eLS5o70ymZbhgdnToKKi8P20ENpcLeTusxnJOyPcD8q98iiunlODn8i5Jcy6rc38crF7i1d3jYnlowxyPcjqPxFV1MnlK0sbBGOA+OP/AKxp8Nrc2OtancXVu8KATRrvGN7NwMevXOfQU6YSGbF+5sYpEDEf39vHT1zyM+veufF005+4dWR4+pDC2r7kYElyUtYiIx5YWQ7iFYDufw4781AkcWqskCRrGsZWM4blmY4JPTgDJ9sDtVW9vi9nBbxQiJVyfMHWTt1/A8UaKdl49z3gidx9dpA/XFKEFFGlWcsRLm6Gbrw2zbsEecfMGfct/TFZAq3fFmHzMzbeBk5/KqoFaEw1YuKUV03gCztb7xfawXlvHPCUkLRyDIOEJ/nXcWWpeGLzxSdCXwpZrIJHj80opHygnpj2rGdTlewp1eV2seQUuBXqOm2+j6fb+Jr250i1uUtL9ljRowdq7sYXPTGaguLvRNb8H6rdWegWlm8ICq6oNwORyD24/nS9t5B7XyPNMCjAr0t5dLtfslnB4WgvLmW3WQbELMcAZOM/U0wjcc/8IDj/ALdm/wAaaq3V7B7XyPN8CjFegXeraPp0gj1DwikDsNyq8G3I6ZwW55pI/FXhDdmXwrEfogH/ALNVKb7B7R22OBxSYFelr4v8A4y3g7J9sf40v/CX/D3/AKEs/mP8aq7Jdaf8h5mQKK9Kbxd4A42+DyPyP9apSeKfCO7MXhaEL/tLk/8AoVJyfYpVZP7JwRGaTFdrJ4n8Osv7vw5bjHX90P8A4qqVzr2jz2U8Ueh28UjoQkipgofXrS5n2KU32OYoooqzUMUuKM0ZoATFLijNGaACkxS5ozQAlFFFAtAooopgFFFFABRRRQAmKWiigBKMUtFABijFLRQOwYoxRRQFgxSYpaKAExS4oFLQFhNtG2looHZCbaTbTqKBWQ3FG2nUUDshMUYpaKAshMUYozRmgQYoxRmjNABijFGaM0BoJto20tFAWQYpMUtFAWDFFFFABRRRQAUUUUAGKKKKADFGKKKACiiigAooooAKKKKACiiigAxRiiigAooooAKQ0tFADcUta2h3emWl1K2qWX2qJoyEXJGGyOeCO2e9dCut+DP4vD/5b/8A45UOTXQzlKz0RxFAruhrfgcdfD7fgW/+OVKNb8AfxeH5vwLf/HKXtH2J9o+xwNIRXoY1v4cjr4duf++j/wDF0v8Abnw4/wChduv++j/8co5/IXtX/KeeYpMV6H/bnw4/6F25/Fj/APF0f278O+g8O3BPsT/8co5/IXtX/KeeYpcCvUza+HT93wHq+PeGX/4qq9x/wjFpF5tz4K1GCPON8qSIATwMktil7XyBVvI80wKMV6fBoeif8Jjc2/8AZcZtUsRKsJdiN24DOc+mfamaTL4U1yea3tvDqRukLPud27ccYPqan2/kV7XyPM8UYruLBNGsPCFrf3ukRXLvIyM7M2SdzY6MBwBiotXGkXfhRr2y0qG1kaRQjKzZxkgjlsVXtdbWBVdbWOMpKWkrQ2JrE7dQhb0cfzrsyGaPa6Mm4ZG4YB+lcbYFl1K3ZV3ESDC4znmu2ud0jTLcy/Y40zKkDk5OenH6H+VY1YuTR0YXFRoQlzdQLXF8kqwqUt0xJKpPyjHX8z0/DNOto4b+8iu4rVobWE4VC2QxjUuSenoPXOay9Q1Bbnyo4IfIjRNpwTl885J75zn8at6QuzTNSugcMsHkqcdN5AJ/LNOMeVWOWUniJ8zVkthRLFp0GqW7FhI8aFVYnJJ2se3UHPb86n0BydA1hME7NjgD1/yKzY1a707UbuRnkkjaJQXJJ5Pr9BitDw4QNO1ok4AjT/2aqVzRPVEOiiWWG5eWNkYznAOOm1aKl06/SZJzgkLLtBI9FFFdF32PDqOPM/eHak+ope6gkMEQgnnZVcFSOTjaGzwenGc+1YVyLrev2sTbsceaD0/w966G5M+i63dGdjHbTysS8ah1YEnsfvDGQQcY+oBqvcQQazaCa1/dTQJhrUtlQgJ+ZOeMcEr/APWNYOWp6lPDxhsNtrOO50ZWlBwjFtx4wrHaSCRgYIXPXgn14x45JbQXsaYf5fLd0OR94Dg1paBKzah9kl3GOZGiKFuMN1wPw/WqPlmLS77PXfCgPvyf6U43NZJpaGNcf8ern0dR+YNVAc1duBmwkP8A01T+TVSFUzKnudH4JuJrXxPby29lJeShHAhjIDHKkEjPp1r0FXZbs3LeEGspiSz3rkFgSDzwepzj8a4f4df8jhAfSGX/ANANdZaWfiY+Kma4F0dHEshjDP8AJtwdnGenSuaru/QyrK8ydnnP2hP7CjIkc5hGMXn+2R68Z7VnajDfyaVdWdr4UkslmXB8llAJznJBPoKY91OmleJZxcSiW3umSA7uYwGA4/lWTqWrrZXTWlxeaxK4RGZlulAOVB6FD61nCLuSoMfqasLoK6lWTTZAQexAwR+dcOXI6V0NzrtnIspxqEsxgaFDPOrKobr/AAg/rWRpdkmo6lDaPKYhJn94F3AYBIyPTPX0HNdVOPLHU1V0rFIvk+tLurrU8DEkb71YkDfPK+3Zt/2SGJYn0Aqf/hAFA8w3c4hYbk/cDdt7MV3cA80vbU+47TOL30b+K7L/AIQe1EXmnU5lhQ5nle2Koi+xJyzE4wAOfWo28D4s7SR711ubuXbFbtF8xT+914xx26nAq1KLXMJyknY5HzKA1dPf+GNK0++e1m1aZ5EOD5dsD3/3q0tG8CabrV6tvBrMoifhZPs4IJxns3sf1/GpNRV2J1JJXZwxegPXXa14KtdEso559RndnA/dJAMgl2XHLf7P61JN4Ft459iaq8gSKaaUCEZREYKpPzcBiTj6ZGRVcvuKfQ5/rkU7HG76PMFdP4g8JWmgWFtLLqfm3lwA6W6RDATsxbPf0xXMeT71nGUZK6OmMpyV0G+jfS+QP736UeQP736VXulWqib6N9L5A/vfpSi3H979KPdC1Ubuo3U7yB/e/SjyB/e/Sj3R2mN3+1G/2p3kD+9+lHkD+9+lHuhyzGbqXdTvI/2v0o8j3o90LTG7qN/tTvI96PI96XuhaY3fRvp3ke9Hke9GgctUbvo307yPejyPej3Q5ao3fQZB6U7yPejyPej3Q5ao3eKN4p32f/ao+z/7VGgctUTeKN4p32fjlv0pPs/+1+lGgctUTeKN4p32cf3/ANKT7P8A7VGgctUbvFG8U/7P/tUfZ/8Aao90OWqM3ijeKf8AZ/8Aao+z/wC1RoHLVG7xRvFO+z/7VH2f/ao0DlqjN9G+n/Z/9qj7P/tUaBy1RnmCjzBT/s3+1R9mOMlqNA5aozzKPMp/2b/a/Sj7P/tUe6PlqjPMo8yn/Z/9qj7P/tU9A5aozzKPMp/2f/ao+z/7VHuhy1RvmUeZT/s/+1R9n/2qWgctUZ5lG8U/7P8A7VN8j/ao0Dlqjd49KN49Kd9m/wBr9KPs/o2fwo0Fap2E3ijeKX7OAfv/AKUfZv8Aap+6LlqjfM9qPM9qX7P/ALVH2f8A2qXuhy1RPMHpR5g9KX7P/tUfZ/8Aap+6HLVE8welHmD0pfs/+1R9n/2qPdDlqieZ7UeZ7U77P/tfpR5A/vfpS90LVBvme1HmD0pfJH979KXyB/e/Sj3QtUG+ZR5lL5Hv+lL5A/vfpR7o/wB4N8welHme1O8kf3v0o8gf3v0o90Vqg3zB6UeYPSneQP736UnkD+9+lHuhaoJ5g9KPM9qXyB/e/SjyB/e/Sj3QtVE8z2o8z2pfI4zu/SjyPf8ASj3RfvALik8z2pfJ96mtbWGW5jSedoYmYB5FTcVHc4yM/nT90fvoh8wUm6uyv/h5Ja7zFqcdwhtXuoGjjz5qqMnvxxn16VBe+DbWxuLWN9Z3xXMgSOWO23KQUVgfvd92B9DTpr2nwnNLFxi7M5TdntQXrvl+GKfY57k60NsUEUmFtSdzOOFHzDpjr9OKxbnw1pdsuJdccS90FpkdcZyH4B68gcVMZRk7JlwrOaujm99G+uqbwXELG3vo9WSS1kmEUkghP7sHHzYzzj046VLL4Ckhv5rQ32ZEw8YEPMyfxFfmwSODjPIPXg07o05pHMf2jef8/U//AH8NbGlXc0ujasJJZHAEBwzE/wDLQVdHgeN3Kxao0h7KLNwfxyQB+daem+EFtbW+tLi8kMk6IypFEAWUEMGUswDc5GOOmRmsZVabW4SUuxqTSXtv4lmvIdLv7qCS1EObeItzuyf0ptv5Vo5a18M3WmOy4MsiyDeMj5Rubv8AnxRJaOsclxPrWrIVBwj20Qd8c8DPTHc4/Oq2m3D3Wp+TJf3FzbSWBuEE6KrKxbHIXI7Vz2TWhlJSA+W0AgPh6Z4VPFgFkJXqd2N2716nHNZ+vts8PyQx6He6fD5i7TJEyovfqxJ5+tWYf7RuvCFrdaeJ5r55Tu8pNzFMkcjngcfpSatBer4GZr+ORLkyp5nmrtf7xxxjpiqjo9e4o3ujgjQaDRXUdxLaeaL2BoM+Yrgrt61tTyTzTtJcMxkPXcDmsewkSLU7dpEV0VwSrZwfbjmuw1G2GoRtqVpLJICAJEl5eI9ACf4lPQH160mZxpqTuS/2WL3S7Ro0AkKCLzCSMnbvXJOBjBK5wSCoA71lxXTRaVc26jiWRCzA9MA8fpWjo8732m6hYyuzg22Y8tnbsyR9Mg/pVGeLboccmOZLx+fZVH9SalXNdUiWBhF4TvCOst3Gg/BSf8av+HgY9D1eYkANsUk/j/jWWz7fDkMefvXjt+SKP/ZjWvYeWng1g+Cs9zzn0GP6iq6Cje5m2lxHObhoyColK5/AUUmiiJorowqBH9oOMf7q0Vtynkym+Z7E+u/brG+vNPu8mF5mkAPIxuOGU9j/APqqgyXGk3UVxC+Ucb4ZQMB1+h6e469q6iZrbVWudMu2GfMf7PLnJRsngk84Pp6fhjCt4islxoV7hGLfuS38EuOMH+6wIz9Qa50evql3KM1w8eoR6hHEsYkYSIo5HB5AP1B/Sm3cv+gXW4Yd7wZGfQNn+dWoY1m0YxyKVe3vUOD2D4Uj8wKi1lVjjfaOJL2dgM9cFR/jVoiT0MO8YLpsSDq8rN+AAA/XNUhWhrKLFKkKnPkqsbf72CT+pI/Cs8U2Z0zoPB1pPe+JYILe9lspGSQieIZZQFJOOR9K7CeG3t55I5PHl0sqHaylBlTnHPz1zfw6UHxna5/55y/+gGr+p3CWLa/eiztbiYasIlNzAsm1SJCcA9OQKwlrOxFRNzJrsaZa+H9Vig1tL2ac+Y2/AZmLDoMnPcmuZ8Vf8jBNj/nnF/6LWn/8JNNnP9l6P/4AR/4Vm6hey6leyXc+3zJCMhFCgYAAAA9gKuMbM1jFrcptWj4aEn/CQ2nlI8kmWwqcE/Kfb09qzmrS8LFh4ltQilnJZVAPQlSAfwJzWknaDZnUdpJnfvBqnlNdWNzBhOpa1QuD9MYB9eOvPSsuHQNXu9SN8+pzi/l4E28qzH0ByO3YenSvQtX01I2juYpZ7S53rGzomUdiByeMYBJGT6Guce0XU0jc6vNOH5RUQKoAOCcZ4HTt0+tZYTExs3yXH7elvJ2Ek0K5sLR9R1y8nufs6kwrcSbsyEYUBTxnP/162tH0XzN15NcZ1aeJS0kzZZcjgAduD9O3FYt1Y2ukS21xrNzezjcBAsqOEJ9AWAA+nWtVrVri3n1uz1KWZUBkmilQfJ6bfbgDHPUY5FLEKriKbnTVkjkr4uFOShe7ZQ0KxvNN8Z3iFUMFy6gr5eWjbuQccAZPXP8AUWLuH7B4kW6sEjj86ETyxouF8wOybx6AkDPtk9a2NS1+2sLG1uLm5aGSeE/u4Yd80mOPlPRT7nH1rKsnubi6mlSHN/cxrBb2q/MtpEOm5umRknHcnntXBSqzqJzqfDYE23dia9ZNeQGT7GLywvY/PA5DROSSwDcjG4k8jucdKz9M0eQ2D6VpGkSWcU7qbqaV97yKCDtzgALkD1zisjxvr0lpqdnp2lXsiHToTFJLC5G5zyw49CBWDL438RzWpt31SXYeCVAUn8RXRD27pckZaFQwal79i/8AEW8hn8RrbW8iyJZwJAWU8bh1H4dK4/FOzkknJJ5JNNNbwioRUUelTjyxURaKbTqosKKOlHSgBtOBoIoAoAP5UlLx3pOpoEIadTTTqBoKKKM0AFFJS57UAFFFHHrQFwooooGLRRRTGHNFFFABRS/yo/lQAUlLRQFgo/nRilwO1AwpOKKWgYUUUUAFFFFACc9qWiigYUhOTmlooEJRQR6UUhBRRRQAUUUUwCijvR2oASijjvRQIOlFLSfzoASiiikIKKXtRTATikpaKQgpKKWgQnWkpaKAFFLSCloGhKOKOe1FADaWkpen1oEFJmjFLjFMBM0uaTFOxQB65pbzX/h3Q9X00JLNYxmGSJhkY5BVvYqT+dZUWkaXHrBvLTQrqJ8k+VLKNiH6gZx+AridJ13UtDuDNp9y8WfvL1VvqKv3fjbX72NkkvigYYbylCE/UqAawiq9NtU5aM86eCUndnpuoG4s9IjtWVPtk6C5lGOEwPkXHBwqj8xjvTbKyh0rwj5ttDFLPLFHNM7x7i8kgLEnjOFBwAP8cra6lFqOl2esxKZbWS1Frdqgy8DgY3D/ADyCfaq1lrUWjolle3kaQou22vChkgmhB4RwOQykkZ7Dg1x80+RqPxX1MUrKy6EPg7QbkaLKt0YDDKzGYbgEyTwBgYHHp6jtTJdIT7VHor3LSWro0lkzH5o5A33Vbt/FgdOnArotTWa9u7PSrIoiyW5lVkX5ScZz1zjnPrxiuf1RNHt7MaXf6s07I+5LhogojfuAF7Z6Y5FdWEVepfEJaLoCxcY1FTk7XM/UdE8TeVJHLq92IAMMS20kehIwTnpyeaz9Ng1+2hTS1lguLdc7ILqIOE+hyCB+OPatyXS7t40a61ieZUGVDh9yD1ywB/EmrEQmL+TJrqEBkQhIcOd2SOcZ5CtyD2NdlTFU3C/IdiqUr2bVzGu/tFvZ3EYiRmEbB1tU8sDK4ySST+AI469eMvRZYE1C0E9xFAp0lV3SOFB+c9MkZPf8K7rWLW207TkiXfFatHOjSEYzIMgE8d8YHb5q8fi8QsIYIptL0648iMRo8sb7toJODhh61zUJe1i7EVKqm9DtrPTIrK2Ftb+N4YokPCiNDjP/AAI0zxNpV7D4Se8HiNdQs/NVTGsIAY5OCGyenNYuhX9nq+rR2M+haYkcqPlo0kDDCMRj58dvSuiulX/hRFq2OTdc/wDfxqpwaaZm7xaueZ0UlFbHcS2yLJfQozhFLgFiOBzXT29xc6JfMjoO6ypwQynrg9CD2IrmrGCS61K3hiAMjuAoJ6muqjDajp7WUy/6dZqTFu6sg+8hHXI5P0GKbIjJqWhFZXUlnqqyRREmYEKh6sGHHt0NOuz/AMSDTP8AaeZvzK/4VoaUqXJ0GXA3xTPA5PcL8y/zxWddI00Wl2sYy7xHaPXdI39MUjRybRWupCLazi7CNpMehZj/AEUVv6tbxRaDZWDMyBYfNfacct/k1npbJqXiVLUbnt0cRYHeNABn8Qp/OmeL5ZLu5lkjnEcSsECkcYHGcjnrzQrXJldRbSuW/CWh6jJo7SpayGOSUshz1GAPX2orofD1rqOmaWtsmt2zorZTLD5Rgcf59aK0ucfsUcNbXUUeu6jFNIWZbh/Lb6Ma39bj/tPSo9RjP+l2uEnYY+72bj0Pf/CsTxS76rPJe2mkG3t7aV0mlQZDENgk4ra8O3MEjiNdvlXMZidR3zwP8PxrOa1udWH0TpfMbbwyXjfaQoH2tYnfA4EqzKr/AJ5z+NVmt18+0e4I8q1ge7lB7lmLKPrW74ehaGzubSQ5e2uXj6duD+pGay/EOZZ1061A865KmX2RR8o9gOT/APrpoJHG30csls97IeHnI5/iJyT/AE/OqNb3iIpFBDZwH91CQM/32wcn881g9qbJirM6/wCGq7/G9oM4/dy/+gNTvEs8Srr9sZF846zvCZ52gSAn6ZI/Ol+GAz46sx/0zl/9AasjxWP+Kv1j/r8l/wDQjWFr1Cd6tjFopaK1NxjGtTwpfrpfie1vWdEEe87nXdjKMM49eeKzGFTaZZy3+oxW8LBXbO1m6AgE/wBKvS2pzVT1K28Z3H2qOWHUJWLjcEniCb8d1IwGHqCCfQ54PTeXYWrtrdnbG3e7jcXMS8bHiVmIXGdpbHOB2z1NVXgGreEjDfoitsfY6x7cSRpuEgGMqMg5HTGBjtUelfaLvR2tZU/0oxm7t2xw0gXJ46EFWwQR1JrzZVI25oaLqcdWMZq9tiraa9aau97pd+ZGsQRHeySNiPYysS4zkqV2g5JPOO9JoUEsuh2ui7zbiWFLy8dyctHzsA9sYJ75I6Cs640e1m1JLy+8OST3HXZHOVRzweQQSPpk1sXNxc6FpWq+INRMcV5PCILaJQAF4wqqvooA6+lb18TS9n7PDvWXQ5YYaXOpS6Fq8u9FuZo5pI5pHt18mK2VMlh9QcAH3/KsTxlrF5oWhQwRSmDUNRkaaXyjhkT+7nrjJ/Sudi+JeqJGB9ksjIP+Wpi5z64zj9K5jVNUvNYvXvL6YyzN1J7DsB2ArCnRqtpT2R60KDb12KZyTknJ9aKKK7DuCiiigBOlLSdKWgBM0ZozRmgBaDRQaAG04UlHWgQdaWijNAxM0tHeigAooooGLSYr0Pwtptlc/DfXLqe0t5LiLzfLleMFl/dqeDjI6k8V57SjK7ZnCfM2uwmKUV3PwusLPUPEtzDe2sFzGLNmCTxhwDvQZwQRnk8/WuNvFCXs6qAFEjYA6Dmi+tgjUvNxtsQ0V6p8L/DumzaTeaprEFvLFNMlvb+fEGAOccZyOWYL07GuH8WaMdC8UX9gBiJZC0XBxsblcZ9AcfUGkppyaREMRGVR0+xh0V3Xwo06y1PxbNDfWkF1ELN2Ec8YcA7kGcEdcd/c1o6n420Cw1O7tE8E6W32eZ4g2EG7axGf9XxnHrTcrbEyxElU9mo3PNaSvVdJfwv4+87SxocOkX6xF4ZLbbg+vQLk89CDxk8VkfDfR7Z/G99p+q2kFwIIJFaOVA6h1dQeo6jn86n2lr36B9Z0d1qjggKK9L1DxtoFjqd1ZJ4I0thbzPFu2oN21iM/c46etWNJfwx4+Nxpg0OLSL5Yy8E1uBg9BngLkg9iOmcEUnUaV2tB/WJJc0o2R5b2ozXd+CI9Mj1q+8Na5Y2sjyu0Uczou5JRlSqseeccYPBHAya5bX9Gn0HWrnTp+TE3ytjh17EfUf1FVzq9jSNZSlyszKK7/wAB6BYR2V74m1yFG061QiOOVQyyN3IB4PoAc5J9RXF6heC/1G4ult4bdZXLLDCgVUHQAAADgY579e9NO44VeabiloipRWnoEUc/iXS4ZUR45LuJXVwCGBcAgg9euK9I+Ifg+zOlSaho9rFDLYcXMUMYUMmAd2BxkAg59Cc9AKTlZoVTERhNQfU8kopa7jxxYWVnoHhma2tIYZJ7cmVokCmQ7Yz8xA5PPX60OSTsXOqoyUe5wwpcV6vdSaR4d8EaPqMugWN5JcJGrb41BJKZ3ElTnp+tYX/CcaJ/0JWnfmn/AMbqFUk9omarSltG5wuKOtdRqfiTTL+exeDw9Z2aW84klVAp81QfunCjjr69a0PiZpNrp+rWU9jbQ29tcW/CwoFG5TycAehWq59Un1LjVfMoyVrnD0YruPhppVne6jqF/qUUMtlZW+51lUMATk5wevCtVP4i6RFo/i2aOCKKKCaNJY44lCqoxtPA46qT+NHOublEq0XV9mckeKK9E+H2m2KeHdd1rULK2u4oExEs0atgqpYgZ4GcrXndNO7CnU5pSS6BRXefDptGv7i50HVbK2ZrtD9nuGiUyK2MFQ2Mg45HoR6muS1nSbjRNXudOuR+8gfbuA4YdmH1HP41VwjWTqODWxnk0tegeCNCsLbR7zxTrtuktjApSCKVAwkbOCQDweflHuT6A0zwBDaa74yvZLuxtTG9u8iwCFfLT50wFXoODjPXrnrUudk2Q8Qk3ZbHAkUV6DeeMtDtLye2Pg3Tn8qRkJ+TnBI/551D/wAJ1of/AEJWnfmn/wAbqVOT+yCqTf2ThKTNKetep/Dbw5YyaJNqeqWlvKLiYRQfaI1YccfLkdSxI/4DVVKihHmY6tRU43Z5XRWr4j0k6J4gvdPxhYpD5YJz8h5XPvgiuh+GGn2upeJbiG7tobiMWjNtlQMAdyc8jrzQ5JR5hyqJQ5zieewor0K58a6Hb3U0J8Gae3luUzlBnBx/zzq5pF14W8bSSaVJoUWlXZQvDLb7RkjryAMnGTggjGelSqjtdoydeSV3E8xpuKtX1rJY39xaSsGeCVo2K9CQcHH5VWNaG6d1caaWkoNABzRS0lMB1FGaM0hiZpaTpS9DQAUHNFFACZozRijFMBaKKKQCZNGaKKBGz4a8QXug6nHLBOywswE0fVXXvkd+M816vqFvpyyyQXqEWNy3n290i7gu4DIIHODgY+nPFeIV1ejePNS0mwWxkihvLZP9Ws4JKewPpWFWE+ZTp7nLWpNu8T0tpI50t7zS7gNd6YOGYbVliA5HXp1HPXqKxrSO1HiSfVUjxK0MUthFJ82wSOVkkH97aRjPbPY1Q8LeNJNW1/7Bdw2trbXUTwqUU/fI+XJJqbUtJ22i6ZrOmXEsdu7C1urdgsiKxyUxwCCckHIxkjkUYar7FunVdlI8vFYV8ya3RqaP4kXVra4cGSRdrNskX5uGAKnnnO7jpjBGOadf3dt4NtF0vS8CRcfar2bGWbGSC3ZRngD1A6kmoPD1glodsdi9pYWyee7uSXkKkEKSBgAsASO+OpoigGq+IWudRjV44Imuo4ZF+VpCyxgt6qCSfwB9qmcqTqSVO/ItQo0mnzVOhmR+LYr+wvbK4vEvlkt3PlNEYyG25DKxYn8D+deRrXrfjO1mvda3KsMMFnHKXbaFdyFIz7jHYfj2NeSL1rpw8qco3pqx2Rs3dHQeFZ4oPEFvJNIscYSXLOcDJjYc/UkV292P+LBWZ/6e/wD2o9eXCvVLz/kgFj/19n/0Y9OfQdfRx9TyyiiiqOxlrS5DDq9rKpw6SqVP4122uRBJLbXrRQCzDzVXoJB6+xHH/wCuuAiZEu4nf7ocE/SvR9JWC+sLvTk2mO4jLx+zgDB/z6U2FPW6G2tuYJJJYQRbiX7VAP7qvBIR+RUD8KR4FsL64vGA26XaxxR+nnFBj8ix/Stzw6qXXh213phlUxtzzwWH8iR+JrL1pDqerR6PbHgyG4u5OwJHU/RcD6kCkVYqaHC9hpFzqXAluB5Nufxyzfp+lcs9vfa1rQ02J0LBjt3HC8etdB4lvrlfJtNNjUwx4ghVVyxPQkeuTjmufsdNSWWeO7+0W19E25iGIOD3x65/mK0hG5x4yv7NL3WdV4btra0sZ7S88oXEE7RuQc7sAYPX0x+VFM0Hw8wspP8ASkbMp5kXnoPeir50cbw0m72kZvkXt9rGsaR9visLdpHkeJmBU89v68/hVbRFhhhUrtaaKT5mU9CDx+HFVSmlReLLoanM89mZHzJCCPmycflUmnWNu1xcXFu8i25kIjBb5sD196xlex6VO/OtLnfNNHY3OoXLA+W6RShQMklgRge5xwPWufuRLYied3U6nd53HtEvZR+Ax+HtWpNqNvDZ2sqP5t2IVVRnIXg/MR64Jx9ewrgdTub974wvPnzDkOxxmind6IqvJU4872ZnXVzLNMyu+7DYGOlMFXJxLBpaW8tsikSbvOVhluOlVBVTVnqc+FkpRunc7T4VDd8QLFfVJf8A0BqxfFnHjDWB/wBPk3/oZrd+E/8AyUSw/wByX/0BqwvFv/I461/1+zf+hmsV8ZSf+0NeRjUGig1Z0jXrV8IXdvYeKbO5upY4oYyxZ5FLAfKQOByeaymrR8LJbP4ls1vc/Zyx3kKW42nt9cVTScWmc1Y9Uu9ch1pGtrG5Z4WUpNemIxRwxHG5I1IyS2MZ644Gc8XbjUU0mxm1iWNoba3tzbWSOMPMxGN2Pf8AkKksI7KSWO3sIiljCRNcXMkezdt5AAPOPUnvXlXibX7nXtXmuJZWeEOwgQnhEJ4wO3GK85UoOXJT+FGVOHPKyC18W69aIEg1OdVHQMQ4A7AA5wKp6nrOo6xKsmoXks7J93ceF+g7Vnk0tdajGLukegqcU7oSjNFJVFDjyaBwKRetLyOlAwoz6Gim0gHUUUfzoAP50GgHH1ooAKKKKACiiigBp4oFFFMB2aWkA9elGaACg0UUhnrnw50+XU/hzrdjCUEs8skaGQ4UExKBnGTjPoDWKfg94gH/AC+aYT7Sv/8AEVe8GjHwq8RfWb/0UteYjpWUL80jgpwqOpLkdj2TwT4E1Tw1rM15d3Fo6PbtEohdickqR1Uf3fWvIrwFr+ZVBLGVgAOpOTXcfCH5vFd2P+nF/wD0NKoeDdJ/tXx4m4ZitZWuH5x91uP/AB4r+tTdxlJtjjJxlLmd2dF41uD4W8LaDoVs4juIiLiRlboy89O4LsT/AMBqP4mwR6rpGj+JYFISaJY3zyQGG5fbj5h+IqbxH4j8EXmtTLq+mXt5cWxNuXRiFwpPAw44zntW1YTaJ4v8D6houiW00EdumI4Zm5ViSy87m4LD19R0rNSaSk0YRbg4za6nI/B8E+LrjH/Pk/8A6GlYut+HNel8Q6lImjahIsl1Kyutq5DZc4PToa3Pg78vjC4P/Tm//oaVV1n4geKLbXb6CHVCsMVzIir5MZwAxAGSuelbXbqOxu3U9s+TsbHw58Kanpmpy67q9s9haW0D7TcHYxJHJwegAzknHbrziL4e3Ud/8R9WvIwfLnjmlUN1w0imuP1XxVrutw+RqGqTywd4shUPIIyqgA4xxkV0vwhjL+LbkDtZP/6ElFSOjYTpzjGU6nUxdb8Oa5Nr2oSR6NqDRtcyMrLbPhgWJBBx0xXW/Dfwvf6bqsmu6rA1lZ20DlWuPkYkjnI6gAZyT7Viat4+8TWus31tDqZWKK4kRV8mM4UMQByuegFYOqeKdb1iLytQ1GaWI9YwQqnkHlRgHGOM0rTlGzK9nWnT5Hoitql/9r1681C3Lx+bdSTRkcMuWyOncV6VPp3/AAs3w7p2oWrRx6rayLb3ecfdzy2OM4zuAz3YDJrybjtXp3wZd11TVQpOwwKcepBOPy/rTqKyv2KxVPkpqcd0Z3xB1m3Q2/hbSSE07TQFkK4+eUe464zye7E56CuCpSxJOckk9SaSrSsdNCmoQsjU8M/8jbov/X9D/wChivVdb8SroHxQNvdPjT722ijm3Ywp+bDnPYd/Y57V5Z4Y/wCRs0Yf9P0P/oYrpfi2MeNj/wBeyfzNKSTZyV6fPiFHyMvxx4Ybw14gkhiX/Q7j95bNz07r9V/kR61t/EEH/hG/CX/Xqf8A0GOtTQZI/iB4Jk0C6df7Z05Q9rK5+8o4XJ/8dPXqDyaz/iPGYvDnhAOjK32Rsq4wR8kfUVMl7yIjVbqRhPdXN7UPDl54k+HWg21nJDHJHFFITMxAwI8dgT39K5j/AIVRrv8Az96d/wB/H/8AiK0fGfHwu8ODH/PH/wBFNXmRJqKalbRmtGNRp8r6m14g8NXnhueCK8kgdplLL5LE9D7gV1HiQf2t8MtE1QITJasIXI/hUAoSfqVU/iK8957mu/8ACTf2l8P/ABDpTAnyQLhRnJJAyAB9UH51VTRKT6GlZOMVN7ofp8h0P4RXlyrKJ9UmMSHH8OdpB/BXI+tP8eyDWvBvh3Xw6tIV8mdscs+P5Bkf86r/ABHddPttG8PxkstpbhpCDwxOFzj1+Vv++qk8OZ174bavowLGa0cTRZHRc7uPfh/zqL2j7TzOa2ntetyzqC/2L8GbKDYEl1SYO2DyVJ3A/wDfKqD9a80xXf8AxSuEjvNJ0aAAW+n2uFA7E4GPyVfzrgOta09rnVhYvk5n1HxTSW88U0TlJI2DoynBVh0I+hr1i80lfido+l6taNHDfwyC3vR/dXqxAPXGdwGejEZrySvUvg620a9g4/dRn8fnonormeMi1H2i3Ri/ETXoJZofDmlfJpmm/uzjkPIOPxxyM9yWPvVn4Oj/AIq+5/68X/8AQ0rz7rn2r0L4ODPi+6/68X/9DSnayJq0408M0ifUPhH4guL+5uUutNCyys4DSvnBOefkrOvvhVrthZT3Utzp7JDG0jbJXJIAyeq9eK5PWh/xPL//AK+JP/QjVHFNXHCnWsm5EkcbzSpFEheRztVR1Yk8CvTfHV7/AMIvpXh/QrNk8+123T47svRse7Fj+FYPwy0Yar4yt3kXdDaKbh+OMj7v/jxB+gNdJ4k8TeBb/XLg6ppd/d3EBMDSRvhWCkj5cSAY6noOuaiWsrGded6ija9il8UrOO7ttJ8R2wJhuoxGxxjqNyZ9+W/KqnwhP/FWXP8A15P/AOhpXXwSaN40+H2oaVocE8S2qnyYJyC6sPnXGWbgnI5Pr0Fch8Iv+Rsuf+vJ/wD0NKX2HEyjNujKD3RUvvh14rn1C4lj0rcjys6n7RF0JP8AtVueEPBd54av217xEYrKG0R9qGUMckYycHGMEjryT0rk5fFniCx16WZNVuyIblisTzuyHDdCucY7Eeldl4ygHjfwvbeJdLkdpLdSLi0LkhMfewOgYdc4GRg+gole3K+pc3VSUJbM801e9Goaze3qKQk8zyKp6gFiQP1qlS0Vsd0VZWEHNB/Sig80DCkNLRQA2l6UYzS4piCkzS7qQ0hiU7BHWm0o/WgQv86SgmkpjAUooNBpALRSZNGaACilpKBCgkMGUkMOQRXSx+PvEkdstuNQLIowDJGrtj6kE1zNFJxjLdEyhGW56F4L8RXGpand6fql47veweVE8jcK/UADtk+ldHdPLBPBceTi+tYTBc2TcC6h7lT0J6N7Ed+a8dDFGDKeR0r1TwdrV5rmg3Ec0n2nUtOkSZPNGS8f90nvyOvvXPVp8j51t1OOvTUfeWxevfE+k3Oi3X/E2tC/kMmLqF0nB24wQDye2RwfevDx1r2LXLPw3c6fdXCF0uGjY+S6EMjYzjPTr3FePDrW+GpU6cX7N7mcUk9CUdK9Su/+SAWP/X0f/Rj15avSvULo/wDFhLMf9PR/9GNVT6F11fl9TzCiiirOpgsRmnWMEAscZJrtPDXlxGynhOCrKHwfXgj9a4+2WB76JbokQFvnI6gVv6NZtBD9oS4fYxyFB7c9aJbCpL95tc9Ahl/s2xvvkLut3IIox1dmwyqP++vwGaxbppdGspkjmWTVLn57mUnO3/Zz/n/DS1K8ht5pXt2D3UgyDkMsJ2gEgepH8vwPnd1eapc30llvUzEklgwy3fqaIpydkGIqqjDmlsx9jdX+p3vmw3iwXFud8a7Seuee/wDLvVz7PrUuvfbbhkuPNIWTa4Hy+mDjp/Sknu5LPTrJI9EMNxbn97PGN3mL3BIz1962Hmjt7NZCTukUMuRg4POPqaqrNQSSWpyYSk60pSc7x3Ok0Qx/Y3CYIEhGcdeBRWV4cleWwmZnGTMf/QVoqPYLudn13+6YWt3d/Y+I/t9zo6pbQSPsiZflYEkZJx16VRtcatf3WoPGIY5ZMiGM4XNWvFBv5NUa1k1mGdZZyojQ42gscZxxVK88zwzKbJpYLssN4eNj8v4EU43toR7t05bFae/Gm6hJEi7oumD2rL1C7+23Pm7QoxjFaMtvp8+hyX8uoBdRL8W+M5GeP05qxpd6t1b7ZCDLGNpyByOx/wAf/r1vG27PPrOppTjs39xQuLtbuwjf/lorAOM98HmqYrX1dEigVVRVZnyxUYrIFZSlzanbRpOl7jO4+E3/ACUOw/3Jf/QGrB8W/wDI461/1/Tf+hmt34T/APJQ7H/rnL/6AawvFv8AyOOtf9fsv/oZrJfGQv8AeH6GPQaKDVnUNarOi6jJpOrwX8UccjxEkLICVORjpketVXpkf3xVbqxzzV5JHZax461bV7JrM+TbW7ffS3Qrv9jyTiuWzS4pKxjCMVZHVGCitBaQ0tIOlMsBS0DmigApOaWigBtOJoAooAQ5opQKKAEFLRSdKAFpKWigBDS0UUAFFFFACZNOpKUUwExRS0mKQzs/D/i2x0rwRq2izxXDXF35nlsirtG5AoySc9R6GuNzRRQlYiFNRk2up1PgXxHa+F9bmvruOd0e2aICFQWyWU9yBj5T3q/4W8Yaf4dttXl8id9Qu2JhOxSigZK7vmB6nkDsBXEZoqXBPcmWHjJt9xdxJLEkk8knua6TwT4nTwxrbXM6yPbSxGOVY+T6ggEgcEY/E1zQpabSaszSVNSjys7jQfF2k6L441HWY4Lo2VzG4RAi7wzMrHI3YABBx7Vymq3SX2r3t3GCI553lUMMEBmJAOO/NUqKVkmKFCMXzIWuo8BeJ7bwtr0t/eRTSxvbtEFhUFsllPcgY+X1rl6MU7l1KaqRcWXNVuo77WL27iDCOe4eVQ2MgMSRnGf51TNLRSNIxUVYTNdj8P8AxbZ+E769nvIriRZ4girCqk9c5OSP61x2KWnczq0o1Y8shKKdRSNUrKxd0i7j03WrC9lDNHb3McrKvUhWBOM9+O+K1vHHiK28S+If7Rs45o4jCqbZlAbIz6E8c1zhooM3Si6iqdTQ0PWLnQdZttStT88LZK9nB4Kn6j/HqK6f4g+MrDxd/ZpsobmP7N5m/wA9VGd23phj/d747VxFIBQRLDwlUVTqj0lPGfhO88M6bpOr6ZqFwLSOMHYAq71XaTw4JHJ6+tVP7U+Gv/QA1L/v4f8A47XBZo7UuUj6pFPRs6TxHe+E7mziTQdOu7a6WQM7zMSpTByPvtzkjt260ngzxFB4b1iS5uY5JIJYGjZYwCc5BzyQO3r3rmzS4ocU42ZqqK5OR6mv4m1dde8Q3OoqrrHKRsRuoUAAcZOD3PvV/wAFeJofDWqy3FzHLJbyxbGjjAJzkEHBx7/nXMiik4x5eUboxcOToafiTVv7b1+71HBVZn+VTwQo4GeTzgDODWVxR1p3FUtFZFRioqyG12PgTxZZeF/7S+2R3D/akRU8lQcY3Zzkj1FccaSh2aJqU1UjysU9a6fwL4ktPC+ty3t5HPJHJbtEBCAWyWU9yOOD+lcuaWm7NWFOkpx5WehSa38Np5Xmm8P6m0jsWZvMIySeekvvTf7X+GH/AEL2p/8Af0//AB2vPzSVKic7wa/mf3neeHfGOj+GrDXBZWt2l1eSObVsKVjjAPlhstnIJOevbk1wVBNFWlrc0p0VBtrqdV4F8Vp4V1Waa4SaS1ni2OkQBO4HKnBI6cjr3q54d8V6ToHjXUdXS3ujY3MbrFGka71LMrYxuwAMEDB9K4qkpcqJlh4ybfcnu5RcX1xcKCFlkZgG68knn35rf8GeLJPC2pOzh5LKdds0S4zx0YcjkH37/THMmim0pKzLlSjKPKaev3Ol3WrS3GkRSw2sp3+VKirsbuBgnj8vSss0YooHFWVhKKKKBiYpcYpaTOaYgpDnvS0hpANpaXFFMQtJzRSUAFGaKdj86ACg0UUhjacKKO1ABRRRQA09aKUCgimIUc1e0vV7zRb9Lyxl8uZe/Y+oI7iqIpDSaT0ZMoqSszs734jXl5ZTRPpdgryIUMiq3GRg4GetcEvJqyx+U1VXrVUqcYL3VY5akVGSsTivS7v/AJIXZf8AXz/7UevNB0r0q8P/ABY6xX/pv/7UepqdAqq9vU81oooqzcls7lLPUoLiSISpG4JQ/wAVbmmWpuIXnctHFIxMcSMcKCaw7W0e+v4bWMgPK4QE9Mmti4v5dDaTTJVWSaH5AyMMeoP602m1oZLlUrz2GR6wNPupoX3yKrkBu9ZVxevJqP2tAUYHK88ir19YWcWk2+pJqMcl3M2XgXqh6nvkdvzrb0+WHUbJJPIgZyQsimMHB+noetappJz7HFVVWco4eKun+BcsZor2Fbxf9WR90dQf7v4f4Vm6jdNczsM8DrVy+aKxt/s1siR9TheBu7n8gBWSke4bmJCA8t3J9BXNH3pObPSlFwgqCVrbnUeGkJ02TbyPOP8AIUVb8NabfXWltMls3ltIdnzBRjA6evOefXNFaE2iefeIZ7KbWblrKF4h5r71Zs5Oeoq/faNbHRob62AVo7dC7yShRI/U7QTknHAA9Kzbi1eXULiQRs7yTSCKJQSWAY5bHXA/Ug+hq1qy6VKLO1sbeS2ul+W4M+R83TB9/wAO/arS1scsm3BzuU9Hhtbudre5iDO3MZ3EZ9utbMGl2tvcC5jV18vkDfnPp+dZf9gXqMGWSIEcghj/AIVs3UskFiqy7POb74Xpnt+n86K0mkoIywcISk6r1Rh6rMJXzno3+NURWhe27x2CXDMAHkwuerYByfz4+uazxUs66d+a7O3+FH/JQrE/9M5f/QDWF4t/5HDWT/0+y/8AoZrd+FBA+IViSf4Jf/QGrD8W/wDI4ayf+n2X/wBDNZL47kR/jv0Mag0UGrOoY1Mj++Ke1Mj++PrV9DCXxos5x9aKO9JmszrQtLSUvakMSiiigBKd/OkooAKTNLSYoAWiil/nQAlJS96KAForuvC/wxvfEmmw6kdQt7e0mDbcKzvwxXleB1HrXcaf8HtDtWRr2a6vGUcqzbEP4Dn9aylWhF2bOSeMpxdjw0UE4rU8Q6S2h+IL7TWziGUhCTyUPKn64IrKxWid0dMJKUVJC0UUUFgKWj+VKqs7qiqWZjgADqfSmK6QlFdbovw58Q6uVd7U2UBPMlyCp/BfvfTjHvWh4q+GV34f0xb6yna+jjH+kgJtaP8A2gOcr69cdeRnEc8b2uYvEU1LlucHRRn0NGas6EFFFFAxaKKXp9aQxP50Utdf8PvCcPivWJ4rsSC0t4NzMhwd5OFH/oR/4DzSk0ldkVakaceaRyHNFet6l8GVBY6dqrLgcR3KZyfdlxj/AL5Ncdrnw98QaBayXdzBDLaxqC88MoKjJAHBwe/pURqxlszGnjKMmkmcrxRS0Z4xVHYFLiik60ALjFJkmlJyKQCgYcmlyaQUd6ADvTuO1Jx2pf5UDE57UUv8We1JQIMUh4pa7zwT4K07xHpMt7dyXKyRzmPETKOAqnoVPqamc4wjzSM6tVU43ZwY+lBz3GK9m/4VPoTLlbm//wC/i/8AxNcB438PWvhzWobO0eZo3gEn71gTksw7AegrOniIVHaLMaWKhUlyo5c/pS8d6KTBrY6hDSU7Fe4RfB7w+yDNzqH/AH8T/wCJqJ1Iw3OXEYiFC3MeHUV7k/wb8Phci71D/v4n/wATXiM6CO4kRfuq5UZ68U4zUtgw+KhXvykdJSnik6VZ0BR0+tFH0pkhxn1pKWkoEFFFFMBOlHeiigm4UlL2opE8yCmninhWJwFJJ6Yq5DourXH+o028kH+xAzf0ouhc0e5QorftfBPiW8bbFot2D/00j8v/ANCxWrD8K/Fsj4k09IF/vyToR/46Sf0pOUV1M3XpreRxdFelWnwc1SSXbd6lawjt5atIT+e0frWhc/B5LfSbiSLUZri/VC0KiNURmH8ODk84IznqQaz+sU+5DxVK9rnkuM0YpSCpIIIINJitToFFFJnsKWmA2ilopALRRRQMKbTqbQA6iiigBDRQaBTEI33TVVPvVacDacVVX71aR2Oat8SJxXod3Mp+DdlH6Tdf+2jV54K7m5f/AItVaJjpL/7O1Y1OnqFRbHD0lLSVoaic+au1tpzwc9K3/EPh77Akl3EsrWxcIJJmALHHJwTlsnJGAQBWHEoa5jVg7KWGQnXHtWrqltp1/qkUGheZtMY3Cd8ZPUgZPp29q0hucld8sXK+wzR7HT9QgZZVYToc4Vuqn/DpW/p2l2+myyXcLzBQuNjNuVmPTPTp1rAttF1W0uUnh8pXU5H7wcj/AANdJqMzx2i2+3DtgEK3fuPwqcRKWkV1Jy6nD3qzu+xkzyG4nZycRL39B61djijtz5lzHukQZjtScKnQgyf4dT3462Le1+xWkVwyZuJeLWMDLDsXC9yeij8e1VJRFDKUnX7RKTnyY3yuf9p+pb1A/MVmjv5Gld7nUaDcre2k01zI8shmIyG2gDauAoxwBRU3hjULkaZJ+9ghHnHEagKFGBxgKf1opmep5+t7fnxlJLYtGlwZ2jjDYCqMkY57fr9TVPxLbX1vrc39pNG11Jh2ZGBByK0rrQpLXWhPqgktrG4uHxMByOSc4qJ9Tt9P125jjme5s3f/AFr8sDjqD3H862i05XOKrzQo2tcn0XUHuQlrchvMXkSEfeGOc+/8/wCdry21HVAu1mSPLuF/QD+X69qtpMptGnEm9WGFYHPHesqFriZWjiyiyuWd16txjGfp/M1l8UnI6VF0qMaa1vqVvEM6PtQkPIpxw3yoBwFX1x3J61irWpqkEUNuqg7jv5YdOM1lgU2ON3K5Pb3M9pOs9tNJDKvR0bBFNlleaRpJHZ3Y5ZmJJJ96ZSVJpYKKKKYxHqOP74qR6jj+/VrYwl8aLNJS0lZnYLSZNLSgZ+lITG06k60UDCiilFACUoooNABSUUUCZ02geBtW8R6eb2za3WISFP3rkHIA7AH1Fag+E/iL+/Zf9/T/APE12nwlGPCMn/X0/wD6Ctd7nPFeXXxs4TcUjzqmJnGTSOc+G2hap4d0u5sNTaBozL5kJictjIww5AwOAeO5Nduy1mKxVsg1bhuQeDWH1hVH7x5tZOT5jzv4i/D298R6rb6hpTQK4i8uYSsVBwcqRgHJ5P5CuN/4U/4l/wCelh/39b/4mvew6kjtnpSkV1RxEkrI0p4upCPKj5q8R+BNX8MWEd5ftbGOSURL5UhJ3EE9wOwNbvh74Tahren299NqNtawXEYkjCq0j4IyMg4A/M11/wAaGX/hFLMZ6Xy/+gPXUeDwR4M0cqcYtIs4/wB0VtKvJU1I6ZYqr7FSuc3pvwc0G02tfS3N62MMrOEQn1AXBH512WleG9J0eMf2bp1vbnGCyIN5HoW6n8TWgkucK351mX/izQtK3fatWtIpEGWQyqWA/wB0HJ/AVgqs57HDKpWm7N3NMimbAQVYcGuC1P4weH7UEWUd1evj5SibFJ9CWwR+Rri9W+MWu3hZdPgt7BCODjzXH4tx/wCO1Sw85O5tTwtaXQsfEbwDHpQk1jSVRLTP7624Hlkn7y/7OT07duOB5nV2+1S/1Wfzr+7muZMnBlcnbnrjsB9Kp4rugmlZnt0IThG03cKMUZFOpm6EoooxSGKK9++F2ijSfDKTOuJ739++cZ2nAUflzg9CxryTwb4fbxDr8MDL/osWJZ29FHb8en5ntX0Na4LhB0C8cdORXDjKyVodWeXmNS8eRF3qDXDfEuw1vVtDh07R7Rpllk3XBEirgLjaPmIzk4PH92u53+tNIyK46c3CXMjyacuSSkfOy/Dbxc3KaQxH/XaPP/oVIfhz4tVsNpDj6zR//FV9EoSjh04b+dWcLcr935h1FdscU2rrc7nmdZPVaHzb/wAK68Vt00lv+/0f/wAVR/wrnxZ/0CG/7/R//FV9DlSr8HBHenKwYbSMMPyNZvFzW6K/tOr0R88j4beLsZ/sd/8Av9H/APFU3/hW/i3tpDf9/o//AIqvo1GKEe1TALIvHDA5IrWOJk1sZvNaq6Hzb/wrfxaBn+yG/wC/0f8A8VXKsCpwa+u3UbWHcivkaQHzGHuf51vTm5LU9HAYyeIvzLYatOpKXp7/AMq0PTEowe1HU5ooASvZvhJ83hi6P/T43/oCV41ivZ/hDz4Xuv8Ar8b/ANASufF/wmcGPf7s7raVbI614z8WMHxTbf8AXmv/AKG9e2Fa8j+Imh6nrHi+3jsLOWcizQFlX5VO9+rdB+NefgdKl2efhJpVE2eZk0ZzXR6T4ZebxpFoOpF4TuYSGJhn7hYEHBHOB26V6B/wqfRD/wAvd/8AXzE/+Jr06mIp0/iZ6lTF04PU8cr60QfKOQOK8wX4TaF/Feah+Eif/EV6ckqkAYz+NctavTqJKLPIzCuqrXKPbhD9K+Trs5vrj/rq386+sSA44/KvOpfg/oTyvIb3UAWYk4dPXP8AcqqE4wTuZ4HERoSbkeF0V7iPg1oB/wCX3Uf+/if/ABFRyfB7Qo1Yi81HgH/lon/xFdHt4dz1FmNFux4lRS0lbnaFFFFMQlFFFAme2fD3w9od74Ms7m8022muJGkLPLEGJw7DqfYCut/4RLw720TT/r9mTP8AKsn4dQMvgLTN2BIRI34GRiP0rqEkK/K4PtXjV6841GrngVpvndmZEnhfQUOU0XTwfa2T/CrNrZWMAASzgjHbZGoxV8yJ3I/Gqs1xBGSXmjX2LCudyq7pslObViyoVRhVUD1Aq6oXavyjpXPNrmmQDMmo2sY77plxUg8XeHY0G7W9O6cgXSdfzrSCqSXUzqU5G4QPapYZQf3UoHPAb/PeuSuPiJ4Ug+/rER/3EZ//AEEGs26+K/hWBSYrme5/2YoWGf8AvrAraEKqd7E/V6klomdzcWhByhyOxFQBsjDH8a8/f436VHGVg029m9BJtX9QTXPX3xovpB/oWj21uT186VpB+Q21c8HJu8TWnhq+zRmfFDw0dF8Qfb4E/wBFviX4HCSfxD8eo+p9K4PrXSa/441nxJbC2vpIRbhg4ijiGAR3BOWHU9+hrmq9GCailI9jDqahaYlKKOn1oqjcKDRQaAG04U2l/nQIWm0U6gYnNGfalo60AFFJRTARvuGqq/eq033DVVfvVcdjlrfEicVaa/u2s1tDcym2U5EW75c/Tp3qqKBSZoFFFFAy5pP2n+2bT7GFNx5g8sN0z71FqUdxa6rOk+FuUkJYqejZzmnacEbVrXfcG2QyDdKDjZ71pWWoWtvqE0EjpKpdvKumQZb0yTzg/p9OmsNNThxLfJa17mrouprqK/vD/pES7pcdDjofxPX07Vcsbb+0dTllkQvFCPuZxvY9B7D1PbBp8kgisHfP3/THQehHvVS0kvJ7MWsR8uEkmRl4L5Pf24/SudNSk57Hak6VOFFa9dCbU9RUTusUvmTyDbJOg5x/cjH8K++Mms+KyuZflSMRqeoHJ/GtSOC3tFwih5D970FV1v8Afey2jOVmTDKOgKkAj8RnB/8A10Jyl8C1Kqyp0rOvK1+x0Xh3SfL0+QNJz5p9PQUVU0++aGBkR8YfnjvgUVv7CqeFPMKHM+XY4bVLq4u7ua3munlSOaQxgtwg3HjB5/LpUml6VY3CgzTNJNjJi+7j+pH0q7aeHL/Wrq+uy8NrZpM+Z5gACd3bGDwe/AzxnNQeItCGhpbD7aZ5piSq+TsKqD97Oe5PHAPWt5QtC5zQxaqVo0+a5tC2jS0S3jRI1I3NtHrVSW4hEjW8bqCMbgTgkdQR6/hUc+t24uPsituhQBDOvzZI4Oe5Hv8A0rF1C3lvde8q1w8jqCuD2xXJTpy3nse/icbH3YUdyLWHdbooGPlyAPt7ZAwSKqjNF0tzHMYLosZIiV5OcUi9K0nuYYSM0vf3FooorM7QooooAY/Smx/fpz9KbH9+rWxhL40WaKKSszsFoozRnFIBRSHrS0lABRRRQAUUUUAJRRTs+hoEzpNB8bav4dsGs7EweU0hkPmJk5P4+1e4aXFeTWsdxc6otysih0aG3CKVIz33EjnrkV41ZfDbxHfWFveQRW5huI1kQmYZ2sARn869j8J2N/p3huzs9SC/aoFKNtORgEhef93A/CvOxsYculrnm4p02rxI/FF1qGneH7q803YbiBPM+cZG0HLZ+gyfwrykfFTxGG/5dP8Av0f8a9su1ElrLGYGmV1KtGuMkEYI5IFeN6b8LtbXU7Zr+KBbUSgynzc/L36evT8azwjpcj5uhNCULe8et+Hb+7uNBs5tQ2/apIhI+1duN3IGOxAwD7itK48zyneO9eEAZyQpUfXPP61VICtgCsTxVDqd34dubLTArT3A8tmZgoVD978xx+NcUKt6tnszmlTUpXPIfFPjfU/EatZ3EkT2kU5eJ1i2MwG4AkZOMhiSK9x8H5/4QzRx0/0SP/0EV4hefDvXrOwmvJEgMUMZkfEoJwBn+Ve2+D2/4o/RxzxaR9f90V6mIlB01ybHRilFUkom6ygr9K+V9U/5C15/13f/ANCNfU/BHBzXzdqXhXxBJqt5Imi37I8zspW3bGCxPHHSowbSu7hgJRjJuTOcorZ/4RHxF/0A9Q/8B2/wpf8AhEfEX/QD1D/wHb/Cu/nj3PU9tT7mMKWtn/hEfEX/AEA9Q/8AAdv8KyJEeGV4pUZHRirowwQR2I7Gi6ZUasJaRY3jtSc0UdKZoOFS29vLdXMdvAjPLIwVFA6k1EMk4Fe3eBPBEOi2q6hdGOW/lUEMpDLECOinuSOp/AepxrVVShzMxr1lSia3hDw1D4b0Zbbh7qTD3EuOregPoOg/PvXSWh/f/h/hVOaMoM9RVe71u30TT5769J8uJCeOrHsAD74xXzyqSq1lzbniVOab06k2u+LtB0C4jg1O+EMsib1URu5xnGTtBxWUPib4S/6Ch/8AAeX/AOJrwvWNVudb1e51G7bMk77sDoo7KPoMCs/OK9uOEhbU7qeXQ5ffep9C/wDCzPCX/QU/8l5f/ia6axvYb+zhvLWTdDKodHAIyDz0Ir5VBzX0r4NJ/wCEP0jjH+ip/Ksq1GNNXic2MwsKMU4u50qtHOm1hhwPzrktW8beHdG1CbT76/aO5ixvQQucZXI5AI6EdDXSZyeDjFfPXxLyfiDqZJz/AKr/ANFJSowhV+I58Hh1Vqcreh6svxP8Kfx6ofY/Z5f/AImpF+J/hHIP9qNkdD9nl/8Aia+eqBXQsNBHqPK6Le59Ev8AFHwiyf8AITO7t/o8v/xNfPLY3sc5yc00dKBW0YqK0OrCYOFC7g9wozxRn8qKo7RKP50tHPYc0Ey0Vz33w34O0G98JaW91pVtJJLaxyNIUAckqD94YP610GkeH9N8P2jWumQeRC7mRl3s2WwBnJJPQD8q0NMsksNLtbRBhYIUjH0AwKsbc1xTbbsfIVK8pSd31KjIQKhIHerxSoHQHI6MACf8/hXJOlfVFKRxmr6H/wAV3ousxLwDJDNgf9M32n+Yz7gV05U4zTdQjmksJ0t5fKuGRhHIVB2Ng4OD17V4ZJ4/8WxyPHNqbKyMVI8iIEEdR92qVF10vI7qVKdfRdD3QNSrIUPBwK8GPxB8UZz/AGn/AOQI/wD4mvdsYXJFc9fDSoq9wq0JUrKReimD8g4NT7lYYY4rHJOMqcYrxGf4i+K0uXVdUwqsQP3Eef8A0GtcLGVa/kYxwkql3HofQmG/hJ6ZNMkH7pxwBtPApkcxKDBzkUSsvktz27ikn7xzqLUj5Sooor2z6mPwoTNJj8qWlwSeKAY3FB46de1L/OnxQyTzxwxLukkYKo9STgUyJOybPpTwpCYfCGkIRgizjJ+u0E/zrUOMcirUVukVqsSgBEUKoHYAf/qqGSMqM9q8KtBubPmVPmk/U+dfH84n8camyn5VdUH/AAFFB/UVzOauavdi/wBZvbxRhbid5QPQMxP9apdK9uCtFI+gpQSgjt/A/gyz8UWd1PdXE8ZikCAREY6Z7g12yfBfRpEVm1C+BK5+8n/xNZfwmcx6VfkDrOP5V65bMrwpzjgV5tXEzjXcE9DzMVVqRlaLPB/iB4FsvCNnZz2l1PMZ5CjCXbgAD2Argq9o+Nw/4lOl/wDXZv8A0GvF69Ci3KCbOzBzlOneQ2kpworU6hKKWkoGwo7UfSigBMUtFFABRRRQAlLRRQKwUUd6KBhRRRQAjcq30qqv3qtNyh9AKqr96rWxy1viRMKWkFLQaIWjtRRQMjKszBVGSegroNO0SyeLznuPtDLwVRiAvse9ZFnb/a7+3t/MWPzHC72zgfWtjVtKl0LWrS1a8V5JdrMUBUxgtjB54yMmtUvcZ5VWovrMYfgdC9pGY47ZVCQxLg4GAOc0C4R1aK1ICxthwODkH+IduR9KpHXLW6u5IFcRx7jskbo59fY+me3oawprLUL3xDdppyStKjlj5ZwfqTXNToN6zPRxWPV1DDb2Lj6q2napLZ3ALwghkcdUU8gfQenbHFQXCG+15pba8hTG0rIW6naOOPypNGhg1bxHDZ62J2LjyVMZCMH7buOcnjjByRXVax4BsILVrvT55rdovmYSNvVh6eo9uv8AWu/lbi3DofPqpTp14RxD1eli5oml3L29xJNPCHebOEzj7i0Vq+H4zNpm5DxvOfrgUVy+3qH0P9n4PokcpdeMbqGeS3gsIQYnZEeXnnOPlVQAOemPxznnD1/S9WWBdW1Rh5s7hNjffXjIyBwvA4Hb2roPC1lFc69q2oSDcllMwXPOWLMS3PcAcDtnPXml8aM0ek2cE0ax3VxK1xMoOeduMfgGCj/dr0nHmhdnw8aqoYnlgtTOsfDMUnhN7grnUJY2uYm6YVcDb9COfxHpXLCRo5Vlgdo5QcoVPT6frxXoFlrECeFI7ncd9taywFPVl2/z+U/8CPpXmm47QP7vT2rKpyqKSO/Be2nOU5aamjPbQ/YFu2uxPcyON4ycqCM855J/SqgqJYpSvmsrbM43EcZ+tSrXFI+joNsWiiipOkKKKKAGP0psf36c/Smx/fquhhL40WaKKKg7ApKWikJhRRRQMKMnvRRgnpQJiUtJS0AgpKM0tAPY+ofCIz4O0bI/5cYP/RYrUeI9q8G0/wCK+v6bp1tYw29gYreJYkLxvuIUADOGA6D0qf8A4XH4jzxb6d/36f8A+Lrjq4dzZ431WrzM9r60w8djXn3gLx3qvirXZrG+itERLZpVaFGBLBlHdjx8x/SvRGyv3hj1NeZiKM6TM2nCXKyFhkVEwrj/AB/4tv8Awu9j9ijt3E/mbhKjHG3bjoR61xJ+LOvHrbaf/wB+3/8AiqcMFOrFTXU6IUZSV0eneJRjwxqvvaS/+gGpPCU+3wnpKtz/AKLH/wCgivJL/wCJes6jp89nLb2QjnjaNiiNnBBBx82Oh9K9T8MZ/wCEW0v/AK9Y/wD0EUV6M8NQs+5VSk1D3jqVPOVYH6GpQ4Y4YYrIErR9Kxo/iN4bNz9me9Kyb/L/ANS+M5x/drDDVJVbqK2OV0ZWujswBRweh/Cm5IA7r6ileaKGB5pX2pGhZvUAdTXTFtnMyZRxzXyx4h/5GbVv+vyb/wBDNe7H4oeEdpA1Njn/AKd5P/ia8F1a4iu9bvriBi0MtxJIjYIypYnp9DXo4aEo3uepl1OUZNyVijRQaK6j2EFdX4R8c6j4YlWIk3Onsfnt2PTPdfQ9eOhyeOhHKUoqZRUlZkVKUaitI+l9N1vS9b0kahZXKGHbmQOQpj9Q3of075xUSQadrdnDNLbQXVpKPMj86MMPZsHuRmvnSK6nt4pY4ZpUWYbXRHIDgdiO4r6I8JZ/4Q/SMnJ+ypz/AMBFeVisPGivaR3PIr4b2C3Jl8L+H85Oiacf+3VP8Ktp4U8NsuRoem59Dap/hUxOKesoQghh+NYQxNRuxySUnsyo/hLw8uP+JJpv/gKn+FaMdvDbQrbwxJHCgCoiKAAB2AHGPapY51lBG4ZPrSsK1m5tamDcr2kQjcG47Vn3Wg6RfTtPdaVZTzNjc8turMcDHUjngD8BWlimCRe5APuaiLkn7pcb9DOh8MeHEGJNA0xlP/TpH/hVl/Bvhsrvj0PTdvoLVOP0qyHU8bhn0zUsVx5PAcEdwTnNdUas3HlkTJVN4tnnPxI8P6TpvhCee00yzglEiDzI4EVgCw7gV4rjFfQHxWkjk8B3RQjPmx8Z/wBoV8/110k1HU9/K5SlRfMFFA6UfQ1qekFa/haybUvE+l2oXcklyhdfVQct+gNZNdr8Lv7Pi8Xrd6hcwQ+VE3lea4QF2wvHQHgtx7ik9jDFScaUmj6FGAoBpMglgOx/pUe9WB5BH5isbQ9R+23utlXDxw33krjttijDD/vrdXHzN6s+P5Gzc2Zrk5dU+zfEibTpGwk+mJIMnoUkccD3DE/hXWo+RkDIJ5GRXhHxlb/is7faT/x4p/6G9aQUZI3wlL2tTkO28Q/ErQtKDxW8n2+5AI2QEFQfd+ntxkj0rxHU77+0tTurzyhF58rSbFOQpPWvS/DPwv0rW/DllqM93epLPHuZY2QKOT6qTWt/wp3Q/wDn+1H8HT/4iqTpwdj1KFfD4duPU8UQF3VB1JAr6fHKiuKX4RaNA6yJd3zbDnBdOv8A3zXa47dDXDjqiaVicViIV2nHoRyIACa+ZJmBunYd3J/DNfTrdMVwJ+FOi5/4+7//AL7T/wCJrPBV6dNPm0uVhqqpp36ncwysnIPHpVgzK6HacHB4NVmUgcVEQcHtkV5/tnCd+hzuKbufNFFd/wCL/BOn6Do3220muXk8wLiRlK4OcnhQf1rgK+mo1oVY80Hoe1SmpR0E60UdqK1NArrfhzoE2ueMLNljY2tm4uJZAOFKnKj0yWAGPTNclXqvwV10W+oXuiyuAJx58IJA+YcMPc4wfopqZtpXOPGylGi3E9oZAePUgcVU1GCafTbqG2ZFuJIXSJn6K5BAJx2Bxmr2CeAfw9aYwKnHIPfJyf8A9Vec073R8wm7nhbfBnWgf+QhYH6F/wD4mox8GdbbP/EwsAR1GX/+Jr3Rx06hh6jioX4yDhT2NDxVSJ6EcZVatc4bwZ4Qu/C2nXEN3NBN5sgdWhJIAxjHIrr42IRexAqZ3OMFselQZ5Jrgqzcp873JcpVPiOY8e+FbvxdY2VvbTwRNBKWJmJwQRjjANcMPgtrZ6ahYEeuX/8Aia9hDVPHcMpw3K100MXKMeUpValKNoM8WPwW1zOPt9j+b/8AxNN/4Uzrf/P/AGP5v/8AE17mem5eRURPtW7xU0CxtXueH/8ACm9b/wCf+x/N/wD4muBv7R7DUbmykYNJbytExXOCVODj8a+qnPFfMPiQ/wDFVav/ANfs3/oZrpw1aVW9zuwtadR+8zJpwoptdJ3i0UUUxiUtFJQIWiiigYE0maWigQUUUUDEf7p+lVV+9Vp/umqw+9Vo5q3xIlpaSloLQtFFFAyaxmmttStZrdd0ySAouM5P071c1yx1KCdLnUj+9ug0mC2XHqGA6H27dMDpUOjSGHXrGVU8x1mBVP7x9Px6V1PjtTHNp8LsHmSFmdh/GWbk+3IJx7110oKVPU+bzDEOlikkuhDe+ForDwlHeAH7bGizXKt0KuSAMdtuP51zltdXFhO09hdPFORhyD29ye3516Dr2rQ3Hg+71CMj/SrSJQh7fM4/mSPqK8t81t6tnlQAPyxVVuVWSMMtdacnN73PR/DvhWwcw6nNffbLlXEm6GT5VYHPJ6n9K1fGdw8WlpGvSQkn/P41w/g86jbavFPbwTvaMds21TtKn+eOtd14ltzqelCSHJEJyRgjI/8A1gfhXJQquE5Qb3OvNMP7SUKsVtcr+ELjbomNzH96e/sKKp+FN40uUNkETkdP9laK7+SB5scfViramR4d1uLTbzWI5mA865Uk7TgIGYOfyPH1rD1zXn1jVDdOW2BsKpPCrngD9T9TSSaRqNyuo30UOLWJ33u5A3YbJ25644Jx0rHKkckEA9M96xdSSVmeisJQnN1Y/EX4in277LcSmO3kZRIwydoGOQPyqe5sdOTXo7W1ufPtCQSxH5jj+lRaXMn9owSTWbXSRrh415LDHHH41V1KeG4v5Zbe3FvEzfLGD92st2d9KPLSV0a+tX6ywR2iwqiqQyFeAV5HIPOfasYVAclskkn1NWBWTjy6HVQd0FFFFSdAUUUUANamxffpzU2L79X0MJfGixSUUtZnYGKKBRikAUUUUAGKMUUUCsFFFFAxKKKO2KBM9/8Ah54Y0O+8D6bc3Wj2VxPIr75ZLdWYnecZJH+cV1H/AAhfhnqNB00f9uqf4VyngDxLo2n+CtOgudWsoJo0cPFLOisPnbqCeK6xPGPhtlz/AG7pw+tyn+NcblPmaPnayrKo7X3JbPw7pGmTmaw0y1t5WXaXiiVSVJHGQOmQPyFXXjDDBFQafr2karO0FhqlnczKu7y4Z1dgvAyQMkDJH5irxHNYzhd6mDnJP3tzA1PQLLUNjXllBc7M7fOjDYz16/QVmf8ACKaBnB0WxH/bBf8ACuh1DVtO0koNQvrW180Ep58ipu6Zxkjpxn61kyeJfDsmdutaeTjPFynb8a550aqXuPQ66dWbR518TtE0zTdEtJbKwt7Z2uNrNDGFJG09cdecV2/hhceFdJH/AE6Rf+giuL+KGraZf6NaQ2WoWtzItxuZYZlcgbTzwemcV3ehwtb6Bp0LjDR2sSn6hQKWKclhoqe52Sb9mrlqQfLXzokm/XVfqGuMj8Wr6MmYLGSegBJr5tsv+Qjbf9dV/mKeWRSjNo3w2qZ9L2l0ynaxyvYVPqsytot7j/ng/wD6CayyMAYFR3lwy6ReAnpA/wD6Ca8rDYpqpyy7nHOim7o+cqTr9KWkr61HtLZC5oopaZYEYoFLXdxfCXxHKFKy2K5GcNK3/wATUuSjuRUqwpr3mcISewzX0b4Sx/wh+k4GP9Fj/wDQRXl7/CHxKpwZLH6+a3/xNetaLp02l+HbCyuCplghVG2nIyBjjpXBjpRlTsmeZjK8JxXK7lwnFeB+Pv8Akd9Sx13J/wCgCvfK8s8U+ANY1jxJeahavbCKZlKb3OeFAPQHuDXJgJxjN8xODnGM7yPMc4Oe9fSfgubHg7SVbtax8/8AARXkJ+F+v95LP/v43/xNes+H4JNO0Kxs58eZDCqMVPGQK6sXiKfKrO5pjnTqRXKdIRnkV88/Ek/8V9qQ7fu//Ra177FPxjIIry7xf8PNZ13xTeajaPaiGYptEjkEYQL0APcGs8HUjzNtnLgpRp1bz2PKcnGKSu6Pwn8R/wB+y/7+N/8AE03/AIVV4h/v2X/fxv8A4mvQ9rDue0sRQfVHEAUYrtv+FV+If79n/wB/W/8Aiah1D4ca3pthPeTNaGKFC7BZDkgDJ6j+tHtYN2uXHEUb2TRx/XoKTNAY9uKBmtDcKXp9aO9KeDjqfWgLGvpPifWtDwunahNEg6RE7k56/KcgH3AzXrXwluZbvQNSuZ23SzajJJIfViqE14Znn617h8GR/wAUrej1vWP/AI4lY1fgZ5OZU4RpcyWp6LnBynU9uxrwv4yc+Mrc4/5ckH/j717m3AzXhfxhP/FYW/8A14p/6G9YYd+8edly/fo9V+HxU+BNKU/88ev/AAI10bRjGOgHevnbSfiVr+i6XDp9r9lMUK7UMkRJx+Yq7/wt7xRjn7Ef+2J/xraVJyZpUy2vKbkurPdihBxVeW3Dcjg1xHw38W674ovr06gLcWlvGv8Aq4yCXY8ckngAHP4V6GRXPUpJ6M4ZRnRm4yMh0ZDyOKZWrJGrdRWRqtvdCwnNgyC62ExbxwWHIB+p/nXnTwz5rRNqdS71AntUbcV46/xL8RRyMjpbKynDK0RBBHYjPWoz8T9f9LT/AL9H/GtP7NqPqeisJUaujsfiWP8Ails+k6/yNeN10Ot+MdV16x+x3nkiLcHOyMgnH4mudJzXp4Og6NPlZ3UIOEbMKbzS44ozk5rrNgrT8Paq2ieIrDUVJxBMC4A5KHhh+K5FZlFBnOKnFxZ9GXfxS8KWUjp/aRndTgiCJnH4NjB/A1lP8bPD3T7DqbY43CJOfzevHfDuiT+Itct9Mt8gyn53A+4g+8x+n6nAr2zUPhF4au7ZFt0ntJVTAkhkJJ4wMhsg9O2D71zuFOD1PErYfC0XyybuUT8afDjdbHU/+/af/F1G3xk8Pkc2Op/9+0/+LrkdZ+EOu6dukspIL9B0APlOfwPH/j34V5/JG8MjRyDDqSGHoRSVClLY6KWEoVFeDufSHhvxVZ+KbaaezhuI0hfYwmUAk47YJrWbrXnfwZGdE1Hk/wDHwvT/AHRXoj/eryMXBQnZHLOKhNxXQwfEfiqy8MQQS3sU7iZiqiEA8j6kVzg+L2gn/l01D/v2n/xdVPjF/wAg3Tf+urfyFeYabpGoaxceRp9q88gxu29FB7k9APqa7sNhqUqSlI66VCEoc0j19PjFoaci11Hj/YT/AOLqQ/Gfw8f+XLUs/wDXOP8A+LrmNH+E8jFZdYvRGP8Anjb8n/vo8Z+gP1p3jjwBaWGlrqGiwsggX/SIdxYlf7+Sc8d+2OeMc3GWFc+RPUh0aDlY6J/jJ4fIwLTUh/2zT/4uvHNWuo77WL67iBEdxO8qhgAQGYkZxx3qietOrtp040/hOyjh40vhEoopTVnQJSUtFArBRS9vem0DFooooAKKKKAA570gpaKAEf7pqsv3qst90/Sqq/eq0c1b4kTUtJS0FoWiiigZb0i5js9btLmU/u4ZA7Y9BT73VpNV1Y3dwfnlBB64XIwAM9h0/AnvWY/Wm8gg9CK2hOyseTicNGpU53ubOmbNQu47C7uja25P33PC9Tj6E846ZqS00+xHiOS3Nyk9pDmTzG6OBjjv7UzRJ7AajJPqNk9xAIz8qknafU1mPcBLt5bQtEoYmPDncvpzUy95uxvFKFJX0Z6P/wAJHp8sy6fM62PllcKyAxuCAQDz05Bxn+VbdnLboqyC3jjf+9AuQw7dBkfQj8TXi5keRyzsWY8kk5Jq5ZX2oW4229zLFGOSATt/I1xzwd/heonUineR7lpemae0ErImzdJkqsgUZwO3aiuI8KaneS6bObi+lLi4YDLdtq0U/q9f+YxcqLeyH6ncMbe9abbHC+YI40TACBgWVfbAAPu2etYEbahfSNBFm1tAmG3/ACkIPYYOMZ44XJ57muj1a2N3qlzstzcgSMu1XkDDB5UhWG0g9gAO4yOa5nxNoS2MP2mO5liVtpa0upAXGe688475AxXXJNsmlOMbabjdKS+hfUNU0cRpbwKVZZGBJUd+OM8Z7DnjiufeRpcu+Gd2Zvu9cnn+taWpjTINOtU0y6nNxKo+0ISQDxWXsOwZQkqMYFXTWtzTEzslFER4/hA+lSik8o+QZSeQ23HrThUVNzbBu8QooorM7gooopANemRffp70yP79X0MJfGixRS0Vmdgc0hpaQ0gFopKKAFo5oooASilo60CDFGKKMEnAGTQPobPhjRZNf8Q2enqDsd8ykfwxjljntxnHuQO9e9X/AMO/DGor+80yKJsYDW4MWPfC4B/EVj/DLwkPD2nteXseNQuhyD1jT+79T1P4DtXfsyqpYsAqgkscAD61xVqrcrRZ4eKrSlP3WcH4Z8Hab4S8aqLO8nlknsZT5MoUkKHj53DHc9MevPFehk4+nrXkng/xCfEvxW1K+Qk262LR24/6Zq6YPTPJyeemcdq9WBqKsnFrmOaupcy5tziPHXhNfF+t6PaPfLbpEk0jgcu65jB2jp7EnpkcHnG5o/g/RdE0+Sys7KPZKmyZ5BuaUEYIYnqD6dOegrjPinrVzoPiHw3qdr/rIGnJXP31+QFfxGfp1r0fTdQg1TToL62bdDOgkQ98H2/n6Vo2/ZpjlzxpxfQ+cvFXhO50DxUNNjVniuXBtGP8SseAT6g8fgD3Fe/eQQoC9AMYpda8PWetzadNcgiWwuFnhdeuRyR9DgE/QelXjGB0rnxTVaKj1RtLEucUn0Ob16c22gajMv347aRl+oU4/WvnixP/ABMLf/rqv8xXvHxLuRYeDLw7tjTFYV98sMj/AL5DV4RYD/iYW3/XVf5irwVJ06TuejhNYNn0cRkVR1PI028Uj/lg/wD6Ca0SCFyOfbvVLUwG0y8JHPkP/wCgmvnJ071U13MYy1PnNutAoor7JHqoWlpKKZY4V9XQp/okTZ/gHH4V8oiva4/jFoMcaI1lqRKqBxGnp/v1zYmnKa908zMac5uPKrnowcjg8j0qOUggDJGfSvPT8YdB7Wepf9+0/wDi6jf4vaI4wLTUR9UT/wCLrgeHq22OCOFq32PQGQrTCtcEvxc0Rcg2t8cf9M0/+Lob4uaH/wA+eoD/AIAn/wAXWX1Oo+hqqFVdDuHQ1Ex2HHWuM/4W3of8VnqH/ftP/iq7CwvItU0+C+hDrFMgdVcAEAjI7n+dctfCVIK7QSjKHxKwCQDpmrkN2MYf86p3EB+8v5VyOq+OtP0XU5bC5iuWlixuKKu3kA/3gehrnoKu5tQVylR9orI9GBSRfWmuuBXm0fxW0dV5tr7/AL4T/wCKqwvxf0RU+az1A/8AbNP/AIqvThQrP4kZywlVPRHeMOKw/Fmf+ET1Tn/l1k/9BNc8fi5oZGfsWo/9+0/+LrN1v4l6RqeiXtlDa3yyTwvGpkRAASDg/ezj8K0jhqimnY0pUKvOrxPKaXml5HA7Ugzj0A716p9EloHOaKKKBjcc17P8InZPDN0c/wDL43/oCV4z0r1/4VsU8M3RH/P23/oKVy42TjRbR5+PjekenxT71x3rxL4w4PjC3x/z5J/6G9euqxwCDXjnxZYv4qtyev2Nf/Q3rlwNRzlY8zA07V0zgzwacivJIqIhZmIUKASST6U0+tev/DfwDJFJHr2sQkSY3W1u4+5/tt746A9PrjHpSkoq7PXxOIjQg23qdp4F8Pf8I54bgtXX/SX/AHtxju56jrzgADI9M966f/Gq4FZviTXYPD+hXGoTgERj5Ez99/4VH4/lya4udylY+Xk5VZ33uaiTRT7hG6sUfY+DnacA4+vIpChHWvGPhl4uli8R3NhqExKanKZlZiMCcnJ+m7+YAr2sjIqqkHEqtSlQlyyPEvih4Qksbttcs0/cTMBcIo+4543fQ/z+teZ19X3NrHdQyQyxrJDIpVkYZBBGD9Qa8M8b/D260KSS+01Wn0z7zActB9fVfQ+nXpk70al1ZnrYLGpx5Js4LtR9KKOa6D1dGFJS0lMQtABJAAyScUhr074f+DTGyazqMfzDm1ibt/tkevp+fpWNevCjDmkzGrUUFdnW/Djwr/wjml/bLpB9vulBfjBjTsmf1OO/rjNegJKHXIH1rBW4aMFuvtTLvXrXStPnvp5NkcKFmGep7Ac9STgfWvGhjPbVLdTwK1OdSfM9zH+Jni3+wtDNpby7dQvAUjIPMafxPx0PYdOTkZwa+fOla3iHXLvxFrE2pXbHdIcJHuyI1HRR7f1yfWsivcpQ5InsYSh7GnZ7s9m+C5A0fUQf+fgH/wAdFejlQ2WBrzX4OcaNqX/Xwv8A6DXf+YRIcdjjFeNj5xjU1PNrp+1lY87+MY/4lmmf9dm/kK848Na7P4c1mK+iyyZ2Spn76HqPr3HuK9G+MEm/S9N4xiZv5CvI69LCJSoJdDvw8OalZn0vaXcN9ZRXds4eGVQ6MO4I/Q+3rwafIVIIdchhgjHWvLPhf4nFtdf2FdyBYpyTbMzcK/dfx6j39Sa9ZkjBFeHi8NKjO8fkcko8k9Twjxv4XOgal5tsn+gXBJiI52HqUJ/l7evNcpX0Jr2ixaxpk1jOPlkGQ3dGHQj3z+mR3rwXULCfTL+azuU2zQttYf1+hGDXr5fi3Xp2n8SO+jUUlYqUUUda9A3CkopaACkpen1pKBAKKKKBi0UUUAKKKSigBGxtOaqr96rT/dNVV+9Vx2OWt8SJqWkpaDRBRRS0hjoTELuLzl3RhvmHr+orpN11qLTRzQi3swgdwUAcRr044J6DB+VQT0A4rB02JZ9XtY2WVg8gBWEkOfoQDWt4h0W60uSDzb2aS1mbGy4JWRD7qeox/EP0quVtHDUqKM+V9SXTJdU0rRb3UbO2iFjMduZMFlGccdM9cfWudZUITegLBQTjg1qa6bOzEdnpWpS3FoyhnQngN9PoazQHOJQpJxg47elawVjHGTWkUJ5KEgqpXB5GDyKDiR/vBcjAG7147dOp/WtCx0ma6gju0DOq8SIBkqBjJHtirM/h8x6ULtmC75FOSwG0ZPX0z6+x9K2VNtXPIljaKfK5anR+C2xosgYICJz95efurRUXhMRRaZMg+bFw3zZznhaKXKy+ZdyLX5pW8S6rbW7BpYXVgG5D/IAw+u7p7n3BGBfLZ3mmNcxRCK6iYBwGC7lzgkDuQcd8jOSWByNO/NlJqkNzpt7I2rXFy3n+dwmWJznI6c49wara3Z6nJqMlkbSGWcfvHktwcsD6knkg8ZPJ7k1zXvK57FOi4wSepgKAkO9XBJ6scjH0prfMy/MFGepBqMM0RIKnrgqalIRlL7WxnpW8WcNWMlK7Ll7BHHYrIJy7FsYAwD1qmMYpXkEluGbAYMAoHXHPNIOlZ1bXO3L4uMGm7hRRRWR6AUUUUhjXpkX36e9Mj+/V9DCXxosnrRSUtZnWkFFGcfWjNIYdKSiloAKKOKKBCUClooAWlVmRgykgjkEdaSigZ6X4P+J0tq0dlrjNJCMKt11Zf94dWHv19c5rr/EmoTeKrS48P+H9RsvtEkSyTu8pwYW7KVBznjPsR1zXgtdB4J1J9L8XafMDhHkEMnOAVf5efzB/CuadCKfPHc4a2GXxI9R+HPw/1HwxrdxfX11ZvG9sYlSFmJBLKcnKjA+X9a9M8vHqfoKzo5CBxVr7fDDbtLPIiRoNzO5AA9Tk9BXC63tXaS1PIrKcpXZ5F8bmH2rRkB5CTH8yn+FY/g/4kt4Y8N3GnSWj3UqNutMsAqg/eDHqADyABySRkdazPiJ4kh8TeKXuLQk2cEYghbnDgEktjtyePYCuSFenCFoKLPXo4dSoKMz3/wCHdzq2tR3PiLWpSTcExWka8JHGDltq5xgnHJ5Ozkniu6wG6HNfPXg/4i6j4aeO1uS15po48on5ox6qf6Hj0x1r27Ttf03U9N/tOzuka1AJZiQCmOSGB6ED17fga469NqV7aHnYjDzhPVaHnHxo1P8A5BmlI/I3XEi/mq/zevLrDnUrUesq/wAxWj4t1s+IPE97qO4+W77YgeyDheO3HP1JrO07/kJ2n/XZP5iuyEeWnY9fD0/Z0bH0yYF69M+grN1VcaZeA9oX/wDQTW80YOCPSszWEB0i8z2gk/8AQTXhSprn0XU8ynU94+ZO/tS4pDQK9891BQM5opaZQv8AOigfpRSGGaKBS0irCUtHf3pc8e5pjCvojwnj/hEtLAOc26fyr52xXvfhZynhjTMdrdP5V5maTUKSZw46LcUdPXg/xDXHjjUOMf6v/wBFrXuMd0rcScEgc14b8Q8f8J1qRz18v/0Wtc+WyjKo2uxz4FNVbM5npSc0Ute0eyJinDr8vHrSUo59loCwdfpRnt2pMn1ooGHOelHT60d6O3XAoAK9j+E6hvC9zjj/AExv/QErxyvaPhEN3he79ftrf+gJXLjFek0cGYu1I7MqUPB/CvLPiDo1/rnjC3h0+2eaT7Im7bwq/M/U9APqa9cZQeoryXx9rF3oXjm1u7KTZItooKno673yCPQ/n34Irz8Cmpux5uFk3P3dzd8J/Du10WZL7UTHd3y8qo5jiPbA7kepH4DGa9Ijmwu3GR9a5Xw14ltPEemi5gISReJYmPKH0Pt6H09ORWzNdw2kLzTyJHEvzM7sAAPU5onWqupyy3MMRGdSXv7mvKyJC0sjoiICzMW4A79a+evH/i//AISfUlhtZH/s22JEYPSVu7n+QzyBzwSRVzxz8QZdcV9M05mTTgcNIPlab/Bc9up74rgSa9OjTsuZrU7sBgXB+0qD0leKRJI2KOjBlZSQQR0INfQfgHxpH4k0hYpnVdSgUCePGN/bePY/ofqM/POat6Zqd5o+oxX1jM0U8RyCO47g+oNaVIcysdWNwqrx03R9VZB6nFNK1yfhHxzYeKrcIxFvqCD95ATyfdT3H8u/Ynp2nEKZkYbQMljgYHfNefLmi7M+dlTnCVmtTzzxp4C8OPaXGqeaNJdBud4lGxjx1TuT0AUjJPc14nx2ORXXeO/Fz+KNXaOGQ/2bbsRAnTef75+vOM9B2BzXH9a9CmpKNpH0GChOFP32Ht2pKWlrU6zS0G9s9O1iC5vrQ3MKNnYDjB9eev0PFe36bqllq1qtzZTrLGeuDyp9COor59q/peq3uj3i3NlMY2HBA6MO4PrXn4/ArFR0dmjnrUufY9+eQKjMzFQoJPPH4/hXjvjfxQdcvja27k2MDfLg/wCsbu3+H596n8RePJ9X0yKzt4Wtt4/0lt33/YH+6ep9enQc8YK58ty50H7Sr8RnRo21Z33gHRPD2vWtxDqFsz3cLg7xKy5Qj0z2I9O4ruF+GPhdxkWsv/f5q8r8EaidO8VWh3EJOTA2O+7gf+Pbfyr3O3uDHjPQ1OPxNTD1lrozDERkpXTH6FoGneHrRrfToTGrtvcs5Ysffn0HQU5m/esv+0e4q0HDDINUbtkt0knmkSONeWZjgAepNebipSrNNas44J82p5z8XJs2+lRA8M0jflt/xry6um8beIE1/WmktyTaQLshJyN3q2O2T+gHeuZr6TB03Tw8Yy3PVoxahYfHI8UqSxsUdG3KynBBHIINfQvg/wAQJ4k8PQ3Zx9oT91cKOzgcn6Hr+OO1fO9dP4L8WHwrfXDyRPNbTx4eNCAdw+6efxH498AUsVR9rCy3M8RS543W576ygjBryj4rWenebb3UU8KXw+SSHdlmTkhiPY57d6xNc+JGtaq7R2z/AGC3P8EJ+c/V+v5YrjXYuxZiSx5JJ6mufC4KVKXPJmdChKL5mNpKM0tekdolFLRQAneilooATmlxSU7pQAlFFFACYpcUmaM0AD/dP0qqv3qtN90/Sqq/eq47HLW+JE9FFFDNEFHaiikMdBL5NzHKMZRg1aOr21vNax6hao6h32SgnhSRkdecHDYIGDjoCCKr6XFNNqttFbhTM7gKHOBmrOqWt213Nb/YUV7b/XfZgSuRyW7hQepxgccAc1cdzlq076meqeSo2ldx6t/hToV8y6jQypHngs5PP9KrpJtXaRlT+YNTHZsV/mK8lR1/yK3R5NWEldM77R7eSzhLR3UZWUgMpwAMew55wD0I/UVpXVjC0DJ9lnAhl2gMud/Ug9AcD0Hr1rmNE1O3trdp3RWmk+5GpwQB0IHPvnp161fuNXZdKW4EuJQ2CCMjkncD7f4V6UJx5fkfE4nDVnXel9dzoNBuVNtcCG3SFBORtmXknauT0PH40VF4Z1aS5srmWWKJ3a5bLDvwtFZ+1gdywOJt8P4mHc+FljknHkwsTMwy3yt1OODWHa2+r6XeXMtnM0TfcfdyxH0PpxiuqeG5jvLr7Nc7nLsCr7ceWCSWYnIAGePqcU5L21uwFmmiumiGJZd5GOwblRgdiQO/NePGTlqffVEqMoxk/uOGmvNN/sQ20tkw1TzMtOehHX1/TFZfJRMHG0Z/I9vfmuwv/D1sWknLLIHPylX+7gkc/j3965NoWEpt/MKsGIA25H+P6VtGSOSvGU7EDYJ4GKlH3akubYR7XVmKnIyWDA8np05xjPFRDpUzd2dOFi4xdxaKKKg6wooopDGtTYvv05qbF9+r6GEvjRPS0lFZHWmLRRRQMKKKKBCUUtFAhKcKbThQUgoPSiikAypI3ZHV1OGU7lPoRTMUpFMR05+Ifip1wdWbHtEg/wDZax77WdT1Ti+1C5nUHdtklJAPsOgrPpwqVCKd0iFTgugUlLR79/WqLsLVq11K9soLmC2uZIorlNkyKeHGe/6/gSOhOadOoG0nuJUsErQTRzLgtGwcA9CQc1FinUhtHoI+MHiAD/j003/v2/8A8XUN18V9euraaB7bTwsqlGKxvkZGDj5veuEoqPZQ7GCw1JO9gooo/lVnSHWlpP5UUDHcY6/hSUoo4oGFFGfQ0Uhi8d+tJ1opaBgK7nTfiHNpunW9mLBJBDGEDeYfmwOuMVw/86bWVWjCqrTVxShGSsz0VvilMeP7Mj/7+n/CuN13VG1rV5tQeMRtLtyobOMKB1/Cs6gippYalSd4KxMaUIu6QcilGcUd+eKOfWtjUWiiigYlL1oooGFFHNHX60AJiuv8LeOZvDNhJZpYpcCSUy7zJtwSAMYAPp+tcjzRiplFSVpEVKcaitI9NHxhusYOkxH/ALbn/wCJrjfFPiJ/E+qJey26wMkQi2h92cMxznH+1WH3paiFKEHeKMqeFpQd4o1vD2vXXh3U1u7f50IxLETgSL6fUdj6+vIM/iDxbqfiGXFxII7ZWylvHwo+v94+59+BWFnFHUVbhFy5ralOjDm5rajelHFHGaOKo0uIRQDRj3ozQIfFJLFKksMjRyIdyupwQfUGutufiNrd74cuNIuWSRpQE+09H2fxKR0ORxnjjPUnNchSUmk90ZTpQk7yQlJS0nNUVYKKP5UUAHB60nPaiimJhzQaOaKBEkEz288c0Zw8bBlPoRXYf8LN1n/n2sv++G/+Kri6bWdSjTqfGrkSipbnXz/EnxHJ/q54Yf8ArnED/wChZrA1HWtS1Zt19ezT9wrN8oPsOg/KqFFEKMIfCrEqnBPYSkpaK1KEpMUuKTBoEx1JxRRSASloophYKQ0tFAxBS0UUCsFFJRQMKKWigAopKKAB/un6VVH3qtP90/Sqq/eq47HNW+JE1LSUtBSCiiikUTWkUk17DHEzLIzfKVJyD6jFbFjNrmnWl0ttKAk5O/dgseozz3xmszS2ddVtmjdEZXyGcgBT6816CZbXUdznaS42mZZAF3jnGSB1HQEDPODVdLnHKaU7NnDX8mitpFotpBOl8P8AXs33Se//ANbAFUehVs4TAI/w+vFdHe+F40V2LZd/mV1bK4PTI7HGODXP28Zd1iNwq7TgjHOB74/ma1jJGFaEqjTQ2EfvllXIPHO4enGPTmmM8zQtC7nyiwcr6Y/+sat3unmJUkWV95CjbIACWI5wRkEeh4+lVFkWZsElGPH1NUpnLVw8oL3kd54KkYaLKMg/v26/7q0VD4OdxpEwiGEFw2OR/dWir5jL2UhniCc2sBtomKtcyySTEdWAYqoz6cE/jUfh+0QW9xcTnbHN/o6HH3uQWx64A/Mit3V4NIdIDchpbmNeI4mxkEk/Me3JPvWROWuJEZ1VEQbY41GAo+n+ffmuWdeMafJHc9ihlFevjniKnwrYes02myxRTIwtWcsEdQxAOR/n1xWfqGm2xtnmiEbo4JcjJK8nnnoDjj8qtKieYsZIRX+8+OgHJ/H0ohkMCtBdjMGxiiyrjcpPIzxj1z65rCjPoztx+FVN88PmcXcXctyUEoGUG3cBgvz1buT7mmg8Vsa/ai1cIBwG+U+oPSsYV0Sdzkow5Va46ir2kaVd61qKWNkivO4JUMwUcDJ5NQXVtLZ3c1rOAJYXKOAcjIODz6VFzbmV7EFFFFBQ1qbF/rBTmpkX36voYS+NFg0UtFZHXYOlHT60UUAFNoPWigQtLRRQOwUV0Oh3fheCyZNa026uboyErJE+BtwMAjcOc57dxWp/aHgD/oC6j/3+/wDs6lys9jN1GnscVRXa/wBo+AP+gJqP/f7/AOzo/tLwB/0BNR/7/f8A2dLnfYPaP+U4rrRXa/2l4A/6Amo/9/v/ALOj+0vAH/QE1H/v9/8AZ0c77B7R/wApxVFdr/aXgD/oCaj/AN/v/s6P7S8Af9ATUf8Av9/9nRzvsHtH/KcVRXa/2l4A/wCgJqP/AH+/+zo/tLwB/wBATUf+/wB/9nRzvsw9o/5TiqUV2n9peAP+gJqP/f7/AOzo/tLwB/0BNR/7/f8A2dHO+we0f8pxlLXZ/wBpeAP+gHf/APf7/wCzo/tLwAP+YJqP/f7/AOzo532H7V/ynF0V2n9peAP+gJqP/f7/AOzo/tLwB/0BdR/7/f8A2dLnfYPav+U4yiuz/tLwD/0BNR/7/f8A2dH9peAP+gJqP/f7/wCzo532H7V/ynGYors/7Q8A9tE1D/v9/wDZ0f2j4A/6Amof9/v/ALOjnfYr2j/lONpev0rs/wC0vAH/AEBNQ/7/AH/2dH9peAe2iah/3+/+zo532D2j/lOMFGD3rszqXgLvomof9/v/ALOgal4E/wCgJqH/AH+/+zo532BVX/KcbRXZf2j4D7aLqH/f7/7Oj+0vAQ/5g2of9/j/APF0ud9ivav+U42iuy/tHwF/0BdQP/bY/wDxdH9o+A/+gLqH/f7/AOzo5/IftX/KcdS8V2P9o+Ah/wAwbUP+/wB/9nS/2l4C/wCgNqH/AH+P/wAXS5/IPbP+U4w9c0ZJrs/7S8B9tF1A/wDbY/8AxdINS8B/9AbUP+/x/wDiqObyH7V/ys44Utdh/aPgP/oDah/39P8A8XTl1DwFvUvot/jPeUn/ANno5/IPbP8AlOa03SNQ1ifybC1eZ/boPqeg/GunOhaH4b+fX70Xt2BxYWrZC/7x6/y/Gui1NrrWNJEXgy/tY7RFzJawDyps/X3/AAz6mvL7u1uLO5eK6gkhmX7yyKVNRGTn5GMJyqvV2OvP/CJeJn2qn9hXp4ByGhf69AP0/GsTWPCuq6G264g3wH7txEd0Z9Oe344rG2liFUZJOAK9D8KWfiDS4PtF/dRafo38cd9yGB7BMjBP1H49Kb9zZjm3R2dzzvJzgUbjniu81PVPAEl87JpNzICfvwMY0PuF3DA/D8Kqf2j4E76HqH/f0/8AxdNTbWxpGu2vhZxhPNL/ADrsTqHgQn5tE1D8Zv8A7Ol/tHwGOmi6gPpL/wDZ0+fyH7Z/ys4zpS/zrsf7R8BjpouoD/tr/wDZ0f2j4D/6Auo/9/f/ALOjn8he1f8AKcYee1JXaHUfAffRNQP/AG1/+zoOo+Au+i6gf+2p/wDi6OfyD2r/AJTjaK7L+0fAXbRb8fSb/wCzpP7Q8Bf9ATUf+/p/+Ko5/IXtX/KcZk0ma7T+0fAX/QE1H/v9/wDZ0f2j4C/6Amo/9/T/APFUc/kL2r/lOLors/7R8A/9ATUf+/3/ANnR/aPgE/8AME1H/v8AH/4qnz+QOq/5TjKK7P8AtHwD/wBATUf+/wAf/iqP7S8Bf9ATUf8Av6f/AIqjmfYn2r/lOM47Giuz/tLwF/0BNR/7/f8A2dH9peAv+gJqP/f7/wCzo532D2j/AJTiqSu1/tLwD/0BNR/7/f8A2dH9peAv+gJqP/f7/wCzp877E+0f8pxdJXa/2l4C/wCgJqP/AH9P/wAVR/aXgHtomo/9/T/8VRzvsHtH/KcVijFdr/aXgL/oB6j/AN/v/sqT+0vAP/QE1H/v8f8A4qjnfZh7R/ynF0ldr/aXgH/oCaj/AN/j/wDFUf2l4B/6Amo/9/v/ALOjnf8AKyfaP+U4qiu1/tLwD/0A9R/7/H/4qj+0/AH/AEBNR/7/AH/2dHtH/Kw9o/5TiqK7X+0/AH/QE1H/AL/H/wCLo/tPwAP+YJqP/f4//FUe0f8AKw9o/wCU4qiu2/tLwB/0BNR/7/f/AGdH9peAP+gJqP8A3+/+zo9o+zD2j/lOIortv7T8Af8AQE1H/v8Af/Z0f2l4A/6Ampf9/j/8VT532D2j/lOK70UUVZsJiijNLQJhRQcdqKAuJiloooGI/wB01VXrVpvunJqqvWrjsc1b4kTUtJTgCzBR1PSkykJRWhq2iajoVwlvqVsYJnTeqllb5emcgnuDWfQNNNXQqf6+P/eruNGtIxoshunZTdSK0ajksEB5A/3mx+Fcfp4jbUrcSJvTeMpnGa7GQyXUvnTHHGFVeAo7AY6fQUVaqVPk6meGy51sV7e+iLVtcvBIthfiNV8ogGVD3wef5DPPNZmqaXFY263NttRl/exTIQSGGDyR6cVZ8uOWZkMnlgKS7nnHYY/E1oWTG9gksb3YeERCww3U7W98ZAPtWFKp0Z0Y/Cqk+aBx9tqMeozmGdYI0dQPIjBVXbplSScMepzgE55BNT2+laUuoSf2zM8MTIdjxj7zjGc8Ht196j8T2a2TopjVZVba2BjP/wBaqEs97qmms0jBxYqpY4+YqTtBPrj5R9CPSumzvdHHGainTkrtHa+DLYf2LLsQMv2h8E9+BRWl8PriFPDAWZZFbzm+6mQRgc9aKLyD3THmQJcS47uT+tMIdiFjjaSRjhVHepLrctzJswSHbkH61LpuotprFxapLI3BcudwHoOuP85rhVm9T6upKUaXuIzbqWz0+SRLjfcXaHBjjcKqH0Leo9Bx71Vhv4b+6RPsxikJyreaXBPoQ2Tz068VZubXS7m5eYSXcHmMWKbQwznPByDikWKxt7ORrUSiQjCySrlj2OAOF+uSea9C9FQ93c+KqU8zq4i89IlDxBh7CIyookWTKFWz8jZIH4dPwrnhWlq+zyLcq7FiPmBOQOoGPwrNFS9jpw6smjrvhtj/AITK3JGQI5P/AEA1jeJP+Rn1T/r6k/8AQjWz8N/+Rwh/65Sf+gmsfxL/AMjPqn/X1J/6EaxXxmq/iMyqKKKs1Gt0pkX+sFPbpTI/v1fQwl8aLNFH0orM7BKKKd/OgTG4ooooELRRRQUFFIKDSELRRRQAYxS4xSY/KjH5UAAoNAoNAxKWijvTAWijviikAUUUUDFooo4pjFzSfypcUn8qAFFLSdqKQwxQBRmnUilqAooo4waBoOO9JS0vT60AJk96KP50dDigYvSg9KXIooGJSiikzzQAUvFFJQMmguJ7WZZreZ4pV5V0OCPxrr7TxrDqEC2fiawjvoRwtwgCyJ/j+GPxrjOvFBqZRUlqZzpRnud03iTw/wCHQR4asftF1/z+XYzt+g4Ptxj8a5PUtX1DWLjzr+6kmbsCeB9AOB+AqhmlFKMEtRRoxi7jTyaXJpeR0pP5VRqIaUUd/agmgQUmSKUCkx69aAFoooyKBDT1oxTqaTQAUUnNFArhjAooo/lTExKDSn9KSmSHSjqaOtJyKAEooooEGaKKKBBRRRQAlFFFMQUUUUAFJRS0AIOtOpKXrQAmKWpI4ZJiRFG8hHZFzTGUo+1lIPoRSAbRRzRTAKKTFLQK4UUClH60DG0tJS5oAR/un6VVXrVp/un6VVXrVx2OWt8SJqmg/wBcn++KhFSwf66P/fFJlfZPQ/jIoHiyzx/z4p/6G9ec16P8Z/8AkbbP/rwT/wBDevODSjsZ4Z3pIn07/kJwf7wrtF8ySRY4YzJK3CqOtcXYD/iYwf71d/pupRWMTJLZMxkBEkqyZJ/MdPYGsqsU5K56uDnOFKXIrszZLqxsJyXmmuLlDgiFwqqf97Byfp+BNTWV/Z3l6ZFgmFxGpfZNL5iuO/zEZBA6Hmqr6TphkLJqMyJ2DW+WH/j2KtGGzsbCQWO4yOADJJy7L6DAwo/E59q6Zugo2jufPRjmlau/a6RL+sWUdzYR3dxAPORfIn3HcMjv+I/nXH+FHT+3ZtPlI8u+ie1JI6E/dP5gV2OnvFPd3em/a3lF5biQMzZIcf15/SuK1qEaZewTW48qdH3HHZhyD9amL6HS0nBS7bnoujxxf2HYEYwbdOn+6Af1BoqTwvdWaaU32uCVkeVpLcp08twHx+DMw/CitLGdzn7hgt7MD/fb+ZqI49akulDTS5/vH+dW7VrAaRcvNZo9xaqXwCQZB68e/Gfx7158I8zsj66tXdCnztaGW4U8Ej8aqSSHyZYo5SI3OWVRkZ+n9eKUanp9w+J7R7df78MhbH4Nn9CKmu8waetvHM7K/wAybOY5QSeRjkHgZBHX8K2lh5w3PFp5vh8WmoPVGFrIkSztUdVCcshHUg88/nWUK09aETMPJkZokIQBuoPP44rMHSt3scFB3bfmdj8Ml3eNrYdvKlz/AN8GsTxL/wAjPqn/AF9Sf+hGt/4WDPjq1H/TKX/0A1g+J/8AkatW/wCvuX/0I1j9stP960ZNFFFWbDX6U6ytp7y6S3t4nllc/KiLknv0prdK2vBQdvF9isdwLdiX/ekZ2/I38+n41ettDnqO0rla70y/sGVbyyuLfd93zYyuaq4r3WW3e+h/svVpY76xvMxxXCLjY+OMj+FvTk/oa8Sv7KTT9QuLWT78MjRn8K5qdVybjJWaNaNZzdmVqKKK1OgKTFGaM0ALRzRR0+tAC4/OkxRnv39aXNACUU6tmy8N3txsmuIZLe0I3GZ1/h/2R3z0H4c96G0twMSrdvpt/dR+ZBZXEsYPLJEzAfiBXWDT9DG1Dpj7enmfaGMn1/u5+i1oXqTfK+4Nb9IdowqrjhQB0wOMdePxrGVaPQuMG3qctYeGZrhFlu7hLONs7Q6lnbtnaOgyO5HtmotU8PyafEbiK4S5tgcF1BVl9MqeefbI966z7HeyoJmilbI3ZPBIA4464qp8rJJG4YpIhVsEDOR6kHvgjjGRWftne72NPYK10zhaK2tS0G4t/wB/bxyzWu3JfaTsxwQxHGf8RVZNC1R4RKljMyMMjCnJH0610qSa0MGmnYzj1pQKUgqcHg0maADFSRLG00ayuUjLAO4XcVHc44z+YpmRXR+GJfC8Vvd/8JFbzTNlfIEJYHHOehA9OtD0JqS5Y3J/F/hFfDv2Ke1uTc2V1HlZTzhsZ7djkEfj6VZs/htq99p9tfR3VikNxGsib3YHkA4+7jv2NdV4lj0Nvh3BqLxXixGMRWFvPMy7TyFbaCRwuSM5yBisnxqx/wCFe+FzycRJ/wCixXOqk3FJHHGtJpJFNfhXrRYYvdOPsJH/APia429s3sb64tJGDNDK0bFehKnHH5V1nwtBbxpGueTBJj8qxNVtxdeMr+2aZIRJfSJ5khwqgueSfStIuSk1Jm9Ocudpu9i74O8Kr4mnu/PuDb2lvCXeYYwGP3Qc9sAk/TqM1U0jQDrfiddJsJjcQGTBuFQqPLHVyD047HucV6mtrp+jeDdc0OxPmSW1m73EuAN0joTk89cAfQY61z2i6pa6X4cki8HWVxfaxJHvupZIvmiAOOnQk54VSfXtg5qq5JuJi683do57xT4RbTNaktNIhv7yFANzm3Ztrem4DDfXA9OcViSaJqsUTyvpd6sSAsztAwAA7k46V6mfEmtr8PItcF/P/aEsvkrAIYyhPmbcbduc4B79fyrN8X+Mrh/BcOiXj3H9rzkfbBLB5O1PvYGMA5IAGM5AOcdKcJyat1CliKmkbXOK0DwnqniaO8fTkib7Km5g0gBYnJCj3PPXA461a0TwTqWuaff3kZSBLT5f3/yh2HLLnoCB1z3445xrfDbSL99S/tyLUIbKys2/0mRpBlk6spHQKQOp4HUZI47H4g/bvEenaJB4dljfTtRkkJCYQSOMv8xP0c4OORk84xblrZCq4icanImvXscB4P8ACn9ta0bTUYbuK3aEusiLjJBGOSCCCM1np4Yv7vXjp1laThJLho4pJwQMDJBJx/dBJx6V6t4StvHNnqqRa2FGmpEVVQYeoAC/d+ar0A8T2OjX11Pi/wBRaQ/Y7f8AdoIl5AJbjJx7nsO5NYyqyjKzIeLmpuzR4drGkXuh6lJYX8Qjnj9DkEHoR7frSaPpr6xrFpYR7szyqh2jOB3P4DJ/CrniPRtY0y6S41lCtxdlnyZFcscjJOCR3Fd14P0X/hENAufFeqQsbpo9tpalfnAP8ifpwoOe4G05WjdHZUr8lLmvqzlfHGhaT4e1SOy0+4uJJgu6ZJCrBM4wAQAc4557EVy3t3r0zS/if4gvtYsrWa2svLnuEiYrCwIDMAcEtwea1PGvj/V/D3iJrCztrR4ljVt0sTEkkezCs4ykrRZhDEVYWg1d+p5C0cioHZG2Ho2OKjrqPE/jDVvElrBbaja28EaN5qeXGyluCM8k8daZ4W8IXXiz7WLW5hhNtsyJc4bdu9On3fTvW68ztVVqHPU0ObrstZ8Lafp3guw1tbi5M90IwI2KlcsuT0AIGB6mtIfB3XD/AMv+m/8Afx//AImuv1/wNqV/4J0rR4prZbi0KGR3ZghwpBwQM9SO1RJ6qxy1MbC8eWR4bmiu/Hwk1vPz3ungezuf/Za5fULGTwx4n+zSlbhrSSOQ4GFfhWx9KfMnsdUcRCbtHcyMVveEtGt9d1xbC6aVY2jZgYzggjkdj71vS+O7CRg8nhLTyW/jcKSfx2Vs+DfFNnqWvx2sOgWVmxRiJYgAw46AhQaxnOai7IxqV6ii9DznWbWCx1m8tLbzPJgmaJTIQSdpweQB3zVGvQtX8Zafb6zewSeFtPmaKd0MjquXIYjcflPJ61QufGdk+m3EC+F7KDz4miWeMKNpYEA529RnOM1UZyaWhVOtOy0OLPFGOKbnNaOhok2v6dDIivHJcxqysMhgWGQR3BrXodMpWVzoYvB1vqHgxdY0i6kuLuEn7XbuMEY5IUeoBHfkdOeKvJ8PtIMUbS+M9OhZ1DbHCAjP/bStjWdHit/FtzYWOn36aY9mhuodLIUuzF9uQSBjrxW14b0WxsfDmt28Wma3FDcQlXiuUUSONrA+XjjODj64rCU7HjzxNRK8ZHGt8P8ARP8AoedK/wDHP/jlZHjLwcPCLWYN+Lz7UrMNsWzAGPc5zn9KseIfDdvZaaLjTtG1yDyn3Sy36KFC9OMd8kdq3vjDxJoZ/wCmD/8AstWm7rU0p1qjnG8r3OE0/wAP6tqts9zYWE1xCjbGaMZwcA4x16EVbi8H695i+ZpF75e4b9sfO3POM962/B3jDT9E8P3WlTvdRXF1PlLiFVKxAhVycnORgngV2dhJpWrXq2dh4z1q5nPOI03AD1J8vAH1IFE5TT0LqYqpCTutDi/Enw/uLCS2/seK6u45FPmBgCVIxjoBjOf0NYSeDvEUjYXSbkH/AGlx/OvSdVl0jRr42d7431JLkAExjD7frtQgH246iqbeL9M0HULeYa5qGrWssUiunytsYFNp/h/2xWMZ1krPUUMRUa0PLo7C8lumtY7aWW4UkGKNNzDHXgZqx/YWsf8AQKvf+/Df4Vf03U77/hLnutFYLc3MzrAJgo4c8deM4/Wu4sNT8YweO7PQ9UvI2SU+YTHCm2RApY4O0H+Ej1/Q1vKUkrm1SvKG9jz/AErQLu78R2WlXUE9s88g3K6FW2c5IBHoD2PSp/F2j6foetNY2NxPMY1Hm+bg7W6gAgDPHJ44z9celaesT+N9d8TXWTY6Ypt4yw6FVG/H0ww6c76ytR1aIWsOr33gC1aO+dTHKbtHaVnGRxtzkgZ5FRGpJyv0Of6zJyTtoeVVoaJpE+u6vBpts8aTTbtrSE44UtzgHsK7r4mW2maVp2nWdvplna3s/wC+l8lRlABjbkAEgknnjO2sb4Y2rT+NIJ16W0Ukh/EbP/Zq15/d5jf2/NTckXG+Eutp96/0sD3lf/4mpE+GNvEm7UPFOnWvr0IH4llrjtSNxf6reXYik/fzvL90/wATE/1rtfiPp1tb2Gh/YdOhgaaN3mMEAUscLjOAPU1m5SulzGEpVLqPNuZPizwzomjWNvPpGuW+oSFtsyLOjHkcMAvIHBz9R71x1TfY7k/dt5TgZPyHgVFWy2OqldKzdxKKKKZoJRRQSPxpiFAJ6c1K9rcRDMkEiD1ZMU2CeW3lWWFyjjow6itaz16eJyt0TNE3DHjcPoe/0PFJ36DVnuZtnZz31wsFuhaQ9uw9Sfat+18N2Q8ya51FZUhx5kUKkFmOcKGPHOOuOlWLSexujJDZOwkKFzGLdVLBR0JB5+lOhTFlcSMvyvMqqf8AaAJP6MKzc2dMKEZLVj2OnD5E0ez8r0bcW/76zms+bSNJeUzG7mt0P/LARiRgfUEkAr+tXIVRp0WRiqFhuI7DPNac+ovbXTwraW/2eN8CJ4QQQO+cZyeOc0uZmlWhHaKHRw6lpdgi2MclrbIgL7CqyP8A7bgfMCfTsOO2aqXEX/CR2txFePGt5DGZYrxlwQF5ZXKjLDGe2QRx1q3qiQ/bzcR39vC92gnMc77CocdAemOTzVWS6tNN0+5gtrmO7v7pPJzDykSH7x3dCTVpmDjB09tTkdS0u70uZUuUG11Dxyo25JFPdSOoqlXba4Fi8A2KXJHntesbXJ58vb8xHtux+NcXVnNFt3Q3FKBRmkoKsLjmkxilzk8GkzmgApfwNJXoHw/0y3htLrX7mATvE4htI2Gcyd8D1xjFRUmoRuRUnyK5xM2m30duZpLO4VMZ3GM4x9cVljqa901oawdFvpLjULRGMD77dG5A2njPTPtXhS9aqjKUo+8rHJKbm0yepYf9dH/vioqlh/10f++Ktm/2T0L4z/8AI3Wf/Xin/oTV5x3r0f4zf8jha/8AXjH/AOhPXnNKL0MsL/CRYsP+QlD/AL4rtO2K4qxXdqUIz/EK9DkfS4vD5vpLRnmQiNkSRhhj9c4Bxnp7VFSm5tJHqYXFxw1KU5rQz3CEYamzP/oyw+YDGvIBwSPofT9KhgudMu3KZms5WPyFyHT8TgED86vXY2/Z7GRzGFcB4gOEHqCB8wIOR3rKdCdNq5UM2w2Lg5U2irfXctlrFjJLAsbWyoTg5LADqaTxjpUBuLicO5JUSpzxgjoB74NTR2S395eTLceZH5brG7/MeqjPHPG7071PrNv/AGj4fsHLlGCGGQ98qcY/MGuhSszyqcHKm1a5ofDrX7i28MvbmESrHcuEJPIBCnH5kn8aKX4cjT4vD1xHcJK0q3bhioyD8q4/TFFb3OPXuZl2rw3k0MqFXRyCD+f8qgaR7ZlmixuGQw65B4OR+YI9KFuX1IXkUzF7m1LSRuxyWj3fMD9Mgj2yKYFlEQeSNghOC3Ye3sfauKtTdGdj6XA4+lj8Lcgn0W3u4vtVpOtuOA8c4OxW9nAIwfQ4NNjQ2GnbvtUMssD+aOSVBPG3tk9ycY6dTnFgeZcy/Z42WJViAkJbAIA6ke4x+NVYkh1OSOIRxxLGFi2hslsnk4PUABjkdDj0rojWnONpHzlbL6FGtejuYOoyzbDE7cCUsy4H3sdazxWlrUZjmztx5oEv559zWaKGdVJW0O5+Ev8AyUGz/wCuUv8A6AawPFP/ACNusf8AX7N/6Ga3/hL/AMlDsv8ArlL/AOgGuf8AFP8AyNusf9fs3/oZrP7REf479DIoooqjqGv0rT8K2B1PxLa2gnlg37j5kUZdhhSfu984x+NZj9KveHtROka3DegsPLD8rjPKkd/rVO/K7bnLVvzaHqUNtd6KoSa/+02DShWuVi2yW0vRN8ZPQ5Pfn1HGZPEmix69ZXQuIYV1i2i86KeEYW5j5JOO/wDMEVrPKbzw7Nc6h8v+hzbmkXbmMoCpIOcHcRjk4OcZ61Fpd5J9hOqTruS3s/KQEf6wsMAD6nn6NXl885R9q/iWhz87vc8SxSYr2CzlvreVYbDS9PgIHEBeNJJCOOhOT+JzVTxBY2fijRL68SxFnq9gpMiqmCwB+ZWH+TXR7eUWueLSZ1RxUW7HlVGK018O6y0PnJpd40ZGQwgbBH5VmsCrFSDkcEGuhST2OtSTG0mKXNFMoTFLRRQBt+GbVptXjuGh329sC7s33Fbadmc+rAcV1kEAuUnubl2kjiA34I3OW4AyRxnnJ56Vl6NtPhSJomUhLl/OAPIYhdpPsQGH51ftrsQiSOSMyQyriRN2OeoYH1B6fUjvXLWfvWNKavBtbhKkEkHmwRtH8+0oZA34j0PHSrujzxWk3magyR2spCqJcBXfcNvHfHXPYZz1qkXskyVN5IB91GRVB9twJ/MCq9zZSSl59RKQGTiPzHCDHACrn2/lzzWSjc0k+aPKWXybmRrido7hWO7PU+4/+vx71DM/mTO+ANzE4FNsoLoTpH/aKsqIzxRNcBtxVSVXAJJGQMjpjPrTY7u5XOY7bcedxjPX/dzt/TFEkOEnsi0Y/mXdPGm1VKg53KTyc8d/z5FMljKEHcrq3SQEcnvyehH509GZox5KCdmBM42hmZj1OeTjGMYx+eaRmFvbNFIf3jurBD1UDPX88YPP5VBpcyb/AEhNRuxKkwjkZQrFlyrN2yc8Hp27ZrmJYmgleN+HRirD0Irspphb2s1wU3iJQ2C2ASWAAPfqf0NcbcTvc3Ek8mN8jFjj1JzXZRlJrU56qjF6EZNdd4M8If23I2pagwg0e1JaaVjgPjkqD6Y6nt9a5DFaEWr38OjzaVFcMtpNIJXjHRmAA5PXHA46ZA9K1abRyVlJx909m8TaVoes63p2kX8ksTS2TfYdnyor8ZJHrgDA6YBHXFVPCmvXqaXrVlOtm8egWypG8RLB9qtyTnkHZ6Dr2rI+K1rcXWsaJa20Ek8zwEIka5Y4I6Y56UmqRJ4E+HLaRJKo1fVjmVVIJReARx2wNv1YkVhyJwUWecl7iV7tm5qnjXUdL8EaZrcNtaNc3cgWRWQ7QCGPGCD2HUmvGr+7a/1K6vXVVe4maVlXoCxya9E8RW7y/CTw6I43c+cvCqTyQ+Bj8eK5fxV4QuvC0lr9ouIpkuVJTYMMCoXcCOg5bAwTn2qqaUdDqw7pxb7nQ+B1J8C+LJ3YndAy8+0bf41TtPEmm6X4ch0zRZZba/vHC3l3KmGjXuRgnjk4x056Eg1Pq+kWGg/DSz+2WMJ1i8k3ByPnjBOfY8LtBB6Fq0vGrWXhnWfDV9Y6baRBFaSYRwqvmZ2gg4ABIGcenWkrX9SHJOT03H+JIl8L/Dm00g6hE1/Hch08liHB3FsjuMcc+tYereMbHxF4RWHVbXzNbgIWGeMbRjux+vdehOCMdnalaWnirxq0vhtBLhPtEvnRbY2dfY9QxwMEDkn1rY8RaNa+KtCl1e1hW01aw3RXkAIGdg+Zc9CQOQR1HB6cQmo2vuOKirXON8L+H9T8SXrWFi7pasVa5lyfLUDOCwzyeuB9egya9L161s5vh5PY+HTPIdJu0hiaHJdpMqGK7epPmsOMc5xxXmui+Ita07SL7TNL8zyrkqXaNSWj7HbjpkYGfbjB5rvtBuL7wN8K7q/liWO6luvMhguFIJ3FFwV4PRWI/CqqXumiMTzKSl9xf0jRdK8IWdlrPijVr0XDKF8qV2lRJSCfuqDkgA4JyAeeuMZwg0jxfr8n2LxfqElzICywxRvEiqOwBAAA/X35Nal5qU1/4D0i+vNBbXridt7xqv3Sdx3YCnA7dB1qXwZcW9xrwiHgJtFJiYi7YNgYx8vKAc/WojeSu9zm5nG83v8AI8d1xp01i7tJrue5W1neKNpnLEAMR+uK7D4ZavqFz4us7O5vJpreKGXZHI24LlR09uB9Ocda5jVro2Pje+ukVWMGoyOAehKyE4ro2+LOsB90en6ap9TExP57hW0k2rWPRqxlOmoxVzbb4j61/wAJwNJEVoLc6j9m3CM79nmbeueuPbrVnx14/wBZ8OeJX0+zjtDCsSsDLGWOSOeQRWPo3xO1a812ygew0wLPcpG7LC24bmGSDu685rZ8eePtR0LxK9jb2WnyxrGrB5omZuRnqGA/Ss+T3locbptVFHkPNPEfiK88T30V3epCkkcQiAhUgEZJzgk881kfjXb3vxP1TUNMurG40/T1W4iaIvFGykAgjPLH1rj7OxutQultrO3kuJm6JEpY49celbI9OleMPfVkhlvbTXd1FbQIXmlYIi+rE4A/Ovftd0uDUPBtx4Qt2339pp8MsQOMvtJCgZ6ZMeD6bveua8N+FbPwHZt4k8UyRrcxrtggUhirEdv7znngcDk59ONtvHF/H43bxI6AmRtskG7gxHjZn2AHPqMkdaNzhq3xE70tonKcgYzj1FBYtjnoK9a8R+BrbxfB/wAJF4UmjdpxvltiQodu+Oyt6g9Sc5Hfy+/0y+0m5Nvf2sttN/dkXGR6g9x7jimd2HrwqKy0fY7XwdrfiuXSv7O0Kxs7iOz+8ZOG+dmI5LAdc9K6L7f8Sf8AoDWX/faf/HKyvhGHZddEed/lR7cHnPz1inRfiD/1Fv8AwKP/AMVWMopy6HLNJ1XHRHWG++I/B/sayz/10T/45XKeNtc8Q3EcOla7a2sBBE6iLk/xKOQxHrVvStI8cRaxZG5Gp+QJ0Mhe4JG3IzkbvSovir/yNcR/6dV/9Caojy89lYqlb2iWjOFxWn4c/wCRm0o+l5D/AOhiszNaXh7/AJGXS/8Ar7i/9DFdD2O+p8DPWNYjF38T5I5Z9Sitxp6SutgzhnKsQAwQZIwx6dyOnNT65d/bEihhg8YwQwgYSytymcDqzN8zH6n9eatPaGDxrd6q93bwxmw+yhXk2tuJDA9OnHr2qa0Fys/hp5dftWjsYpFvx9sJ+0MUAU8/ewRnLY9q5bqVmj56aatY5Tx1N9o8LRXiHXbB1dbZra7Dqs4xnLAtt/HqcEEdCIPjEcvoZ/6YP/7LWt4v0yfUPBEkD6rZ3FxbXkt6S1yXJiAfCrnJyAw46cYzWV8YgVl0PcMHyH4x/u1pDSxvhpe/Fepz/hq08EyWMdzrE9+14GK/Y4gSsp7bdozzkDlhyD+PolhfNo9tHdmyt/DXh+JgSs6Brm6I6Ar1BIB65biud8Br4lj0LZpGi6eBKxKajcFV+X0IX5mOc4J6dMYqfUdT07w1etfajeP4k8QR8ICMQ2p9gMhSCOnUkDhc5q5auwV+adRou6p8PtB1DVLPXJ7iTTrS/ZN1lImx2mfkIOflPqOcYOCOo5n4javHDcnwxbaXb29tYFQjkZfkA5XsAQeeuepPatvxDqeoSfCiC/1V2j1Sa9WWLK7TGQ5K4HbCgkexqeSx0j4qaFDfpcpZ63axBJeOO/3hn7uckEHjJz0IpR7sVGcotSnsjxw8cjr2r3T4farP4h0Fbq9tvNvLItDFcvj94NoJ57HoD+HfNeS6b4ZvtX15tKsGiuWR9r3EJJiVe7biBx+HPbPGe38W+Il8IDSfD2gysP7PZZrhskeY3Xa2PXJLDpyMdMU6iclZHVi5Ko1GO5yOo+KddOlz6BesqoJiZQYwr7gxJBxxy3JOOfWu48aW15ZfDnw9LGZIp7IwM5U8xny8A57EHAz60TaJZeP/ABJba5FZTWumRxhrqacBBcEYwFHU9wWzjAwORzND4t0vxZ4k1Xw9dvnTLxFgs3JAyynr0IyScqT/AHV7nFS9WrGDkm1yrbc8o1HVL7V7hbjULl7iVUCB3PIUZ4/U1e8PeJ9Q8Mzzy2HlEzJsZZVJHB4PUc9fzq34k8Fav4bnk86Bp7MH5bqNcoR0BbqVPQYPfpmtzwdpnh/TLD/hJNY1GGcQ4aO2j5Kv2yp5LZHA6DGckcjWTjynXKcHTuloaWr65450bTLXU7pLRLe4UEgR/NET0DKcEE/jjvg1teJfEev20ug22keSbi/jO4SIOSAp6k8Dk1574h1zWvHGoNLb2lzJZwHEcMMbOEz3OO5weT6cVvfFNJILfw8G3I6wMMdCCAlc/s1zR01OdQu0pLUZ4i8YeMdIlm03VY7XEqModYvldTwSrA/57ivOa9K0jxTpfiHw7caR4qmUNbx7o7hj87Y4BGOrjPbOR1B5z5zMqLO6RSF4wxCOV27h2JHOOOepreF7WasdVBJK1rEVFLTO9WbjqMUmadQA3FLijNJmmA6N3ikWSNyrqchlJBFd3e3E9vc+cFS5tLyNJNj5w3ygbgRyG6gkfiK4LOK2tN8SXVhafZJIYbq2ySI5gTt/3SDxUSjcqE+Vmu15CGXbpaqn8YEzMxHseMY9wamjk0fy/Mlursgf8u4tsOR6ZyR+tZcviO0K/udIjRv9ud2H6YP61chutEvF3/b2sWI5iniZsH2dQf1ANTytHR7aHdoWdptZ1QyLBsAUJDDn7qKOmfpk1LPPbaHpkszG0l1F3Cww5WXYBnLNgkDtgGoL/V9M0+yuINNuWvbqdDG05iKJGh+9jPJPvgDmuSNWkzCdW65IaItX2oXep3TXF5O0spGATjCj0AHAH0xVTFApaozSSEooqzaWN1esVtbeWdgMkRIWIobSQNpFfFGK6fwx4XfU/EUdlqUc1vDGhmmDoVbYP5ZOBXe/bYpIHi0bQbUWdudjSyKiqDjpubAJ9utYTr8suWKuznq4iMHY898H6BFruqsLtitnbJ507DrgdFH1r0Sa8e2t7JbG1jgVnBsNPiQb5WwcOxzwPfnI56c07SEglN/ajTYrGe9tzgxgBZGXnAx8p4J5HoaLCdb/AFyaOf5LiCw2IoHzIu8BivvsOPzFc7m5zba+Hock6nO+YwNW8OXs2nXc934hgEiRuzxQQl0JwTtLkj+VeVJ1r2nxR4iks7i60kMII5baQQqseVKYIBByOuDjAPr3rxZfvE+prqwtSrOHNVKje6bJxUsH+vj/AN8VEOlSwf6+P/fFbyOt/Ceg/GQg+LbXH/Pin/ob151XoPxebd4ptT/05r/6E1efVFP4TPDq1NIsaf8A8hOD/eFdgJfIZt8Ylt5RsmibgMM5/A9wfUfXPHWLbdSgOP4hXYupMYWRSm/pnofcGoqycWmj1cHCnVozpyKtz4eOxZrO4iaJ+VSdhC4H44B+oNaSNPZ6baSoYZpY0NuCDnO8nGPXAOM9OSO1RM8t8Jig8u3QeZIm/wCUHHOPcnpj19qlgEN7cLfpB5cMZJiQHn92pbJwRzwoyc5ye+K1liJ1I2mjwJZdRw1Vqi99yPTLi4Gl34IQ/ZolCrsBwTLyD6jI79qsRSyXvhKeRAgkW7Y8DAG7kn6Zas/eum22q2ZBVmCbVYHPOCeozVrQ2Y+G9Vjxu2MjgeuTj+lStdj0uVRii94Hgjg0m7juJJfMF22dkeR91PcUVD4W842V2Z0KubpuDjptWiug8SUFdmfb2k+n3uqT3MRRcSxKO7M3Ax7Ac5HHHvUtxu80f2g5s43QOEUfewPTPXr16ZqO5bUQ1yIY4VtbmUkPGV25LAbc9jkjg8jBPQVjXSXIdftQlDFQVMmeR6j1HuOKyrNTnzM6sDTnh6PsoaJk99evNaQweUkcYBZHXq/UEn8j+VGkKVuZbhesMLsD7kYH6mtK2sVuNDj3ZEatuDnjarNtJyewYKT14J9eMRHltY7yNCj/ACiNmU5H3h0Pocf1oTT2OmMVHVmTdn5cbiQpxk/Q1XWrE4/0Zz/tr/Jv8KrL0qmENzu/hJ/yUGz/AOucn/oBrn/FKN/wlWsNtbb9umGccZ3mt/4Sf8lBs/8ArnJ/6AaZ4l/48Ne/7GA/+gy1l9syvau/Q4qiiiqOsa3SruhWZ1HWIbYEqWDNuCk7cKTnj0xVJulbPgy4ms/FlncQEB497c+m05/TNU5csXI5qrsztJW1bUY0s7vUzewllfy4IsKxzwXYDBI6hR1PUDqO1uraWGxtrHzI/twElzKu7mJ3RhGD9TnBOOgNT6lqMWnlbn7Tb2xdlKt5e59hCnA6gc7u3pXK2N9Z2M815HqazXUw/wBKklUlpsdGPXkDjrjnjA6cMZqsm3pY5KsatRrkjoULTwo2pa1PcahcPsd8pOJGR4UCsXcjoMHbncOcke9b2i6kWkt9ZvWaNdStEt5ZVGQJlUAk98kKDg+pIzUOoXP/AAkdu1hYX9tbRTcSwxxeWZl/u7iTx7DGemcVNG+l2fh250WO6iurp8Psj5ELKcKTwMHOBjrjNdtW2Kw0nN2scE4VKFWKktzRNtqlvMfL1aE3Cn5IGU4cdvmPGT24riPiHpsFxbWmvW8IheVmhu0C4xIOhI9eua67XdKuLuPT7iPUfsl2kAVRLGTG/PAZx90+hwfpUFtdSywXgurZZgjk6lpsyglT3ZD3HOc+4OTXl0nBJTp/M9ONRp3R4tSiuk8Z+H4dB1ZDaEtZXSedBk8qp7fga5vB67Tj17V6EZKUeZHowqRkroSiiiqLLljqV3pspktJ2jLDDDAIYehB4P5Voy+KtSk27fs8WDkmKBVLfU46diOhBrEppoaTDY6MeK5E+ZdOtVk9cuQD6hScfnkVz8srzTPLIxZ3YszHuT1plFCSQXZJBPLazxzwuUkRgysOxroR4oilTM2n/vP4jDNsUn1wVOPzx6AVzVGcUpRUtxxk4u6Oph1XTbmLM7C1lU4wVZgfcMASDjtj8ecCO71i0tUVbDbNITlnZSFA9ACMnPr2x71zRNLUeyje5XtJPQ0L3WLq+jWKQqkQO7ZGuAT6nuT/ACrOpaStEktiWxRQSexpKBQG53M3xS8Qy38F2gtImijaNo0jbZID/eBbqCMggjGT2JFcnqGpXmrXr3l/O09w/wB52/kPQDt6VTNAoSsZxowi7pHZaJ8Sdc0TS4tOt47OWKLPlmaNiQCc9Qw4GeOKxde8RX/iPUBeX7rvRdiJGNqoM9vx9yf0xkZxQDS5Ve4KjCLukX73V9R1WOBL+8luBACsfmHJGevPc8Dk56V1dr8Vdegto7cwWEvlIF3yRNubHc4YD8hXDUgpOMXuhypQkrNHdy/FfX54nRbewhZhgPHE2R7jLEZ+oIrizd3DCZTPIVmbdKpc4kYZwW9Tkk/iag6UtNQitghShFaI1NB1698O6ot/YlPMCMhSQEqynsQCCRnB69QKk1zxLq3iGVW1K6MqoSUjA2oufQDv7nJrHJoosr3K9nBy5mtTrf8AhYOtR6FZ6VZNHZx2wUCWLO5gARg5JHOfSl074jeJLG5MxvftQ2keXcDK/XjBz+PeuRNFTyxJ+r07bFq/upL+/uLyUKJJ5WlYL0BY5OPz9aq4pRRVGsUkrIs2V5JYX9vdwhWlgkWVQwOMg5GcduKua9r114i1P+0LyOFJvLEeIQQuBn1J55rKoJ4oFyR5ubqLXT+FfHGp+FI5obZY5reQFvKlHCvxhsjntyM/kea5YU6kOcI1FaSNTWvEGpeIbz7TqV0ZWGdiYwkYPZV7dvfjkmsykxRkd6BwhGC5Yo2vD/ifVPDN4Z9NuQocASQuMxuB2I/qOeTzzVPVdUu9a1Ka/vpjJNK2TycKOyj0AqhxS8UxKlBT50tTf8N+LNQ8LfavsMVu/wBpCh/OUnG3OMYYY+8agPirX2/5jN//AOBDf41j8UtKwOjBvmaNy38Ya/b3MM39q3cojcP5ck7lXwc4IzyKi8ReILnxLqKXt3HEjrGIwIgQMAkjqT61j0lLlSdwVKCldIMVZsrp7K9guo1VpIZFkUPnBIORnGP51Xozj6Uy2ro1te1668Q6gt7dRxRyiMRnygQCAc9yT3rKyTTc0tKyRMYRSskamga/e+G9UXULEoZArIUcEqynsQME4OD16ipvEfinUfE93FcagYgY12okS7VUHrjJJyfcmsSimR7KHNz21NG11vU7HT5rG1vZobaZ97xo2ATjB9+R19eKt+GPElx4X1N723iSUvEYyjnAOSDn9P51hZoo0HKnFpq25u+IvFeqeJ5Y2vnRI4s7IYV2ouep7kn61jRTy25YxSOhZSjFGIypHIPqCKiNHaiyWiEqcYqyRbsdRu9LvI7uxuHguE+6yHp9R0IPfPWnwahPBqaagSk1wrmQ+eokDnqSwOQcnnPXPI5qjnFLVWE4RfQ7TxN8R9U8R2Yso41sbQoBLHE2TIe+TgfL7D15J7cVyvIOKKWlYUKMIK0UbmqeLNZ1rSrfTr+6MsMBJ3Y+aTjjce+Bn69Tk8jBPNKaSq0QRhGKsjX8PeIr3w1qLXlkImdkKMkqkqRkHsQcjHrS+IfEeoeJb1brUHTKLtSONcIg74BJOSeuT/SsikqeVXuL2UebmF7U3qaU02mWxaKKKACjpRRQK4lFLRQAUUUUDHHA+tNpKcKAEpM06k4oEwIoFL1oxSFdIns7WS+vYbWIfvJnCL9ScV7bBbPp8I0rRjBaWtqFS4u5B96THP1PX2HesXw3oEehWdq0dskut3UXnmWcfJapjOenHHXjPOKJYb3VtyW9+kGnrOwe8lQ7ppMDd5adx25P49ccdSUaj95+6jgq1Od+h0DzTafp9w99ei489Ghg8pSS5PfBPToMDvXM3WinU4P7KuJpY49KjhV4I5NoLysxkkYjuvA9OmeBXTXM0Ola/ptzd5a1tbUGNtvQhQN34Dcfw9qwpdOlt9bOs6Zq9mY8FZJd/mRujYJRgOueuPbPFdGXQj7KdaLszyq85zqRpoj8KWWo2NiqXsm97Z1dEDhsOJE2jcOMkBgQD+mKteLLW6ttVg1KxuHRCxntbuHD4VgO3O4dsDOQemBU7a7DJAYYpLKBmG3fFv4z6A9B6Dj8ag0O8t7GM6XFqVtLY7x5dtcKWVOuWyRwSTnGcD65qKk+Zuu7X7HRSo1qbty6HO38Opa/vubu7tLoWsEsiR2gGQGU5JAOQPr/ADrzJa+gfFEsn9lSWELpAJoJppZFJ5RQQo69+Pz9q+flrbD1vaxelrHXCV3sTjpU1v8A65P98VCK6HTePCWo/wDX9bfykq5M65O0ToPi3/yM9r/15r/6E9efmu4+KUnmeJoD6Wq/+hNXD5qafwoVL4EWdNYrq1qypvYSLhcdea7O4yTcfaZfs2zMi2xJJJ7YHT2Pf2ribLzPt0PkgmQNlcda2Ll5nnY3G/zO4cEN+NOUU3dj56iTjDQt6hfvdGMRwC2VUA2AnJHXJP45yfWrumKI9G1OZeCYvJz6bm5/QVO2mi60y0cRqrGMRiViR/DvXJwOCCRnnlVAPU1jxXkqaTNa4wskgJfPoOR+tJNPYqlBRRLHEZ9LvrpyzMJYgGYkk53Z/QCtLw+Qukawx4AWP+tUo8L4TlA6y3yrn2CE1o6CBF4b1Wdhwzon5f8A66ZS3Lnhi4NxZ3TKjYW5K8j0VaKd4WmjuLK6dDlRckZ/4CtFdHL5Hi1JvnepmsJtC1GRpXP2eck+ZDhgR14zwwPIIP8APBqOSCDWbbz7RDHcxJhrVSdpTnmPJOMd1+uKg1Vb/TLubTrwEwNIXXA3Bhk/Mue//wCo1WkS40q6huIJMxuN8EyjAdfXHbngg8g8VzWPZ5oljQXJ1BrSQny543iKlj3GfwOR+tUZFEWk3ZPH72JPyDE09p5Yr+G/VAgkfzIwp44PTP1BFR3Uh/suUSfea8bI9ML/AImtIomo48pkTjGnu3fzVA/Js1SHSr18+3ToI8YLSM5+nA/mDVJelNmVM7j4S/8AJQbP/rlL/wCgmpNU+xy3Ou6dqC6jFu1Z7lJLa1EoIG9ccsPX9KyvAi6s/imAaJLbxX2x9r3AOwDbz2PavWRF8TH4XVNDP/AD/wDE1k3aV2c1duNW67Hkb6XoEaF3vNaVR1LaeoA/8iVm65py6RrNzYpMZlhIAcrgnKg9Ocda9Ru9c1XWfhr4mXV5IpLi0uhb5iTavysuT785rzzxp/yNl99U/wDQFqlK7NaNSUn73Q59ulanhWZrfxFbyoiuwD/K7YBypBzyO3bNZT9K1/CeB4ktSW2gB+ducfI3Qevp+FU/hZc1eaO8uPEEFnm6k82W6bP+k+WWUduMjAHYe2PoKo8UaXeyRTX6LKYuhKgM/wBTjkD6itS2u5sSzL5sawNtklhuPMkiPq6Hgrng4xj2qGXTrJNSmvJ9Os0ugds0zR5iZuu5UPGSCCePxBPMQrwoq04bm6u3Ylkn0bW7OabTYYbe+gQyxPD8u/byVYd+/uOK6LTptLvbVdSkzI4AZkjOQHxzkepPPvn1rmntba723CtbIyMMXVtD5MkDEgKWAOHXPX0zUqytBHba1HGLe4+0m1vYE4STBwTj1yMcdfrWWIVPER5oK1t0Y1Kd3ys1NO8Tvqvim5seTBHhZ1ZRsCdMEg/z9ePeO9nNvrywQndcy2CJKByR8zbd3uVwPxHasqSw1LSdWuZtK1WOzjmlLMs6g5xwCMjJ+o4rX8N6b9i1KbUL+/jli3/aJ7l33FyAcZ4464A9AAPSub2UKV5R6o550nD3lsGr+VDJb2i2MF3Lp0CxtNNjZGxycZY7R296X+2p0tIU1vT7a4065PlrLGVkj6dMjofQHHtWd4l0u+1KyghgIVpGDzocqpfexcMwHHUYJI4Ix3w2DRo9PP8AZFkSI9VgkZIGcnDJKPKddxyNwBGCcEg9M4rWng6cqKkpXl2OF4lwlZ7HEeMdDi0DxFNbW7E20irLDnrtYZ/+t+Fc+a9F8a6W2r6XHrdmzs9lEtvcwOMNHt4z/PNedZrWlPmj5ntYefNACaSkpa0OgKTNLRxQAUUlLQK4lFLjv29aMflQMKKKTNAC0UUUAFFFFAC0UUUDA0UZopALRRRx3oGFFFFAC0UgoFMLi9DRR/KjOGoC4UUA0UhhS0UhoGLQelFHFIApaMim/U0wFooooC4UlH8qWgAopKWgLhSUtJQAtJRSUBcWiil/nQJjaDS8UZoASiijjvQISlpKKBC0lLRQAUmaP5UgpiFooooGJRS4/KkoEFFJRQAtFFFAgpKKWgYUdqKOe9ABRRWho2kXOuanDY2igySHknoq9yfwpNpK7JlJRVz0Lw9pum+GtCstSu7JbzVL4BolZd2xeihV9T+dXb9JLmR01Pw/ZsFGTGjIZIx7hTuFP1C5TToPt9nIZY9HsmtopiAB5xUhSOeuCTgZxgGsi78NSadrFrcWVxIWEuZ55ZizSqUUq4XvuJbG0HgCsaGGjVXtKkmr7HhVcW4zaR0mq32LX+0rXHkXVkIyuMlCoIIP0OM/Q1LFONP8MQXVoAWS0h2MBkrHs3Ow9ywOffAOKn8gyaXc2g2icmK4VXODJIERZQB6g4z7k1yqW/iLTLY2NjqlvHCzMRFLscxkn+A5457diT+PNGlGceRvqb0oOotDo9G1my8T6TCbgyGQ5McgX5sZ6cE9P8O3TKuoNOuL5dODiPTbWMzziHCmRiwG3jjJyASPQ/Wqlvp8+m6VDpcExW5v7gxyTBcYXgsR04wc8cEADpSy2kM00mnxWxFrby+V5Kvta4kxuLSOOyg5Pb5gOnXalQhTnzfZXQ6IUlFlfUtQ8LFBFb2cFs6tyYyMsPQ565796iTxVpUji3kjg+zjpGkIGOeowOKsS6ZptzH5Bs9LlKj7lvGY3H0fgn8SKsWcEVnBFaadA8CPkJDCAJ52UfO0kjD5VB/+t0rreMoz92MNTpalFa7FW71UyaVdRW4W6jEMgUMSGiBXr1Bwev1BFeY6ZZnUNTtbJXCG4mWLeRnbuIGcfjXpd5I19pV9hMskUhKNIJB8o52N1Bxz9PyPnvhk58VaV/1+Rf8AoYqaKSTsrGWIsmrGw2jeHUkdG8Qzko20405uoOP79SzPpVloM1lYX895JPdRSYa1MQQLuHPPOd36V1Omaze6H4BuruxKCQanInzLkHcR71Ynn8cBtssumg5xgTf/AF6hzvoYc8nucl8QZPN1yB/W3H/oTVyNb/ipdQXUIV1H7N5vkjabdsrjJ6nPXrWDWkNInVT+As6dIkWo28kkayIr5KNnB+uOa67UbRdQik1O0eSRWwJ45SXeJugGf4lPQH2+tcZaBXvoVkkEaFsFznC+/FdNbz3Wh6iySJ/syR5GHUj1HGMHgj2qmi6bXNqXtIla80rUbKR2cm3Dx5P3fL5AGe3Jqncps0G3lB+aS6lJ+gCgU2yllstTBiQsZEIVfVXXj9CDT75gdE0te+JpD+L4/pSSLla2gkrhfDtrF0LXcr49gqj/ABrVswsfg0B1BE1wxIPoOP5isG53LBaRngCHdj3Zic/iNtb2u28cWj2enuGUQwb2wSOW5P6g02TG6TZP4L8p9OvjEMR/bH2gem1KKk8C6LqEegMxtG2yzmRCSBlSq+v0ore6PNsxWe31LzdNunUfO32eXPzI2TgZ9D/9b0rEgjkjNxoF5tVi26Bs/wCrlxxj/ZYYz9QaytOngi1K7id+fOby3Y+hPPtXRaug1XSo9SiYG6tcJMR1Knv+B/rXM1ys9JS9rDn0T7GfaRi40uGJ1Ie2v0HPXa/UfmtVtYj/AHWEGfMu53XHf5go/lW3awveSLdgDFz5MrAf89FkCufzyfxqm0Ahntppx8lpa/aXHq7MxA+ucflVozktDmNcVY50gXpAojz7j73/AI8TWcOlX7uCSSza8k/jmwP9o4JJ/lVFelNkUzuPhOwTx7asSABHJ1/3TXfaB4B1LT/iG2uy3tnJatPNII0kJch92OMYyM8815r8O9Jsdc8YW1jqEJlt3jkJXey8hSRypBr0LwvceC4vHaafpei3dvqUMssazNOzIpUMG4LnIIB7d6xnvc4sXfnfL2NH/hCr7/hF/E+m/a7LztRvWuIn3nYoLA4Y44PB9aw734f6ve3El1d23hqSdsBnM9wN2AAOAwHQelbn2/wt/wAIv4ln/sm5+xRXpW9iMrZml3D5gd3AyQcDH0rkruw8Iat4D1jWdG0ee1mtHSNWmmcnJZckAuRjBxyKmEmYU5TWpm6r4Yi0ye+sbzTNOWRNNe8hls5Zzgg4Gd7n34x6VxWi6o2i6rFfiFZjGGHlv0OVI5/PNeqeI4zPq6W6FfNm8OFY1LBdzFunJFec/wDCIa3/AM+f/kWP/wCKrWnK6OyErq7NHTPG8Gnw3ytppeW8R0dhLtUb+uFwePYn8anvvH0V3Kr/ANmHy0QKiPNnGBwfu88/5zyOWv8AS7rTJxDeRCKRl3hdwbjJHY+xqp5dXPlm05dDaPNfmTOp07xottBKlxYGaWRQjSJMEyobPTaRnGBn065qWHxyv2wyz2BlgFy9z5QlAG5mJ/un2GfYdK5Hy6PLpJRV/MbUmdL/AMJRaXM8s+pWV1PJI5crBdeUvPJ/hJ6+/SptM8a/2VqJmgtpns2G0281wCSpGCCwXB9uB29M1ynl0uyp5IdgftHo3od+3xWuPKCrpUEjqMBpn3ficAH8z+VZNv43kbW21a+tnuLkkZPmhQAOigbcADsP/r1y2yjy60pONJ3ijlngoz0keg3HxPguNR1K5OjFI76Ly3i+0dDtxu+7zXAecP7v603yxRsqVCCbaW5vTpypq0RfOH939aPOHp+tN2UbKdomvNU7jvO/2aPP9qbso2UWiF5j/PH939aPPH93j603ZRsotELzF8//AGePTNHn/wCz+tJso2UWiHNU7i+ePT9aPPHp+tJso2UWiHNU7i+f7UfaOMYpNlGyi0Q5qncXzx/do8/2pNlGyi0QvMX7R7Uv2gf3abso2UWiHNU7jvtA/u0faB/dpuyjZRaIc1TuO+0DP3ePrR9p/wBmmbKNlFohzVO4/wC0D0/Wj7QP7v603ZRsotEOap3HfaB/d/Wj7QP7v60zZRsotEfPUJPtI/u8emaPtA/u/rTNlGyi0Q5qg/7QP7v60faR/d/WmbKNlK0R81TuP+0+360faB/d/WmbKNlO0Q5qg/7QP7v60faB/d/Wm7KTZRaIc1Qf9oH939aPtA/u/rTNlGylaIc1Qf8AaB/d/Wj7SP7v603ZRsotEOap3H/aRnO39aT7QM5K/rTdlGyj3Q5qncf9oH939aPtH+z+tM2UbKPdDmqdx/2gf3f1pPtH+zTdlGyj3Q5qncd9oH939aPtHtTNlGyi0Q56g/7R7frR9oH939aj2UuynaIueoP+0D+7+tH2gf3aZso2UWiHNUHfaPal+0Duv60zZRsotEOap3HeeO6/rR9oH939abso2UWiLmqdx32j2o+0D+7TdlGyi0Q5qncXzx/d/Wjzx/d/Wk8v3o8v3otEOap3F8/2o88en60nl+9Hl+9FohzVBfPHZePrR5/tSeX70eX70WiHNMXz/ajz/ak8v3o8v3otEOaoL5/GMUvnj+7+tN2Umyi0QvMd5/tR54/u03ZRspWiF5jvPHp+tHnj+7+tJ5dJso90d6g7zx/d/Wuj8LeLIPDpvXe0aWWeHyo2VwNnPJ5z2rmtlGylKMZKzIlzyVmd1efEGxufDdvpS6XMhjLM0glB3luSTx74/AVHpPxIm06zjs57JL2GFdsBlfEkYzwu7uoHABHHHOK4nYKNgrSUoypqm1ojl+pR5uY9BvPif9ptrhYrBopnUJGwcYjXPPQDk4AOMcCsGHxBpxgDXcWoy3RPLR3CKg+gKk/ma5zYKNgrNUqa2RvTpypq0TrbbxosOnm3e3meWOfzoJfMAK5GCv0P9TVi28dxKrfaLGRpJJJXdo5Npw6KDjjrlQfpxXFbPelxT5Vy8vQu09zprbxbbxSTbrD92SPK2EB09ctjJPU8/wAq2k+I1sMM2nSlzbNbuVkAzkg5B7c9a4WzsLnULpLa0gkmmbO1I1yTxmtP/hDvEf8A0Bb7/vyaFCCkpJakzlNq0md54auY720h07TtFW4n1S2uJmaa7KbPmaMj7pwCFHp3qxZfDvVbK+gu4fDeniaCRZYydScgFSMcY9qf8P8AT7qw8UeH7e7heGZNOuS0cgww/fORkfQiqGkafoUHhS413XEv5CL94P3FwR3GOMjiplN8zOGcpc1jb/4RDVovA0ujTLbrfS3xuiolyoTIJ+b1rO8WeFNS1jWEvrB4Et9gUh5tpLAnt+IrThuPC7eB/tMUGo/2T9tCFWkPmmXjBzu6dOM1V8ZTeGbLXRb6xbXr3rRKVMEhVSD06MO+e1ckW+Zl05PY4jxypXWLdSCALcYz6b2rlq6nxxpdvpWsQQW0bxo1urkPIXOSW7n6Vy1dUPhPSpfAifTraS71SG3iAMkjYXPrXUruv9OktJVIvbFSYsjloxyyfUckewIrmdJkMOsW8qnDLICDXaa2oWW11yy25Zx5oU/dkHqPcDmqbHGN1cNLCXL6DNjLIZYH99uWH6N+lZksUlz/AGVZRj52gVV/4G7Efoa2YLcWpleEEQq7zw+yyW7EY+mAPwoktxp9/f3xHy2NultB6eaYwAfwBP50DM+1gXU/FSwou+BJcYPTy0AA/MACoPFzvd3Mk4uCkbS+WFI4C/dHT6VqaNAbDRLi+Zgs11+5h45AHVv8+g9a5X7Ld69rh05biMMpJVnOBwKaWpFVpQs1ueneFLefTtH+zR67FPGr/KRjCjavA9u/40VW8CW9tbaLc2tyITNBdvG7ryH+VTn8iPyorTk8zglimnbkZwviBrjVkXUYtLW2tbZirvH0Y7uf1z+Zrf8AD11bTOIFK+Tcx+XIg6e3+fesa3t7i/v9T0ufUorC2V2lMIbKZ9B9O/PbpTNDWBIV2bPMifJZTzweP5Vk9j0qN/aXXU63w7GY9OmtZQC9vcvGTjtwePqeay/EANzfrpNrxLMweYjsoGF/Ada3vMjspdSnwWDlJVRRlnJUKAPckVg3Qaxgn3SodTu8tNIvIjB6IPw4/XtTQTRz3iVlRYbSAgQQHaAB1Prn86wBTrm6luJiJCDtOBjpTabMqclLVHS+BtdtfDXim31O8SV4I0cERAFuVIHUj1rvbTxx8O7HW21i20PUUvizOZevzNnJwZO+fTvXj9FQ0TUw0akuZnpPh7xt4bt7DXLDWrK7ubbUb57gJGoHynBAJ3Ag5HapNY8ZeDk8Galonh/Tby0a7Kt+8GVyGXkksew7V5nSUWRH1ODdz1W68ceBtUitn1bQLy6nggWEOzYHHphhxyecZqp/wkXwzPTwpdD/AIGf/i681oqeRDWEh/TPRz4h+G3bwxcD6sf/AI5VZ/EHgLd+78NyY7ZDf/HK4Gijk8y1h4rZndf2/wCCO3hv/wBC/wDjlO/t/wADY48Nt/49/wDHK4Oij2aH7Bdzu/7f8Ef9C4f/AB7/AOOVIuv+AD9/w3Kc/wB3cP8A2pXAUUezXcPYLuejDxB8OB18MXB/4Ef/AIuqWr614FuNJuYtO8P3EF4yYikLEhWz/vntn1rhqBTUBKhFO9xKKWiqNxKKXFGKBCUUuKMUAJRS4oxQAlFLijFACUUuKMUAJRS4oxQAlFFFABRRRQAUUUUAFFFFABRRRQAUUUUALRSUUALRRRQMKKKKACiiigLhRRRSAKKKKACiiigAooooAKKKKACijFJQAUUuKMUAJRS0lMAoopcUCEopcUYoGJRS0YoExKKXFGKAEopcUYoASiiigAooooAKKKKACiiikAUUUUDCuo0e+8KQackep6XLPd7mLyb22n0wAwHT2rl6DQ1zKxDSaO5/tPwH/wBAKT/v4/8A8co/tPwH/wBAKT/v4/8A8crhqXFZ+x82T7NHbHVPA3bQpP8Av5J/8cqePUfh4y5l0O53ezyH/wBqVwNLR7LzYOmj0RNR+GGPn0K93f8AXR//AI5Ui6l8LB97QtQx/wBdH/8Ajleb0lWo+Zm6CfVnpf8Aanwo76JqP/fx/wD45S/2n8Kf+gJqf/f1/wD45XmVLVWJeFi+rPW9G8XfDnQNQ+26bpepQ3AQoGLM3B68FyKzdB8T+FD4Sl0bxBDdyo961yFiBx2xyCPevN6KTjfUX1OFj0rXvFHhNfBo0Pw/DeRg3SzlZgSOvPJJ9OlaWteJvh14g1Jb7UbfUGuVQICoZcAcjgHHevI6KnkQLCQS3Oq8e67p/iDXIbrTfM8hLdY/3i7TkMx9fQiuVooq4qysjqhHljYWFlW6hZxlQ4Jr0bS1j1DT7vTwVKTR748f3wMg/wAvyrzhIjPMsYZVJycseOmf6V2vhkxQvYzQABgQGwTzng/zolZIKDk5tLqdZoAjudAtS67iEMZLD+6SP8aytWjbVNXj0mDiKNzPdSdgSec+4BAHucVqxynTrC5SGMyTG6kWGIdSznIH05yT7GsW9J0bTp7a3lEl7Kd95OedxwTt+n+e/CuaNaXM7xHfXUs8UGmAGNcQwxKuTgeg79P5VhWGlJJ58V3FPBewsGc7sMQf/rj9RSWE15qV19phvWt7m3YMg25B7Z6/07ir0VprD619smliuGl+WQ+Zj5P/AK3bGelbx9xXZ5dWSxU+SF1Zo7bwNpcdpotwi3T4NyzfNGM/dX3oq94ck2adIseNqykZJ68Dmiuf2sux2vBwTtc8uhGkweJJ/wC0HlurUu/zIpBLZPb/AOvVjTbK2eWa4gMiwmQiNCfmC9s471Z1XUtS0/X01G5sIVjjYqkWQVweD0Oc+9VbFf7WurrUp1VfOcny4xhQau/u3HGykoxVzsZ9Stkt4pYWWa88hFz1CccH0zg/r6HngdTkvjqH2Y3JxIeHc9fqfrT579tM1KWFVDRDHHpxWVf3rXty0u3aP4cdqqnGzv0MMTU56dkrSNO4ivRpEVl9jjYo+8yRnLHg9eM96zmtLmNcyQSLkcZXGa6XSrhb+0EjZzGCsnuR3/lVTUJS07J6dfeiUk5WQUlKNBTlK7MHbJ/zzNPSC4lk8tIWZueAPSryrkbiflB6e9WYj9m06Sb/AJa3GY0b0UY3H6nIppIVWpKKMZEkdsLGxNDRThgPKfJHAx1q/b/LKCau3cQa3Zz1TkGtIQjKVmc2LxNShRdRdDEWKVxxGeOvSkCTN0ic1fhlndljU7iTjkCr7WzAwmV8xyhiPVseuO3tW08NGMeZs8uhm1etUVNJXZipbXDjKwOc9KDa3WGP2eTCnaeO/p+ta90kcceFjXcflHFWtLjFpFdLIimQIHR8cjovX8R+tcmnLzI9evWq0pcrOejtrmZisVvI5AycChba5lYiOCViM5AU9q6q5ZdLtLd42/0l1JKkZDA+v0wMU6FrZ7aC7tAzNbqFlU8Ej1P59j3pX6nO8fJK3U47E2/Z5bhvQrg1J5E/eJ/++a3bm1W5vbmXc24yEofQdv0qqs7qzRsmWU4PNUo8y0OuNdwjz1dnsY5WUDd5bbfWgFiwUKxJrr4re0vdIUwMzTWyFnDjaWB5I4yPXHJrHhsY/tLxsMqoyBXZ9WXLc8L+3KjqOCRmeRcf88X/ACqKQvE22RSp7giuq8krDuH8RxVS8ggePZcnbjkMASVNcVNc8rHv4qr9Xoqo3r2MGLfO+yNWZj2UZpyxzNK0YjYupwwx0OcfzNXtDvorK/VT+8jBYlwOTgHHFFpqsdvLLIYXeWR1Y8jjAI64Pc56dhRKLTsVGspRUk9yrJaXcKgy28iAnA3LjNSf2df97Sb/AL5NdDYMbqdrqQeZFbJlFXGMklQeQPRuw7Va1rVYdLARctOVyBg8Z9T0/Kud1GpcqRpLmUeY42SOWE4ljZD1wRTPn/un8qupvuH82Rslj1POMdTz6Z4/GtOw0RZ7f7TeTMluvO1ep9z1/qa6owvuctXFey3Of+fptOaciTSSeWkTM/8AdxW4154bR2RLOaVVPEgGM/mQf0qSKy03VFA0u5kWY/dhnU4J9j2/M1aonM8xlH4lZGK9hfRoXe0lVR1JU1GlvcyBjHbyuFGWwvSun0nVHSc6fqSglW8osfmKt0weuR+dR6lYyaLfJc28pEDnC46xt3HuD/n3bpK10EcbV9r7OXXY5yGC4uB+5hd/XApJIbiFtssLo2N2GHb1rVtpntdQ3xJsDZZUzlSfT6H9M/jWprsUc8OnXka4E4KYz1BGcH6HNZ8sWm+xvKvWhVjGWzOUw+SNpyBk8U1mKnB61pRDcQD/ABwnP4A/4VJdTSXGmgW9ikNuANzBgSf5Gs7ndJSSMpN8hwqknGeKf5U//PF/yq890dZu4IxCkHkpgmM4LfWi/AsvKkjznNXZXsYuc7cy2KDpLGAXRgCccilWKdxuSJip6HFLd3/2mNUC45yfermiSl91r3HzL/Wq5dNTOVaTmox2KfkXGCfIkwOvymozvBxtb8q6LUG8pPKXjHFZaxl2wDWS1VzonzRlyplH5/7pp7xTRtteJ1bGcEY9617GKNrozSJm3gXzHX+8B0H4kjP1NVpne4nkldssxLGtVFWMXVnzNIomKcf8sn/Kk2S79hicN6EVvxxia2G7o45rOMpjZo0fcqnHPP8AOtqVCM1dnmY7M6uGq8ltCi6Sodpifd6YpywXD52wOcDJ4NbEcE7WbyhhwFZm6YDEAcdz3qUwxRoWKg4HJPJqK9ONNpdzXL8ZXxcZS0SRjfZLsMFNrLkjP3ah8udmCrFJknAwp5rc0+2H223lnjRoXcJtPOM+3StjyoXhu7yVgiIwRCFzgjHP5AenU1hP3WX9cq3szjntrmOTy3glD4yFKEU145omw8LofRhiuss7i31cSwzMBduR5a7SBwOOecdT+dV78fbVslYkYRs49eKSf8w4YydR8kOuxzginYZMT/kaQrKrbfKfI68VruWtW8v76fw9sVo6THZXbTRXBdJ5RhQV6BcnIIzz+XpW9Oi5y8gxeYrD07r4l0OUy39xqkWGZhlYpDnp8prTvLMw3oRsA7yjAdMg9fxrStrZVXAOAgyBV16KpQuY5bmNTGVeV6I5iVZIV3PE6j1IqJZM98muokgBDB1G0jBHWsGXyLC83wYkDLwpBGw/1rCMG4cx21cUoYj2KZEY5kdFeJwz/dBXGe3FS/ZLsx+YLWXYed204xV/UdTtjqschRykSLsKgdCgx19Cc1ctrp9T8i0QvFHMVRhkcDOOwHYH8hWbdlc3jNydkYkdpdSpvjtpXU9Cqk02a2uYU3y28iL6suK7qW5trTTTcEGNFJULtyeP0/WuRur+TVbosfljXkKOOP8AHn/PGIpzc3sOTlHczucZ2nGcZx3oy39w1sWOlS6hOyRyBUjwHkA6Z6AZ5/z1qzcL4d05jFKJZ5V+/hTwf0rpjTTOKpjmnaKuc+N39xqnFjekBls5yD32Gthf+EfvDstp5rSZ+EEiFlb6gf4ipUlvPD199kuQHhk5UK2QwPcdwfY//Xq/ZK12ZLMJyuoqzRzyxTu+xYHLE4AA5zz/AIGm7JTKYhDJ5g4K7ec+ldjq2k/abb+0rFsMi7pB0DKO/PQj/PTnCnnadoLk5MgH+sB+8vbI9Qe/+HMypxizbDYqpXjp03M2S3uol3yW0qr6suKjw391uuOneuwlP9q+G73cB5sS7yf73G4H2yM5H19a59gD5kmOS6N/30AT/KpnFJI1wtadVyi90ZzEr1BHOOaQOT65+lbSzrC08MFiks7NkSu3QHnof8aojUQNOawNtE0kj580jkZqUjac3F2IfJn/AOeL9M/dNIY5QpbynwP9k1py2KQWMjksXRMglqpjVGNs0ZjBcjGarlTXuk+0nB+/1KqF5PuIzY9KeIpi2PIk/wC+TSadcfZ7td2dj/KQP0NdM8YggY9GbI/KlUSjYKEp1G7vY5llkQ4aNwfpTfmPRG/KtB8yMSe9AiJZUAyx6Uco/aO3MUQkpj3iJtpOAccE0ojlIyInP0XNa+obVmW1T/VWw2D/AGm/iP4mnWXKMvoarlRmqs2roxdkn/PNsepFDRyogd4mCnuRWndKbW4Ijc4bkjt1p9kk17KqqV5ZUAAAyT0BPpXV9VieFLPKqdrGQElJAEMhycDCmpfstyBk20oA9VNbEECupeT5jjqRwOegFV5Ldppm8kBQowQDgH8K5GouTSPZ9tWjRjVl16GY8c0bYaCQH3XFKYJxCspgkCNjDFeDXYw20dy1kiIqRGMTOoHc/wCT+dVhf2sV+LWSQfZEZgsmwnJI6Y68AnnHNZ3vsjH6+/taHLNHMihnglVT0JXg0gSVvuRsR7A11t0vlWV3ZBiwDKYyfQkf0NZT25tQZIzlCRuUnp7inGz0NaWKnNcz2W5jlJlxujcZ/wBk0071+9GwPuK6Gynga5he6JjizkEjcG44B9B+BqXXNLS2fCDKMvmJz0Hcfhwfxrqhh7rU8/GZyqVTlhqjmlEj/djY49BTmSVVyYnA/wB01t2dogjXbnc2OSelW3ibzdvbGB7VhUjyz5Eepgq0q+G9tJ2OT80VKVk8rzfLfYDgtjir2q2dtC3nKwRwcsmDg8/TAq1calG/htIzHt8yZ1Kr/DtVcc+nNFSHIxYbFe2i2ZkNndzjMVrM/AJ2oTwehpY7K9mlaOO0nd1+8FQnH14res9fXAWBZI9pVVc7Qc7QuMYPZc9u/rXV6F5EFntkDedLH9plkbkNu57c8DHbtXJVrOmrtHZCMpK6POjpeoqCWsLkAZyfKPHGaqhJGYqsbbhyRiuv1/xL9rZrK0GIs4dgMbj6euM4P+eMy2tHldLaAq0kjhen3j79BxxgdMe9a0pSmryRnUqqnHmkYeyUgMImKnoQKXy5cE+TJgdcLXby6LomjwrLrl28srD5VVW2/QYH65H0qCO78GzyeUhu7Rz92RVPB/DP8q6FTueZLM3e6Why0On39ynmQWNzInZkiLD9BTJLO7gfZNaTxtjOHjI9fb2P5V111Bf+HRHqllcrNZO20zJlT7BkPXPqK6Ii08XaKfL/AHF0h4YD7jEZ645U9x1/EVcaKk+XqZ1cxnCKqpXi/wADy+W0vINnnWk0fmZKb0I3D2yOeoqX+y9R8sP/AGdd7CM7hC2MevStyS6uRp82mXibntnPAI3RSA8FT0wecjp3GCK6HwnrTy+RYXAL+aG8snoGAyVPtjkemPcYySi5cp21q1anRdVK6/Q85EUp/wCWT9N33T0zjNDRyhcmJgMZ6V0NxD9m1Ge07Q3M0IPqvUfqKbBcWlobWe5s/tWUZFTcAAc5zyDnr3rKTs7HfRj7Wkql9zBsjbG8jF5vFvzv2dcYrotEsjb26TiZwrndtB4Azxn3qIa4dP1uS7u9LgcNGY0h42oPbrTtKtUuIZJpNypI+5YlPyqCelD2FTVp+6rs7fVL+K1uLj7I4a7kOC/UQ5AyB2BOBn6c9AK87uLjUby8msllBbk8nBfv+dSJrJsbmaFoy8aucYPIrJmv3k1L7YgKMpyoz0q6cWpWexz4mqp0v3ekup0k11c29nYImjLG1uf3ssRDeYvcZGcZ6/lWtPMLa1DYIZhk5HOMcfjTNPmW5gW8jzsChwD6+lZWoXLTzspJwKynacuV7I6MOpUaPtL3lI7Twe5l0qd26m4b/wBBWipPAkYbRJzk/wDHy3/oK0Vtc5+Vn//Z\" style=\"max-width:100%;\"&gt;&lt;br&gt;&lt;/p&gt;&lt;p style=\"text-align: center;\"&gt;&lt;br&gt;&lt;/p&gt;&lt;p&gt;&lt;br&gt;&lt;/p&gt;', '1', null, '陈志云', '2019-02-13', '20:25:03');
INSERT INTO tbl_bbs_sys VALUES ('554', '1', '&lt;p&gt;2&lt;/p&gt;', '1', null, '陈志云', '2019-02-13', '20:38:43');
INSERT INTO tbl_bbs_sys VALUES ('555', '45', '&lt;p&gt;5&lt;/p&gt;', '1', null, '陈志云', '2019-02-13', '20:40:36');
INSERT INTO tbl_bbs_sys VALUES ('557', '3', '&lt;p&gt;33w三&lt;/p&gt;', '1', '47', '陈志云', '2019-02-13', '20:48:25');

-- ----------------------------
-- Table structure for `tbl_bbs_wx`
-- ----------------------------
DROP TABLE IF EXISTS `tbl_bbs_wx`;
CREATE TABLE `tbl_bbs_wx` (
  `id` int(11) NOT NULL AUTO_INCREMENT,
  `title` varchar(255) COLLATE utf8_unicode_ci DEFAULT NULL COMMENT '标题',
  `content` text COLLATE utf8_unicode_ci COMMENT '内容',
  `imgurls` varchar(500) COLLATE utf8_unicode_ci DEFAULT NULL COMMENT '图片',
  `openid` varchar(50) COLLATE utf8_unicode_ci DEFAULT NULL COMMENT '微信openid',
  `createdate` date DEFAULT NULL COMMENT '创建日期',
  `createtime` time DEFAULT NULL COMMENT '创建时间',
  `last_reply` datetime DEFAULT NULL COMMENT '最后回复时间',
  `userid` int(11) DEFAULT NULL,
  PRIMARY KEY (`id`)
) ENGINE=InnoDB AUTO_INCREMENT=532 DEFAULT CHARSET=utf8 COLLATE=utf8_unicode_ci COMMENT='微信用户帖子';

-- ----------------------------
-- Records of tbl_bbs_wx
-- ----------------------------
INSERT INTO tbl_bbs_wx VALUES ('524', '中秋奇葩的月饼，最后一款竟是。。。。。。', 'http://mp.weixin.qq.com/s?__biz=MzAwNzM0MTkwMQ==&mid=2658439791&idx=1&sn=99fb5089f1ef71106505d99a2e59aff5&scene=1&srcid=09161L8AaWXCcRNwyWfLjeEa#rd', 'null', 'openid', '2016-09-16', '21:40:32', '2016-09-16 21:40:32', null);
INSERT INTO tbl_bbs_wx VALUES ('529', null, '长沙，琴岛演艺中心。\r\n\r\n    几十个座位，几十平方米的小舞台，几个本土歌手，几个相声小品演员，简单的小乐队，加上一个主持人，就成了一台演出。\r\n\r\n    观众一边品茶，一边点歌听歌或观看小品相声。上世纪80年代末，“长沙歌厅现象”享誉全国。\r\n\r\n    2000年以后，“长沙歌厅”这一现象级文化产业的光环，逐渐消退。\r\n\r\n    如何续写荣光？2015年，琴岛与陌陌直播平台合作，试水文化演艺直播。', null, 'o5kXljm1CXR4fopA_mEA8z8lW5Rw', '2018-12-12', '00:19:38', null, null);
INSERT INTO tbl_bbs_wx VALUES ('531', null, '测试发帖子中华人民共和国', null, 'o5kXljm1CXR4fopA_mEA8z8lW5Rw', '2018-12-12', '01:17:48', null, null);

-- ----------------------------
-- Table structure for `tbl_bbs_wx_reply`
-- ----------------------------
DROP TABLE IF EXISTS `tbl_bbs_wx_reply`;
CREATE TABLE `tbl_bbs_wx_reply` (
  `id` int(11) NOT NULL AUTO_INCREMENT,
  `bbswxid` int(11) DEFAULT NULL,
  `content` text COLLATE utf8_unicode_ci,
  `openid` varchar(50) COLLATE utf8_unicode_ci DEFAULT NULL,
  `createdate` date DEFAULT NULL,
  `createtime` time DEFAULT NULL,
  PRIMARY KEY (`id`)
) ENGINE=InnoDB AUTO_INCREMENT=320 DEFAULT CHARSET=utf8 COLLATE=utf8_unicode_ci;

-- ----------------------------
-- Records of tbl_bbs_wx_reply
-- ----------------------------
INSERT INTO tbl_bbs_wx_reply VALUES ('309', '527', '测试回帖!', 'o5kXljm1CXR4fopA_mEA8z8lW5Rw', '2016-09-16', '21:48:49');
INSERT INTO tbl_bbs_wx_reply VALUES ('310', null, '你说如何发展', 'o5kXljm1CXR4fopA_mEA8z8lW5Rw', '2018-12-12', '00:20:03');
INSERT INTO tbl_bbs_wx_reply VALUES ('311', null, '回复一下', 'o5kXljm1CXR4fopA_mEA8z8lW5Rw', '2018-12-12', '00:24:16');
INSERT INTO tbl_bbs_wx_reply VALUES ('312', '529', '行不行', 'o5kXljm1CXR4fopA_mEA8z8lW5Rw', '2018-12-12', '00:27:07');
INSERT INTO tbl_bbs_wx_reply VALUES ('313', '529', '我不知道', 'o5kXljm1CXR4fopA_mEA8z8lW5Rw', '2018-12-12', '00:27:16');
INSERT INTO tbl_bbs_wx_reply VALUES ('314', '529', '测试ajax请求', 'o5kXljm1CXR4fopA_mEA8z8lW5Rw', '2018-12-12', '01:03:30');
INSERT INTO tbl_bbs_wx_reply VALUES ('315', '530', '我来说一下', 'o5kXljm1CXR4fopA_mEA8z8lW5Rw', '2018-12-12', '01:12:18');
INSERT INTO tbl_bbs_wx_reply VALUES ('316', '531', '随便回复一哈中', 'o5kXljm1CXR4fopA_mEA8z8lW5Rw', '2018-12-12', '01:18:33');
INSERT INTO tbl_bbs_wx_reply VALUES ('317', '532', '测试回复', 'ogp3k1KwWPB_t1wGXbHcZc8EwJcc', '2018-12-16', '02:22:39');
INSERT INTO tbl_bbs_wx_reply VALUES ('318', '532', '一个多月你们慢慢', 'ogp3k1MGZPjLzwIXrFkZo7YwQdgI', '2018-12-17', '16:09:47');
INSERT INTO tbl_bbs_wx_reply VALUES ('319', '531', '玩具', 'o5kXljm1CXR4fopA_mEA8z8lW5Rw', '2019-02-12', '15:48:45');

-- ----------------------------
-- Table structure for `tbl_book`
-- ----------------------------
DROP TABLE IF EXISTS `tbl_book`;
CREATE TABLE `tbl_book` (
  `id` int(11) NOT NULL AUTO_INCREMENT,
  `name` varchar(50) COLLATE utf8_unicode_ci DEFAULT NULL COMMENT '书名',
  `category` varchar(50) COLLATE utf8_unicode_ci DEFAULT NULL COMMENT '书籍类别',
  `series` varchar(50) COLLATE utf8_unicode_ci DEFAULT NULL COMMENT '书籍系列',
  `isbn` varchar(50) COLLATE utf8_unicode_ci DEFAULT NULL COMMENT 'ISBN号',
  `imgurl` varchar(255) COLLATE utf8_unicode_ci DEFAULT NULL COMMENT '书籍图片',
  `author` varchar(50) COLLATE utf8_unicode_ci DEFAULT NULL COMMENT '作者',
  `editor` varchar(50) COLLATE utf8_unicode_ci DEFAULT NULL COMMENT '编辑',
  `price` decimal(11,2) DEFAULT NULL COMMENT '价格',
  `score` int(11) DEFAULT '0',
  `publicationdate` date DEFAULT NULL COMMENT '出版日期',
  `publicationpress` varchar(50) COLLATE utf8_unicode_ci DEFAULT NULL COMMENT '出版社',
  `describes` varchar(255) COLLATE utf8_unicode_ci DEFAULT NULL COMMENT '书籍描述',
  `userid` int(11) DEFAULT NULL,
  `createuser` varchar(50) COLLATE utf8_unicode_ci DEFAULT NULL COMMENT '创建人',
  `status` int(1) DEFAULT '1' COMMENT '状态',
  `createdate` date DEFAULT NULL COMMENT '创建日期',
  `createtime` time DEFAULT NULL COMMENT '创建时间',
  PRIMARY KEY (`id`)
) ENGINE=InnoDB AUTO_INCREMENT=14 DEFAULT CHARSET=utf8 COLLATE=utf8_unicode_ci COMMENT='书籍表';

-- ----------------------------
-- Records of tbl_book
-- ----------------------------
INSERT INTO tbl_book VALUES ('8', '快乐儿童钢琴曲（上）', '', '', '', '7e5134f6-edc3-4061-b714-a44a71178df2.jpg', '许乐飞', '刘人博', '0.00', '333', '2018-12-20', '湖南文艺出版社', '', '47', '张三', '1', '2018-12-20', '10:43:45');
INSERT INTO tbl_book VALUES ('9', '快乐儿童钢琴曲（中）', '', '', '', 'b67b4b6b-e46c-410d-9cc3-3b204f7515ce.jpg', '许乐飞', '刘人博', '0.00', '0', '2018-12-20', '湖南文艺出版社', '', '47', '张三', '1', '2018-12-20', '10:44:35');
INSERT INTO tbl_book VALUES ('10', '快乐儿童钢琴曲（下）', '', '', '', '16fb4508-1956-45a8-b86f-9dbace8c493b.jpg', '许乐飞', '刘人博', '0.00', '0', '2018-12-20', '湖南文艺出版社', '', '47', '张三', '1', '2018-12-20', '10:45:07');
INSERT INTO tbl_book VALUES ('11', '快乐儿童钢琴曲（合订本）', '', '', '', 'dbe2e9ba-2a78-4cb9-9aee-ce565eddaa2c.jpg', '许乐飞', '刘人博', '0.00', '0', '2018-12-20', '湖南文艺出版社', '', '47', '张三', '1', '2018-12-20', '10:45:43');

-- ----------------------------
-- Table structure for `tbl_book_catalog`
-- ----------------------------
DROP TABLE IF EXISTS `tbl_book_catalog`;
CREATE TABLE `tbl_book_catalog` (
  `id` int(11) NOT NULL AUTO_INCREMENT,
  `bookid` int(11) DEFAULT NULL COMMENT '书籍的id',
  `name` varchar(50) COLLATE utf8_unicode_ci DEFAULT NULL COMMENT '目录名',
  `describes` text COLLATE utf8_unicode_ci COMMENT '资源描述',
  `price` decimal(11,2) DEFAULT NULL COMMENT '价格',
  `restype` varchar(50) COLLATE utf8_unicode_ci DEFAULT NULL COMMENT '资源类型',
  `resurl` varchar(255) COLLATE utf8_unicode_ci DEFAULT NULL COMMENT '资源地址',
  `reslink` varchar(255) COLLATE utf8_unicode_ci DEFAULT NULL COMMENT '资源链接',
  `status` int(1) DEFAULT '1' COMMENT '状态',
  `createdate` date DEFAULT NULL COMMENT '创建日期',
  `createtime` time DEFAULT NULL COMMENT '创建时间',
  PRIMARY KEY (`id`),
  KEY `foregin_bookid` (`bookid`),
  CONSTRAINT `tbl_book_catalog_ibfk_1` FOREIGN KEY (`bookid`) REFERENCES `tbl_book` (`id`)
) ENGINE=InnoDB AUTO_INCREMENT=304 DEFAULT CHARSET=utf8 COLLATE=utf8_unicode_ci COMMENT='书籍目录';

-- ----------------------------
-- Records of tbl_book_catalog
-- ----------------------------
INSERT INTO tbl_book_catalog VALUES ('18', '8', '1.杨基歌', '        ', '0.00', null, 'eluoen0001/wylrb/CG5cipGGDRAQFjHsRYkZ.mp4', 'http://www.bakclass.com/rsc/4643', '1', '2018-12-20', '10:46:28');
INSERT INTO tbl_book_catalog VALUES ('19', '8', '2.交城山', '        ', '0.00', null, 'eluoen0001/wylrb/GSaR7EQWiRhyiyrSQRek.mp3', 'http://www.bakclass.com/rsc/4644', '1', '2018-12-20', '10:47:12');
INSERT INTO tbl_book_catalog VALUES ('20', '8', '3.小白菜', '        ', '0.00', null, '', 'http://www.bakclass.com/rsc/4645', '1', '2018-12-20', '10:47:23');
INSERT INTO tbl_book_catalog VALUES ('21', '8', '4.玛丽的小羊羔', '        ', '0.00', null, '', 'http://www.bakclass.com/rsc/4646', '1', '2018-12-20', '10:47:33');
INSERT INTO tbl_book_catalog VALUES ('22', '8', '5.粉刷匠', '        ', '0.00', null, '', 'http://www.bakclass.com/rsc/4647', '1', '2018-12-20', '10:47:45');
INSERT INTO tbl_book_catalog VALUES ('23', '8', '6.划船', '        ', '0.00', null, '', 'http://www.bakclass.com/rsc/4648', '1', '2018-12-20', '10:47:54');
INSERT INTO tbl_book_catalog VALUES ('24', '8', '7.找朋友', '        ', '0.00', null, '', 'http://www.bakclass.com/rsc/4649', '1', '2018-12-20', '10:48:03');
INSERT INTO tbl_book_catalog VALUES ('25', '8', '8.上学歌', '        ', '0.00', null, '', 'http://www.bakclass.com/rsc/4650', '1', '2018-12-20', '10:48:18');
INSERT INTO tbl_book_catalog VALUES ('26', '8', '9.闪烁的星星', '        ', '0.00', null, '', 'http://www.bakclass.com/rsc/4651', '1', '2018-12-20', '10:48:29');
INSERT INTO tbl_book_catalog VALUES ('27', '8', '10.伦敦桥', '        ', '0.00', null, 'eluoen0001/wylrb/TeBSJFQtBy8eehG6YiGr.mp3', 'http://www.bakclass.com/rsc/4652', '1', '2018-12-20', '10:48:39');
INSERT INTO tbl_book_catalog VALUES ('28', '8', '11.两只老虎', '        ', '0.00', null, '', 'http://www.bakclass.com/rsc/4653', '1', '2018-12-20', '10:48:48');
INSERT INTO tbl_book_catalog VALUES ('29', '8', '12.十个小印第安人', '        ', '0.00', null, '', 'http://www.bakclass.com/rsc/4654', '1', '2018-12-20', '10:49:01');
INSERT INTO tbl_book_catalog VALUES ('30', '8', '13.小红帽', '        ', '0.00', null, '', 'http://www.bakclass.com/rsc/4655', '1', '2018-12-20', '10:49:22');
INSERT INTO tbl_book_catalog VALUES ('31', '8', '14.湖上天鹅', '        ', '0.00', null, '', 'http://www.bakclass.com/rsc/4656', '1', '2018-12-20', '10:49:33');
INSERT INTO tbl_book_catalog VALUES ('32', '8', '15.布谷鸟', '        ', '0.00', null, '', 'http://www.bakclass.com/rsc/4657', '1', '2018-12-20', '10:49:41');
INSERT INTO tbl_book_catalog VALUES ('33', '8', '16.新年好', '        ', '0.00', null, '', 'http://www.bakclass.com/rsc/4658', '1', '2018-12-20', '10:49:49');
INSERT INTO tbl_book_catalog VALUES ('34', '8', '17.拔萝卜', '        ', '0.00', null, '', 'http://www.bakclass.com/rsc/4659', '1', '2018-12-20', '10:49:58');
INSERT INTO tbl_book_catalog VALUES ('35', '8', '18.小毛驴', '        ', '0.00', null, '', 'http://www.bakclass.com/rsc/4660', '1', '2018-12-20', '10:50:09');
INSERT INTO tbl_book_catalog VALUES ('36', '8', '19.平安夜', '        ', '0.00', null, '', 'http://www.bakclass.com/rsc/4661', '1', '2018-12-20', '10:50:23');
INSERT INTO tbl_book_catalog VALUES ('37', '8', '20.唐老鸭', '        ', '0.00', null, '', 'http://www.bakclass.com/rsc/4662', '1', '2018-12-20', '10:50:53');
INSERT INTO tbl_book_catalog VALUES ('38', '8', '21.春天来了', '        ', '0.00', null, '', 'http://www.bakclass.com/rsc/4663', '1', '2018-12-20', '10:51:01');
INSERT INTO tbl_book_catalog VALUES ('39', '8', '22.丢手绢', '        ', '0.00', null, '', 'http://www.bakclass.com/rsc/4664', '1', '2018-12-20', '10:51:09');
INSERT INTO tbl_book_catalog VALUES ('40', '8', '23.多年以前', '        ', '0.00', null, '', 'http://www.bakclass.com/rsc/4665', '1', '2018-12-20', '10:51:22');
INSERT INTO tbl_book_catalog VALUES ('41', '8', '24.欢乐颂', '        ', '0.00', null, '', 'http://www.bakclass.com/rsc/4666', '1', '2018-12-20', '10:51:30');
INSERT INTO tbl_book_catalog VALUES ('42', '8', '25.沂蒙山小调', '        ', '0.00', null, 'eluoen0001/wylrb/mpbt7F8KdBp7xz6StYNH.mp3', 'http://www.bakclass.com/rsc/4667', '1', '2018-12-20', '10:51:38');
INSERT INTO tbl_book_catalog VALUES ('43', '8', '26.念故乡', '        ', '0.00', null, '', 'http://www.bakclass.com/rsc/4668', '1', '2018-12-20', '10:51:47');
INSERT INTO tbl_book_catalog VALUES ('44', '8', '27.何家公鸡何家', '        ', '0.00', null, '', 'http://www.bakclass.com/rsc/4669', '1', '2018-12-20', '10:51:58');
INSERT INTO tbl_book_catalog VALUES ('45', '8', '28.三只熊', '        ', '0.00', null, '', 'http://www.bakclass.com/rsc/4670', '1', '2018-12-20', '10:52:07');
INSERT INTO tbl_book_catalog VALUES ('46', '8', '29.红蜻蜓', '        ', '0.00', null, '', 'http://www.bakclass.com/rsc/4671', '1', '2018-12-20', '10:52:15');
INSERT INTO tbl_book_catalog VALUES ('47', '8', '30.祝你生日快乐', '        ', '0.00', null, '', 'http://www.bakclass.com/rsc/4672', '1', '2018-12-20', '10:52:25');
INSERT INTO tbl_book_catalog VALUES ('48', '8', '31.小鸭子', '        ', '0.00', null, '', 'http://www.bakclass.com/rsc/4673', '1', '2018-12-20', '10:52:35');
INSERT INTO tbl_book_catalog VALUES ('49', '8', '32.数鸭子', '        ', '0.00', null, '', 'http://www.bakclass.com/rsc/4674', '1', '2018-12-20', '10:53:00');
INSERT INTO tbl_book_catalog VALUES ('50', '8', '33.卖报歌', '        ', '0.00', null, '', 'http://www.bakclass.com/rsc/4675', '1', '2018-12-20', '10:53:11');
INSERT INTO tbl_book_catalog VALUES ('51', '8', '34.娃哈哈', '        ', '0.00', null, '', 'http://www.bakclass.com/rsc/4676', '1', '2018-12-20', '10:53:21');
INSERT INTO tbl_book_catalog VALUES ('52', '8', '35.四季歌', '        ', '0.00', null, '', 'http://www.bakclass.com/rsc/4677', '1', '2018-12-20', '10:53:29');
INSERT INTO tbl_book_catalog VALUES ('53', '8', '36.蓝花花', '        ', '0.00', null, '', 'http://www.bakclass.com/rsc/4678', '1', '2018-12-20', '10:53:38');
INSERT INTO tbl_book_catalog VALUES ('54', '8', '37.一分钱', '        ', '0.00', null, '', 'http://www.bakclass.com/rsc/4679', '1', '2018-12-20', '10:53:46');
INSERT INTO tbl_book_catalog VALUES ('55', '8', '38.丰收歌', '        ', '0.00', null, '', 'http://www.bakclass.com/rsc/4680', '1', '2018-12-20', '10:53:54');
INSERT INTO tbl_book_catalog VALUES ('56', '8', '39.读书郎', '        ', '0.00', null, '', 'http://www.bakclass.com/rsc/4681', '1', '2018-12-20', '10:54:02');
INSERT INTO tbl_book_catalog VALUES ('57', '8', '40.洋娃娃和小熊跳舞', '        ', '0.00', null, '', 'http://www.bakclass.com/rsc/4682', '1', '2018-12-20', '10:54:13');
INSERT INTO tbl_book_catalog VALUES ('58', '8', '41.共产儿童团歌', '        ', '0.00', null, '', 'http://www.bakclass.com/rsc/4683', '1', '2018-12-20', '10:54:29');
INSERT INTO tbl_book_catalog VALUES ('59', '8', '42.天线宝宝', '        ', '0.00', null, '', 'http://www.bakclass.com/rsc/4684', '1', '2018-12-20', '10:54:37');
INSERT INTO tbl_book_catalog VALUES ('60', '8', '43.健康歌', '        ', '0.00', null, '', 'http://www.bakclass.com/rsc/4685', '1', '2018-12-20', '10:54:47');
INSERT INTO tbl_book_catalog VALUES ('61', '8', '44.幸福拍拍手', '        ', '0.00', null, '', 'http://www.bakclass.com/rsc/4686', '1', '2018-12-20', '10:54:56');
INSERT INTO tbl_book_catalog VALUES ('62', '8', '45.世上只有妈妈好', '        ', '0.00', null, '', 'http://www.bakclass.com/rsc/4687', '1', '2018-12-20', '10:55:05');
INSERT INTO tbl_book_catalog VALUES ('63', '8', '46.红河谷', '        ', '0.00', null, '', 'http://www.bakclass.com/rsc/4688', '1', '2018-12-20', '10:55:13');
INSERT INTO tbl_book_catalog VALUES ('64', '8', '47.小白船', '        ', '0.00', null, '', 'http://www.bakclass.com/rsc/4689', '1', '2018-12-20', '10:55:24');
INSERT INTO tbl_book_catalog VALUES ('65', '8', '48.雪绒花', '        ', '0.00', null, '', 'http://www.bakclass.com/rsc/4690', '1', '2018-12-20', '10:55:31');
INSERT INTO tbl_book_catalog VALUES ('66', '8', '49.海绵宝宝', '        ', '0.00', null, '', 'http://www.bakclass.com/rsc/4691', '1', '2018-12-20', '10:55:42');
INSERT INTO tbl_book_catalog VALUES ('67', '8', '50.蜗牛与黄鹂鸟', '        ', '0.00', null, '', 'http://www.bakclass.com/rsc/4692', '1', '2018-12-20', '10:55:51');
INSERT INTO tbl_book_catalog VALUES ('68', '8', '51.世界小小小', '        ', '0.00', null, '', 'http://www.bakclass.com/rsc/4693', '1', '2018-12-20', '10:56:04');
INSERT INTO tbl_book_catalog VALUES ('69', '8', '52.兰花草', '        ', '0.00', null, 'eluoen0001/wylrb/ytJMiZyXhWhAci8MnPmK.mp3', 'http://www.bakclass.com/rsc/4694', '1', '2018-12-20', '10:56:14');
INSERT INTO tbl_book_catalog VALUES ('70', '8', '53.茉莉花', '        ', '0.00', null, '', 'http://www.bakclass.com/rsc/4695', '1', '2018-12-20', '10:56:24');
INSERT INTO tbl_book_catalog VALUES ('71', '8', '54.送别', '        ', '0.00', null, '', 'http://www.bakclass.com/rsc/4696', '1', '2018-12-20', '10:56:33');
INSERT INTO tbl_book_catalog VALUES ('72', '8', '55.斗地主', '        ', '0.00', null, '', 'http://www.bakclass.com/rsc/4697', '1', '2018-12-20', '10:56:40');
INSERT INTO tbl_book_catalog VALUES ('73', '8', '56.大风车', '        ', '0.00', null, '', 'http://www.bakclass.com/rsc/4698', '1', '2018-12-20', '10:56:48');
INSERT INTO tbl_book_catalog VALUES ('74', '8', '57.拥军花鼓', '        ', '0.00', null, '', 'http://www.bakclass.com/rsc/4699', '1', '2018-12-20', '10:56:57');
INSERT INTO tbl_book_catalog VALUES ('75', '8', '58.金瓶似的小山', '        ', '0.00', null, '', 'http://www.bakclass.com/rsc/4700', '1', '2018-12-20', '10:57:05');
INSERT INTO tbl_book_catalog VALUES ('76', '8', '59.祝你圣诞快乐', '        ', '0.00', null, '', 'http://www.bakclass.com/rsc/4701', '1', '2018-12-20', '10:57:13');
INSERT INTO tbl_book_catalog VALUES ('77', '8', '60.剪羊毛', '        ', '0.00', null, '', 'http://www.bakclass.com/rsc/4702', '1', '2018-12-20', '10:57:28');
INSERT INTO tbl_book_catalog VALUES ('78', '8', '61.哦！苏珊娜', '        ', '0.00', null, '', 'http://www.bakclass.com/rsc/4703', '1', '2018-12-20', '10:57:41');
INSERT INTO tbl_book_catalog VALUES ('79', '8', '62.小松树', '        ', '0.00', null, '', 'http://www.bakclass.com/rsc/4704', '1', '2018-12-20', '10:57:49');
INSERT INTO tbl_book_catalog VALUES ('80', '8', '63.吉祥三宝', '        ', '0.00', null, '', 'http://www.bakclass.com/rsc/4705', '1', '2018-12-20', '10:57:59');
INSERT INTO tbl_book_catalog VALUES ('81', '8', '64.小燕子', '        ', '0.00', null, '', 'http://www.bakclass.com/rsc/4706', '1', '2018-12-20', '10:58:06');
INSERT INTO tbl_book_catalog VALUES ('82', '8', '65.北京有个金太阳', '        ', '0.00', null, '', 'http://www.bakclass.com/rsc/4707', '1', '2018-12-20', '10:58:14');
INSERT INTO tbl_book_catalog VALUES ('83', '8', '66.铃儿响叮当', '        ', '0.00', null, '', 'http://www.bakclass.com/rsc/4708', '1', '2018-12-20', '10:58:22');
INSERT INTO tbl_book_catalog VALUES ('84', '8', '67.孤独的牧羊人', '        ', '0.00', null, '', 'http://www.bakclass.com/rsc/4709', '1', '2018-12-20', '10:58:36');
INSERT INTO tbl_book_catalog VALUES ('85', '8', '68.别看我只是一只羊', '        ', '0.00', null, '', 'http://www.bakclass.com/rsc/4710', '1', '2018-12-20', '10:58:44');
INSERT INTO tbl_book_catalog VALUES ('86', '9', '1.爷爷为我打月饼', '        ', '0.00', null, '', 'http://www.bakclass.com/rsc/4711', '1', '2018-12-20', '11:00:30');
INSERT INTO tbl_book_catalog VALUES ('87', '9', '2.可爱的家', '        ', '0.00', null, '', 'http://www.bakclass.com/rsc/4712', '1', '2018-12-20', '11:00:58');
INSERT INTO tbl_book_catalog VALUES ('88', '9', '3.大家来做广播操', '        ', '0.00', null, '', 'http://www.bakclass.com/rsc/4713', '1', '2018-12-20', '11:01:07');
INSERT INTO tbl_book_catalog VALUES ('89', '9', '4.掀起你的盖头来', '        ', '0.00', null, '', 'http://www.bakclass.com/rsc/4714', '1', '2018-12-20', '11:01:15');
INSERT INTO tbl_book_catalog VALUES ('90', '9', '5.祖国祖国真美丽', '        ', '0.00', null, '', 'http://www.bakclass.com/rsc/4715', '1', '2018-12-20', '11:01:25');
INSERT INTO tbl_book_catalog VALUES ('91', '9', '6.三十里铺', '        ', '0.00', null, '', 'http://www.bakclass.com/rsc/4716', '1', '2018-12-20', '11:01:33');
INSERT INTO tbl_book_catalog VALUES ('92', '9', '7.捉泥鳅', '        ', '0.00', null, '', 'http://www.bakclass.com/rsc/4717', '1', '2018-12-20', '11:01:41');
INSERT INTO tbl_book_catalog VALUES ('93', '9', '8.歌唱二小放牛郎', '        ', '0.00', null, '', 'http://www.bakclass.com/rsc/4718', '1', '2018-12-20', '11:02:58');
INSERT INTO tbl_book_catalog VALUES ('94', '9', '9.故乡的亲人', '        ', '0.00', null, '', 'http://www.bakclass.com/rsc/4719', '1', '2018-12-20', '11:03:07');
INSERT INTO tbl_book_catalog VALUES ('95', '9', '10.每当我走过老师窗前', '        ', '0.00', null, 'eluoen0001/wylrb/cfT5RyTpnHdyeH3YaBbz.mp3', 'http://www.bakclass.com/rsc/4720', '1', '2018-12-20', '11:03:17');
INSERT INTO tbl_book_catalog VALUES ('96', '9', '11.摇篮曲', '        ', '0.00', null, '', 'http://www.bakclass.com/rsc/4721', '1', '2018-12-20', '11:03:26');
INSERT INTO tbl_book_catalog VALUES ('97', '9', '12.小草', '        ', '0.00', null, '', 'http://www.bakclass.com/rsc/4722', '1', '2018-12-20', '11:03:34');
INSERT INTO tbl_book_catalog VALUES ('98', '9', '13.希望', '        ', '0.00', null, '', 'http://www.bakclass.com/rsc/4723', '1', '2018-12-20', '11:03:49');
INSERT INTO tbl_book_catalog VALUES ('99', '9', '14.星仔走天涯', '        ', '0.00', null, 'eluoen0001/wylrb/pASZD2dRACBp6hACcGdZ.mp3', 'http://www.bakclass.com/rsc/4725', '1', '2018-12-20', '11:03:58');
INSERT INTO tbl_book_catalog VALUES ('100', '9', '15.森吉德玛', '        ', '0.00', null, '', 'http://www.bakclass.com/rsc/4727', '1', '2018-12-20', '11:04:08');
INSERT INTO tbl_book_catalog VALUES ('101', '9', '16.小邋遢', '        ', '0.00', null, '', 'http://www.bakclass.com/rsc/4730', '1', '2018-12-20', '11:04:17');
INSERT INTO tbl_book_catalog VALUES ('102', '9', '17.采蘑菇的小姑娘', '        ', '0.00', null, '', 'http://www.bakclass.com/rsc/4732', '1', '2018-12-20', '11:04:26');
INSERT INTO tbl_book_catalog VALUES ('103', '9', '18.八月桂花遍地开', '        ', '0.00', null, '', 'http://www.bakclass.com/rsc/4733', '1', '2018-12-20', '11:04:34');
INSERT INTO tbl_book_catalog VALUES ('104', '9', '19.青年友谊圆舞曲', '        ', '0.00', null, '', 'http://www.bakclass.com/rsc/4735', '1', '2018-12-20', '11:04:48');
INSERT INTO tbl_book_catalog VALUES ('105', '9', '20.咱们从小讲礼貌', '        ', '0.00', null, '', 'http://www.bakclass.com/rsc/4737', '1', '2018-12-20', '11:05:00');
INSERT INTO tbl_book_catalog VALUES ('106', '9', '21.种太阳', '        ', '0.00', null, '', 'http://www.bakclass.com/rsc/4741', '1', '2018-12-20', '11:05:11');
INSERT INTO tbl_book_catalog VALUES ('107', '9', '22.大头儿子小头爸爸', '        ', '0.00', null, '', 'http://www.bakclass.com/rsc/4742', '1', '2018-12-20', '11:05:19');
INSERT INTO tbl_book_catalog VALUES ('108', '9', '23.春天在哪里', '        ', '0.00', null, '', 'http://www.bakclass.com/rsc/4743', '1', '2018-12-20', '11:05:27');
INSERT INTO tbl_book_catalog VALUES ('109', '9', '24.小小葫芦娃', '        ', '0.00', null, '', 'http://www.bakclass.com/rsc/4744', '1', '2018-12-20', '11:05:36');
INSERT INTO tbl_book_catalog VALUES ('110', '9', '25.听妈妈讲那过去的事情', '        ', '0.00', null, '', 'http://www.bakclass.com/rsc/4745', '1', '2018-12-20', '11:05:46');
INSERT INTO tbl_book_catalog VALUES ('111', '9', '26.少年，少年，祖国的春', '        ', '0.00', null, '', 'http://www.bakclass.com/rsc/4746', '1', '2018-12-20', '11:05:55');
INSERT INTO tbl_book_catalog VALUES ('112', '9', '27.天', '        ', '0.00', null, '', 'http:', '1', '2018-12-20', '11:06:05');
INSERT INTO tbl_book_catalog VALUES ('113', '9', '28.哦，十分钟', '        ', '0.00', null, '', 'http://www.bakclass.com/rsc/4747', '1', '2018-12-20', '11:06:14');
INSERT INTO tbl_book_catalog VALUES ('114', '9', '29.雨花石', '        ', '0.00', null, 'eluoen0001/wylrb/t6McmPTyJ2wfayNRwwmj.mp3', 'http://www.bakclass.com/rsc/4748', '1', '2018-12-20', '11:06:23');
INSERT INTO tbl_book_catalog VALUES ('115', '9', '30.小机灵的歌', '        ', '0.00', null, '', 'http://www.bakclass.com/rsc/4749', '1', '2018-12-20', '11:06:36');
INSERT INTO tbl_book_catalog VALUES ('116', '9', '31.天黑黑', '        ', '0.00', null, '', 'http://www.bakclass.com/rsc/4750', '1', '2018-12-20', '11:06:43');
INSERT INTO tbl_book_catalog VALUES ('117', '9', '32.一个师傅仨徒弟', '        ', '0.00', null, '', 'http://www.bakclass.com/rsc/4751', '1', '2018-12-20', '11:07:55');
INSERT INTO tbl_book_catalog VALUES ('118', '9', '33.大耳朵图图', '        ', '0.00', null, '', 'http://www.bakclass.com/rsc/4752', '1', '2018-12-20', '11:08:04');
INSERT INTO tbl_book_catalog VALUES ('119', '9', '34.斗地主& #40; 二& #41;', '        ', '0.00', null, '', 'http://www.bakclass.com/rsc/4753', '1', '2018-12-20', '11:08:17');
INSERT INTO tbl_book_catalog VALUES ('120', '9', '35.歌声与微笑', '        ', '0.00', null, '', 'http://www.bakclass.com/rsc/4754', '1', '2018-12-20', '11:08:25');
INSERT INTO tbl_book_catalog VALUES ('121', '9', '36.阿童木之歌', '        ', '0.00', null, '', 'http://www.bakclass.com/rsc/4755', '1', '2018-12-20', '11:08:33');
INSERT INTO tbl_book_catalog VALUES ('122', '9', '37.我们多么幸福', '        ', '0.00', null, '', 'http://www.bakclass.com/rsc/4756', '1', '2018-12-20', '11:08:41');
INSERT INTO tbl_book_catalog VALUES ('123', '9', '38.快乐的节日', '        ', '0.00', null, '', 'http://www.bakclass.com/rsc/4757', '1', '2018-12-20', '11:08:50');
INSERT INTO tbl_book_catalog VALUES ('124', '9', '39.邮递马车', '        ', '0.00', null, '', 'http://www.bakclass.com/rsc/4758', '1', '2018-12-20', '11:08:59');
INSERT INTO tbl_book_catalog VALUES ('125', '9', '40.多啦A 梦', '        ', '0.00', null, '', 'http://www.bakclass.com/rsc/4759', '1', '2018-12-20', '11:09:06');
INSERT INTO tbl_book_catalog VALUES ('126', '9', '41.中国少年先锋队队歌', '        ', '0.00', null, '', 'http://www.bakclass.com/rsc/4760', '1', '2018-12-20', '11:09:16');
INSERT INTO tbl_book_catalog VALUES ('127', '9', '42.光阴的故事', '        ', '0.00', null, '', 'http://www.bakclass.com/rsc/4761', '1', '2018-12-20', '11:09:25');
INSERT INTO tbl_book_catalog VALUES ('128', '9', '43.鞋儿破帽儿破', '        ', '0.00', null, '', 'http://www.bakclass.com/rsc/4762', '1', '2018-12-20', '11:09:34');
INSERT INTO tbl_book_catalog VALUES ('129', '9', '44.感恩的心', '        ', '0.00', null, 'eluoen0001/wylrb/GRb2BJNQJyfzNTbFd6yY.mp3', 'http://www.bakclass.com/rsc/4763', '1', '2018-12-20', '11:09:42');
INSERT INTO tbl_book_catalog VALUES ('130', '9', '45.春天年年到人间', '        ', '0.00', null, '', 'http://www.bakclass.com/rsc/4764', '1', '2018-12-20', '11:09:50');
INSERT INTO tbl_book_catalog VALUES ('131', '10', '1.大海啊，故乡', '        ', '0.00', null, '', 'http://www.bakclass.com/rsc/4765', '1', '2018-12-20', '11:14:12');
INSERT INTO tbl_book_catalog VALUES ('132', '10', '2.当孩子出生时', '        ', '0.00', null, '', 'http://www.bakclass.com/rsc/4766', '1', '2018-12-20', '11:14:22');
INSERT INTO tbl_book_catalog VALUES ('133', '10', '3.七子之歌', '        ', '0.00', null, '', 'http://www.bakclass.com/rsc/4767', '1', '2018-12-20', '11:14:30');
INSERT INTO tbl_book_catalog VALUES ('134', '10', '4.让世界充满爱', '        ', '0.00', null, '', 'http://www.bakclass.com/rsc/4768', '1', '2018-12-20', '11:14:38');
INSERT INTO tbl_book_catalog VALUES ('135', '10', '5.妈妈的吻', '        ', '0.00', null, '', 'http://www.bakclass.com/rsc/4769', '1', '2018-12-20', '11:14:46');
INSERT INTO tbl_book_catalog VALUES ('136', '10', '6.让我们荡起双桨', '        ', '0.00', null, '', 'http://www.bakclass.com/rsc/4770', '1', '2018-12-20', '11:14:56');
INSERT INTO tbl_book_catalog VALUES ('137', '10', '7.中华人民共和国国歌', '        ', '0.00', null, '', 'http://www.bakclass.com/rsc/4771', '1', '2018-12-20', '11:15:20');
INSERT INTO tbl_book_catalog VALUES ('138', '10', '8.学习雷锋好榜样', '        ', '0.00', null, '', 'http://www.bakclass.com/rsc/4772', '1', '2018-12-20', '11:15:28');
INSERT INTO tbl_book_catalog VALUES ('139', '10', '9.童年', '        ', '0.00', null, '', 'http://www.bakclass.com/rsc/4773', '1', '2018-12-20', '11:15:38');
INSERT INTO tbl_book_catalog VALUES ('140', '10', '10.山歌好比春江水', '        ', '0.00', null, '', 'http://www.bakclass.com/rsc/4774', '1', '2018-12-20', '11:15:47');
INSERT INTO tbl_book_catalog VALUES ('141', '10', '11.同一首歌', '        ', '0.00', null, '', 'http://www.bakclass.com/rsc/4775', '1', '2018-12-20', '11:15:57');
INSERT INTO tbl_book_catalog VALUES ('142', '10', '12.童年的小摇车', '        ', '0.00', null, '', 'http://www.bakclass.com/rsc/4776', '1', '2018-12-20', '11:16:06');
INSERT INTO tbl_book_catalog VALUES ('143', '10', '13.烛光里的妈妈', '        ', '0.00', null, '', 'http://www.bakclass.com/rsc/4777', '1', '2018-12-20', '11:16:15');
INSERT INTO tbl_book_catalog VALUES ('144', '10', '14.花仙子之歌', '        ', '0.00', null, '', 'http://www.bakclass.com/rsc/4778', '1', '2018-12-20', '11:16:23');
INSERT INTO tbl_book_catalog VALUES ('145', '10', '15.外婆的澎湖湾', '        ', '0.00', null, '', 'http://www.bakclass.com/rsc/4779', '1', '2018-12-20', '11:16:32');
INSERT INTO tbl_book_catalog VALUES ('146', '10', '16.歌唱祖国', '        ', '0.00', null, '', 'http://www.bakclass.com/rsc/4780', '1', '2018-12-20', '11:16:52');
INSERT INTO tbl_book_catalog VALUES ('147', '10', '17.浏阳河', '        ', '0.00', null, '', 'http://www.bakclass.com/rsc/4781', '1', '2018-12-20', '11:17:00');
INSERT INTO tbl_book_catalog VALUES ('148', '10', '18.哆来咪', '        ', '0.00', null, '', 'http://www.bakclass.com/rsc/4782', '1', '2018-12-20', '11:17:09');
INSERT INTO tbl_book_catalog VALUES ('149', '10', '19.一只鸟仔', '        ', '0.00', null, '', 'http://www.bakclass.com/rsc/4783', '1', '2018-12-20', '11:17:17');
INSERT INTO tbl_book_catalog VALUES ('150', '10', '20.七色光之歌', '        ', '0.00', null, '', 'http://www.bakclass.com/rsc/4784', '1', '2018-12-20', '11:17:25');
INSERT INTO tbl_book_catalog VALUES ('151', '10', '21.我爱北京天安门', '        ', '0.00', null, '', 'http://www.bakclass.com/rsc/4785', '1', '2018-12-20', '11:17:35');
INSERT INTO tbl_book_catalog VALUES ('152', '10', '22.小背篓', '        ', '0.00', null, '', 'http://www.bakclass.com/rsc/4786', '1', '2018-12-20', '11:17:45');
INSERT INTO tbl_book_catalog VALUES ('153', '10', '23.赶圩归来啊哩哩', '        ', '0.00', null, '', 'http://www.bakclass.com/rsc/4787', '1', '2018-12-20', '11:17:55');
INSERT INTO tbl_book_catalog VALUES ('154', '10', '24.蓝精灵之歌', '        ', '0.00', null, '', 'http://www.bakclass.com/rsc/4788', '1', '2018-12-20', '11:18:06');
INSERT INTO tbl_book_catalog VALUES ('155', '10', '25.壮家少年热爱毛主席', '        ', '0.00', null, '', 'http://www.bakclass.com/rsc/4789', '1', '2018-12-20', '11:18:14');
INSERT INTO tbl_book_catalog VALUES ('156', '10', '26.友谊花开万里香', '        ', '0.00', null, '', 'http://www.bakclass.com/rsc/4790', '1', '2018-12-20', '11:18:23');
INSERT INTO tbl_book_catalog VALUES ('157', '10', '27.我心爱的小马车', '        ', '0.00', null, '', 'http://www.bakclass.com/rsc/4791', '1', '2018-12-20', '11:18:31');
INSERT INTO tbl_book_catalog VALUES ('158', '10', '28.火车向着韶山跑', '        ', '0.00', null, '', 'http://www.bakclass.com/rsc/4792', '1', '2018-12-20', '11:18:40');
INSERT INTO tbl_book_catalog VALUES ('159', '10', '29.草原英雄小姐妹', '        ', '0.00', null, '', 'http://www.bakclass.com/rsc/4842', '1', '2018-12-20', '11:18:48');
INSERT INTO tbl_book_catalog VALUES ('160', '10', '30.红星闪闪放光彩', '        ', '0.00', null, '', 'http://www.bakclass.com/rsc/4843', '1', '2018-12-20', '11:18:56');
INSERT INTO tbl_book_catalog VALUES ('161', '11', '1.杨基歌', '                            \n        ', '0.00', null, '', 'http://www.bakclass.com/rsc/4643', '1', '2018-12-20', '10:46:28');
INSERT INTO tbl_book_catalog VALUES ('162', '11', '2.交城山', '                            \n        ', '0.00', null, '', 'http://www.bakclass.com/rsc/4644', '1', '2018-12-20', '10:47:12');
INSERT INTO tbl_book_catalog VALUES ('163', '11', '3.小白菜', '                            \n        ', '0.00', null, '', 'http://www.bakclass.com/rsc/4645', '1', '2018-12-20', '10:47:23');
INSERT INTO tbl_book_catalog VALUES ('164', '11', '4.玛丽的小羊羔', '                            \n        ', '0.00', null, '', 'http://www.bakclass.com/rsc/4646', '1', '2018-12-20', '10:47:33');
INSERT INTO tbl_book_catalog VALUES ('165', '11', '5.粉刷匠', '                            \n        ', '0.00', null, '', 'http://www.bakclass.com/rsc/4647', '1', '2018-12-20', '10:47:45');
INSERT INTO tbl_book_catalog VALUES ('166', '11', '6.划船', '                            \n        ', '0.00', null, '', 'http://www.bakclass.com/rsc/4648', '1', '2018-12-20', '10:47:54');
INSERT INTO tbl_book_catalog VALUES ('167', '11', '7.找朋友', '        ', '0.00', null, '', 'http://www.bakclass.com/rsc/4649', '1', '2018-12-20', '10:48:03');
INSERT INTO tbl_book_catalog VALUES ('168', '11', '8.上学歌', '        ', '0.00', null, '', 'http://www.bakclass.com/rsc/4650', '1', '2018-12-20', '10:48:18');
INSERT INTO tbl_book_catalog VALUES ('169', '11', '9.闪烁的星星', '        ', '0.00', null, '', 'http://www.bakclass.com/rsc/4651', '1', '2018-12-20', '10:48:29');
INSERT INTO tbl_book_catalog VALUES ('170', '11', '10.伦敦桥', '        ', '0.00', null, '', 'http://www.bakclass.com/rsc/4652', '1', '2018-12-20', '10:48:39');
INSERT INTO tbl_book_catalog VALUES ('171', '11', '11.两只老虎', '        ', '0.00', null, '', 'http://www.bakclass.com/rsc/4653', '1', '2018-12-20', '10:48:48');
INSERT INTO tbl_book_catalog VALUES ('172', '11', '12.十个小印第安人', '        ', '0.00', null, '', 'http://www.bakclass.com/rsc/4654', '1', '2018-12-20', '10:49:01');
INSERT INTO tbl_book_catalog VALUES ('173', '11', '13.小红帽', '        ', '0.00', null, '', 'http://www.bakclass.com/rsc/4655', '1', '2018-12-20', '10:49:22');
INSERT INTO tbl_book_catalog VALUES ('174', '11', '14.湖上天鹅', '        ', '0.00', null, '', 'http://www.bakclass.com/rsc/4656', '1', '2018-12-20', '10:49:33');
INSERT INTO tbl_book_catalog VALUES ('175', '11', '15.布谷鸟', '        ', '0.00', null, '', 'http://www.bakclass.com/rsc/4657', '1', '2018-12-20', '10:49:41');
INSERT INTO tbl_book_catalog VALUES ('176', '11', '16.新年好', '        ', '0.00', null, '', 'http://www.bakclass.com/rsc/4658', '1', '2018-12-20', '10:49:49');
INSERT INTO tbl_book_catalog VALUES ('177', '11', '17.拔萝卜', '        ', '0.00', null, '', 'http://www.bakclass.com/rsc/4659', '1', '2018-12-20', '10:49:58');
INSERT INTO tbl_book_catalog VALUES ('178', '11', '18.小毛驴', '        ', '0.00', null, '', 'http://www.bakclass.com/rsc/4660', '1', '2018-12-20', '10:50:09');
INSERT INTO tbl_book_catalog VALUES ('179', '11', '19.平安夜', '        ', '0.00', null, '', 'http://www.bakclass.com/rsc/4661', '1', '2018-12-20', '10:50:23');
INSERT INTO tbl_book_catalog VALUES ('180', '11', '20.唐老鸭', '        ', '0.00', null, '', 'http://www.bakclass.com/rsc/4662', '1', '2018-12-20', '10:50:53');
INSERT INTO tbl_book_catalog VALUES ('181', '11', '21.春天来了', '        ', '0.00', null, '', 'http://www.bakclass.com/rsc/4663', '1', '2018-12-20', '10:51:01');
INSERT INTO tbl_book_catalog VALUES ('182', '11', '22.丢手绢', '        ', '0.00', null, '', 'http://www.bakclass.com/rsc/4664', '1', '2018-12-20', '10:51:09');
INSERT INTO tbl_book_catalog VALUES ('183', '11', '23.多年以前', '        ', '0.00', null, '', 'http://www.bakclass.com/rsc/4665', '1', '2018-12-20', '10:51:22');
INSERT INTO tbl_book_catalog VALUES ('184', '11', '24.欢乐颂', '        ', '0.00', null, '', 'http://www.bakclass.com/rsc/4666', '1', '2018-12-20', '10:51:30');
INSERT INTO tbl_book_catalog VALUES ('185', '11', '25.沂蒙山小调', '        ', '0.00', null, '', 'http://www.bakclass.com/rsc/4667', '1', '2018-12-20', '10:51:38');
INSERT INTO tbl_book_catalog VALUES ('186', '11', '26.念故乡', '        ', '0.00', null, '', 'http://www.bakclass.com/rsc/4668', '1', '2018-12-20', '10:51:47');
INSERT INTO tbl_book_catalog VALUES ('187', '11', '27.何家公鸡何家', '        ', '0.00', null, '', 'http://www.bakclass.com/rsc/4669', '1', '2018-12-20', '10:51:58');
INSERT INTO tbl_book_catalog VALUES ('188', '11', '28.三只熊', '        ', '0.00', null, '', 'http://www.bakclass.com/rsc/4670', '1', '2018-12-20', '10:52:07');
INSERT INTO tbl_book_catalog VALUES ('189', '11', '29.红蜻蜓', '        ', '0.00', null, '', 'http://www.bakclass.com/rsc/4671', '1', '2018-12-20', '10:52:15');
INSERT INTO tbl_book_catalog VALUES ('190', '11', '30.祝你生日快乐', '        ', '0.00', null, '', 'http://www.bakclass.com/rsc/4672', '1', '2018-12-20', '10:52:25');
INSERT INTO tbl_book_catalog VALUES ('191', '11', '31.小鸭子', '        ', '0.00', null, '', 'http://www.bakclass.com/rsc/4673', '1', '2018-12-20', '10:52:35');
INSERT INTO tbl_book_catalog VALUES ('192', '11', '32.数鸭子', '        ', '0.00', null, '', 'http://www.bakclass.com/rsc/4674', '1', '2018-12-20', '10:53:00');
INSERT INTO tbl_book_catalog VALUES ('193', '11', '33.卖报歌', '        ', '0.00', null, '', 'http://www.bakclass.com/rsc/4675', '1', '2018-12-20', '10:53:11');
INSERT INTO tbl_book_catalog VALUES ('194', '11', '34.娃哈哈', '        ', '0.00', null, '', 'http://www.bakclass.com/rsc/4676', '1', '2018-12-20', '10:53:21');
INSERT INTO tbl_book_catalog VALUES ('195', '11', '35.四季歌', '        ', '0.00', null, '', 'http://www.bakclass.com/rsc/4677', '1', '2018-12-20', '10:53:29');
INSERT INTO tbl_book_catalog VALUES ('196', '11', '36.蓝花花', '        ', '0.00', null, '', 'http://www.bakclass.com/rsc/4678', '1', '2018-12-20', '10:53:38');
INSERT INTO tbl_book_catalog VALUES ('197', '11', '37.一分钱', '        ', '0.00', null, '', 'http://www.bakclass.com/rsc/4679', '1', '2018-12-20', '10:53:46');
INSERT INTO tbl_book_catalog VALUES ('198', '11', '38.丰收歌', '        ', '0.00', null, '', 'http://www.bakclass.com/rsc/4680', '1', '2018-12-20', '10:53:54');
INSERT INTO tbl_book_catalog VALUES ('199', '11', '39.读书郎', '        ', '0.00', null, '', 'http://www.bakclass.com/rsc/4681', '1', '2018-12-20', '10:54:02');
INSERT INTO tbl_book_catalog VALUES ('200', '11', '40.洋娃娃和小熊跳舞', '        ', '0.00', null, '', 'http://www.bakclass.com/rsc/4682', '1', '2018-12-20', '10:54:13');
INSERT INTO tbl_book_catalog VALUES ('201', '11', '41.共产儿童团歌', '        ', '0.00', null, '', 'http://www.bakclass.com/rsc/4683', '1', '2018-12-20', '10:54:29');
INSERT INTO tbl_book_catalog VALUES ('202', '11', '42.天线宝宝', '        ', '0.00', null, '', 'http://www.bakclass.com/rsc/4684', '1', '2018-12-20', '10:54:37');
INSERT INTO tbl_book_catalog VALUES ('203', '11', '43.健康歌', '        ', '0.00', null, '', 'http://www.bakclass.com/rsc/4685', '1', '2018-12-20', '10:54:47');
INSERT INTO tbl_book_catalog VALUES ('204', '11', '44.幸福拍拍手', '        ', '0.00', null, '', 'http://www.bakclass.com/rsc/4686', '1', '2018-12-20', '10:54:56');
INSERT INTO tbl_book_catalog VALUES ('205', '11', '45.世上只有妈妈好', '        ', '0.00', null, '', 'http://www.bakclass.com/rsc/4687', '1', '2018-12-20', '10:55:05');
INSERT INTO tbl_book_catalog VALUES ('206', '11', '46.红河谷', '        ', '0.00', null, '', 'http://www.bakclass.com/rsc/4688', '1', '2018-12-20', '10:55:13');
INSERT INTO tbl_book_catalog VALUES ('207', '11', '47.小白船', '        ', '0.00', null, '', 'http://www.bakclass.com/rsc/4689', '1', '2018-12-20', '10:55:24');
INSERT INTO tbl_book_catalog VALUES ('208', '11', '48.雪绒花', '        ', '0.00', null, '', 'http://www.bakclass.com/rsc/4690', '1', '2018-12-20', '10:55:31');
INSERT INTO tbl_book_catalog VALUES ('209', '11', '49.海绵宝宝', '        ', '0.00', null, '', 'http://www.bakclass.com/rsc/4691', '1', '2018-12-20', '10:55:42');
INSERT INTO tbl_book_catalog VALUES ('210', '11', '50.蜗牛与黄鹂鸟', '        ', '0.00', null, '', 'http://www.bakclass.com/rsc/4692', '1', '2018-12-20', '10:55:51');
INSERT INTO tbl_book_catalog VALUES ('211', '11', '51.世界小小小', '        ', '0.00', null, '', 'http://www.bakclass.com/rsc/4693', '1', '2018-12-20', '10:56:04');
INSERT INTO tbl_book_catalog VALUES ('212', '11', '52.兰花草', '        ', '0.00', null, '', 'http://www.bakclass.com/rsc/4694', '1', '2018-12-20', '10:56:14');
INSERT INTO tbl_book_catalog VALUES ('213', '11', '53.茉莉花', '        ', '0.00', null, '', 'http://www.bakclass.com/rsc/4695', '1', '2018-12-20', '10:56:24');
INSERT INTO tbl_book_catalog VALUES ('214', '11', '54.送别', '        ', '0.00', null, '', 'http://www.bakclass.com/rsc/4696', '1', '2018-12-20', '10:56:33');
INSERT INTO tbl_book_catalog VALUES ('215', '11', '55.斗地主', '        ', '0.00', null, '', 'http://www.bakclass.com/rsc/4697', '1', '2018-12-20', '10:56:40');
INSERT INTO tbl_book_catalog VALUES ('216', '11', '56.大风车', '        ', '0.00', null, '', 'http://www.bakclass.com/rsc/4698', '1', '2018-12-20', '10:56:48');
INSERT INTO tbl_book_catalog VALUES ('217', '11', '57.拥军花鼓', '        ', '0.00', null, '', 'http://www.bakclass.com/rsc/4699', '1', '2018-12-20', '10:56:57');
INSERT INTO tbl_book_catalog VALUES ('218', '11', '58.金瓶似的小山', '        ', '0.00', null, '', 'http://www.bakclass.com/rsc/4700', '1', '2018-12-20', '10:57:05');
INSERT INTO tbl_book_catalog VALUES ('219', '11', '59.祝你圣诞快乐', '        ', '0.00', null, '', 'http://www.bakclass.com/rsc/4701', '1', '2018-12-20', '10:57:13');
INSERT INTO tbl_book_catalog VALUES ('220', '11', '60.剪羊毛', '        ', '0.00', null, '', 'http://www.bakclass.com/rsc/4702', '1', '2018-12-20', '10:57:28');
INSERT INTO tbl_book_catalog VALUES ('221', '11', '61.哦！苏珊娜', '        ', '0.00', null, '', 'http://www.bakclass.com/rsc/4703', '1', '2018-12-20', '10:57:41');
INSERT INTO tbl_book_catalog VALUES ('222', '11', '62.小松树', '        ', '0.00', null, '', 'http://www.bakclass.com/rsc/4704', '1', '2018-12-20', '10:57:49');
INSERT INTO tbl_book_catalog VALUES ('223', '11', '63.吉祥三宝', '        ', '0.00', null, '', 'http://www.bakclass.com/rsc/4705', '1', '2018-12-20', '10:57:59');
INSERT INTO tbl_book_catalog VALUES ('224', '11', '64.小燕子', '        ', '0.00', null, '', 'http://www.bakclass.com/rsc/4706', '1', '2018-12-20', '10:58:06');
INSERT INTO tbl_book_catalog VALUES ('225', '11', '65.北京有个金太阳', '        ', '0.00', null, '', 'http://www.bakclass.com/rsc/4707', '1', '2018-12-20', '10:58:14');
INSERT INTO tbl_book_catalog VALUES ('226', '11', '66.铃儿响叮当', '        ', '0.00', null, '', 'http://www.bakclass.com/rsc/4708', '1', '2018-12-20', '10:58:22');
INSERT INTO tbl_book_catalog VALUES ('227', '11', '67.孤独的牧羊人', '        ', '0.00', null, '', 'http://www.bakclass.com/rsc/4709', '1', '2018-12-20', '10:58:36');
INSERT INTO tbl_book_catalog VALUES ('228', '11', '68.别看我只是一只羊', '        ', '0.00', null, '', 'http://www.bakclass.com/rsc/4710', '1', '2018-12-20', '10:58:44');
INSERT INTO tbl_book_catalog VALUES ('229', '11', '69.爷爷为我打月饼', '        ', '0.00', null, 'eluoen0001/wylrb/HRcwmdEsbiPjsXMRGnW3.mp3', 'http://www.bakclass.com/rsc/4711', '1', '2018-12-20', '11:00:30');
INSERT INTO tbl_book_catalog VALUES ('230', '11', '70.可爱的家', '        ', '0.00', null, '', 'http://www.bakclass.com/rsc/4712', '1', '2018-12-20', '11:00:58');
INSERT INTO tbl_book_catalog VALUES ('231', '11', '71.大家来做广播操', '        ', '0.00', null, '', 'http://www.bakclass.com/rsc/4713', '1', '2018-12-20', '11:01:07');
INSERT INTO tbl_book_catalog VALUES ('232', '11', '72.掀起你的盖头来', '        ', '0.00', null, '', 'http://www.bakclass.com/rsc/4714', '1', '2018-12-20', '11:01:15');
INSERT INTO tbl_book_catalog VALUES ('233', '11', '73.祖国祖国真美丽', '        ', '0.00', null, '', 'http://www.bakclass.com/rsc/4715', '1', '2018-12-20', '11:01:25');
INSERT INTO tbl_book_catalog VALUES ('234', '11', '74.三十里铺', '        ', '0.00', null, '', 'http://www.bakclass.com/rsc/4716', '1', '2018-12-20', '11:01:33');
INSERT INTO tbl_book_catalog VALUES ('235', '11', '75.捉泥鳅', '        ', '0.00', null, '', 'http://www.bakclass.com/rsc/4717', '1', '2018-12-20', '11:01:41');
INSERT INTO tbl_book_catalog VALUES ('236', '11', '76.歌唱二小放牛郎', '        ', '0.00', null, '', 'http://www.bakclass.com/rsc/4718', '1', '2018-12-20', '11:02:58');
INSERT INTO tbl_book_catalog VALUES ('237', '11', '77.故乡的亲人', '        ', '0.00', null, '', 'http://www.bakclass.com/rsc/4719', '1', '2018-12-20', '11:03:07');
INSERT INTO tbl_book_catalog VALUES ('238', '11', '78.每当我走过老师窗前', '        ', '0.00', null, '', 'http://www.bakclass.com/rsc/4720', '1', '2018-12-20', '11:03:17');
INSERT INTO tbl_book_catalog VALUES ('239', '11', '79.摇篮曲', '        ', '0.00', null, '', 'http://www.bakclass.com/rsc/4721', '1', '2018-12-20', '11:03:26');
INSERT INTO tbl_book_catalog VALUES ('240', '11', '80.小草', '        ', '0.00', null, '', 'http://www.bakclass.com/rsc/4722', '1', '2018-12-20', '11:03:34');
INSERT INTO tbl_book_catalog VALUES ('241', '11', '81.希望', '        ', '0.00', null, '', 'http://www.bakclass.com/rsc/4723', '1', '2018-12-20', '11:03:49');
INSERT INTO tbl_book_catalog VALUES ('242', '11', '82.星仔走天涯', '        ', '0.00', null, '', 'http://www.bakclass.com/rsc/4725', '1', '2018-12-20', '11:03:58');
INSERT INTO tbl_book_catalog VALUES ('243', '11', '33.森吉德玛', '        ', '0.00', null, '', 'http://www.bakclass.com/rsc/4727', '1', '2018-12-20', '11:04:08');
INSERT INTO tbl_book_catalog VALUES ('244', '11', '84.小邋遢', '        ', '0.00', null, '', 'http://www.bakclass.com/rsc/4730', '1', '2018-12-20', '11:04:17');
INSERT INTO tbl_book_catalog VALUES ('245', '11', '85.采蘑菇的小姑娘', '        ', '0.00', null, '', 'http://www.bakclass.com/rsc/4732', '1', '2018-12-20', '11:04:26');
INSERT INTO tbl_book_catalog VALUES ('246', '11', '86.八月桂花遍地开', '        ', '0.00', null, '', 'http://www.bakclass.com/rsc/4733', '1', '2018-12-20', '11:04:34');
INSERT INTO tbl_book_catalog VALUES ('247', '11', '87.青年友谊圆舞曲', '        ', '0.00', null, '', 'http://www.bakclass.com/rsc/4735', '1', '2018-12-20', '11:04:48');
INSERT INTO tbl_book_catalog VALUES ('248', '11', '88.咱们从小讲礼貌', '        ', '0.00', null, '', 'http://www.bakclass.com/rsc/4737', '1', '2018-12-20', '11:05:00');
INSERT INTO tbl_book_catalog VALUES ('249', '11', '89.种太阳', '        ', '0.00', null, '', 'http://www.bakclass.com/rsc/4741', '1', '2018-12-20', '11:05:11');
INSERT INTO tbl_book_catalog VALUES ('250', '11', '90.大头儿子小头爸爸', '        ', '0.00', null, '', 'http://www.bakclass.com/rsc/4742', '1', '2018-12-20', '11:05:19');
INSERT INTO tbl_book_catalog VALUES ('251', '11', '91.春天在哪里', '        ', '0.00', null, '', 'http://www.bakclass.com/rsc/4743', '1', '2018-12-20', '11:05:27');
INSERT INTO tbl_book_catalog VALUES ('252', '11', '92.小小葫芦娃', '        ', '0.00', null, '', 'http://www.bakclass.com/rsc/4744', '1', '2018-12-20', '11:05:36');
INSERT INTO tbl_book_catalog VALUES ('253', '11', '93.听妈妈讲那过去的事情', '        ', '0.00', null, '', 'http://www.bakclass.com/rsc/4745', '1', '2018-12-20', '11:05:46');
INSERT INTO tbl_book_catalog VALUES ('254', '11', '94.少年，少年，祖国的春', '        ', '0.00', null, '', 'http://www.bakclass.com/rsc/4746', '1', '2018-12-20', '11:05:55');
INSERT INTO tbl_book_catalog VALUES ('255', '11', '95.天', '        ', '0.00', null, '', 'http:', '1', '2018-12-20', '11:06:05');
INSERT INTO tbl_book_catalog VALUES ('256', '11', '96.哦，十分钟', '        ', '0.00', null, '', 'http://www.bakclass.com/rsc/4747', '1', '2018-12-20', '11:06:14');
INSERT INTO tbl_book_catalog VALUES ('257', '11', '97.雨花石', '        ', '0.00', null, '', 'http://www.bakclass.com/rsc/4748', '1', '2018-12-20', '11:06:23');
INSERT INTO tbl_book_catalog VALUES ('258', '11', '98.小机灵的歌', '        ', '0.00', null, '', 'http://www.bakclass.com/rsc/4749', '1', '2018-12-20', '11:06:36');
INSERT INTO tbl_book_catalog VALUES ('259', '11', '99.天黑黑', '        ', '0.00', null, '', 'http://www.bakclass.com/rsc/4750', '1', '2018-12-20', '11:06:43');
INSERT INTO tbl_book_catalog VALUES ('260', '11', '100.一个师傅仨徒弟', '        ', '0.00', null, '', 'http://www.bakclass.com/rsc/4751', '1', '2018-12-20', '11:07:55');
INSERT INTO tbl_book_catalog VALUES ('261', '11', '101.大耳朵图图', '        ', '0.00', null, '', 'http://www.bakclass.com/rsc/4752', '1', '2018-12-20', '11:08:04');
INSERT INTO tbl_book_catalog VALUES ('262', '11', '102.斗地主& #40; 二& #41;', '        ', '0.00', null, '', 'http://www.bakclass.com/rsc/4753', '1', '2018-12-20', '11:08:17');
INSERT INTO tbl_book_catalog VALUES ('263', '11', '103.歌声与微笑', '        ', '0.00', null, '', 'http://www.bakclass.com/rsc/4754', '1', '2018-12-20', '11:08:25');
INSERT INTO tbl_book_catalog VALUES ('264', '11', '104.阿童木之歌', '        ', '0.00', null, '', 'http://www.bakclass.com/rsc/4755', '1', '2018-12-20', '11:08:33');
INSERT INTO tbl_book_catalog VALUES ('265', '11', '105.我们多么幸福', '        ', '0.00', null, '', 'http://www.bakclass.com/rsc/4756', '1', '2018-12-20', '11:08:41');
INSERT INTO tbl_book_catalog VALUES ('266', '11', '106.快乐的节日', '        ', '0.00', null, '', 'http://www.bakclass.com/rsc/4757', '1', '2018-12-20', '11:08:50');
INSERT INTO tbl_book_catalog VALUES ('267', '11', '107.邮递马车', '        ', '0.00', null, '', 'http://www.bakclass.com/rsc/4758', '1', '2018-12-20', '11:08:59');
INSERT INTO tbl_book_catalog VALUES ('268', '11', '108.多啦A 梦', '        ', '0.00', null, '', 'http://www.bakclass.com/rsc/4759', '1', '2018-12-20', '11:09:06');
INSERT INTO tbl_book_catalog VALUES ('269', '11', '109.中国少年先锋队队歌', '        ', '0.00', null, '', 'http://www.bakclass.com/rsc/4760', '1', '2018-12-20', '11:09:16');
INSERT INTO tbl_book_catalog VALUES ('270', '11', '110.光阴的故事', '        ', '0.00', null, '', 'http://www.bakclass.com/rsc/4761', '1', '2018-12-20', '11:09:25');
INSERT INTO tbl_book_catalog VALUES ('271', '11', '111.鞋儿破帽儿破', '        ', '0.00', null, '', 'http://www.bakclass.com/rsc/4762', '1', '2018-12-20', '11:09:34');
INSERT INTO tbl_book_catalog VALUES ('272', '11', '112.感恩的心', '        ', '0.00', null, '', 'http://www.bakclass.com/rsc/4763', '1', '2018-12-20', '11:09:42');
INSERT INTO tbl_book_catalog VALUES ('273', '11', '113.春天年年到人间', '        ', '0.00', null, '', 'http://www.bakclass.com/rsc/4764', '1', '2018-12-20', '11:09:50');
INSERT INTO tbl_book_catalog VALUES ('274', '11', '114.大海啊，故乡', '        ', '0.00', null, '', 'http://www.bakclass.com/rsc/4765', '1', '2018-12-20', '11:14:12');
INSERT INTO tbl_book_catalog VALUES ('275', '11', '115.当孩子出生时', '        ', '0.00', null, '', 'http://www.bakclass.com/rsc/4766', '1', '2018-12-20', '11:14:22');
INSERT INTO tbl_book_catalog VALUES ('276', '11', '116.七子之歌', '        ', '0.00', null, '', 'http://www.bakclass.com/rsc/4767', '1', '2018-12-20', '11:14:30');
INSERT INTO tbl_book_catalog VALUES ('277', '11', '117.让世界充满爱', '        ', '0.00', null, '', 'http://www.bakclass.com/rsc/4768', '1', '2018-12-20', '11:14:38');
INSERT INTO tbl_book_catalog VALUES ('278', '11', '118.妈妈的吻', '        ', '0.00', null, '', 'http://www.bakclass.com/rsc/4769', '1', '2018-12-20', '11:14:46');
INSERT INTO tbl_book_catalog VALUES ('279', '11', '119.让我们荡起双桨', '        ', '0.00', null, '', 'http://www.bakclass.com/rsc/4770', '1', '2018-12-20', '11:14:56');
INSERT INTO tbl_book_catalog VALUES ('280', '11', '120.中华人民共和国国歌', '        ', '0.00', null, '', 'http://www.bakclass.com/rsc/4771', '1', '2018-12-20', '11:15:20');
INSERT INTO tbl_book_catalog VALUES ('281', '11', '121.学习雷锋好榜样', '        ', '0.00', null, '', 'http://www.bakclass.com/rsc/4772', '1', '2018-12-20', '11:15:28');
INSERT INTO tbl_book_catalog VALUES ('282', '11', '122.童年', '        ', '0.00', null, '', 'http://www.bakclass.com/rsc/4773', '1', '2018-12-20', '11:15:38');
INSERT INTO tbl_book_catalog VALUES ('283', '11', '123.山歌好比春江水', '        ', '0.00', null, '', 'http://www.bakclass.com/rsc/4774', '1', '2018-12-20', '11:15:47');
INSERT INTO tbl_book_catalog VALUES ('284', '11', '124.同一首歌', '        ', '0.00', null, '', 'http://www.bakclass.com/rsc/4775', '1', '2018-12-20', '11:15:57');
INSERT INTO tbl_book_catalog VALUES ('285', '11', '125.童年的小摇车', '        ', '0.00', null, '', 'http://www.bakclass.com/rsc/4776', '1', '2018-12-20', '11:16:06');
INSERT INTO tbl_book_catalog VALUES ('286', '11', '126.烛光里的妈妈', '        ', '0.00', null, '', 'http://www.bakclass.com/rsc/4777', '1', '2018-12-20', '11:16:15');
INSERT INTO tbl_book_catalog VALUES ('287', '11', '127.花仙子之歌', '        ', '0.00', null, '', 'http://www.bakclass.com/rsc/4778', '1', '2018-12-20', '11:16:23');
INSERT INTO tbl_book_catalog VALUES ('288', '11', '128.外婆的澎湖湾', '        ', '0.00', null, '', 'http://www.bakclass.com/rsc/4779', '1', '2018-12-20', '11:16:32');
INSERT INTO tbl_book_catalog VALUES ('289', '11', '129.歌唱祖国', '        ', '0.00', null, '', 'http://www.bakclass.com/rsc/4780', '1', '2018-12-20', '11:16:52');
INSERT INTO tbl_book_catalog VALUES ('290', '11', '130.浏阳河', '        ', '0.00', null, '', 'http://www.bakclass.com/rsc/4781', '1', '2018-12-20', '11:17:00');
INSERT INTO tbl_book_catalog VALUES ('291', '11', '131.哆来咪', '        ', '0.00', null, '', 'http://www.bakclass.com/rsc/4782', '1', '2018-12-20', '11:17:09');
INSERT INTO tbl_book_catalog VALUES ('292', '11', '132.一只鸟仔', '        ', '0.00', null, '', 'http://www.bakclass.com/rsc/4783', '1', '2018-12-20', '11:17:17');
INSERT INTO tbl_book_catalog VALUES ('293', '11', '133.七色光之歌', '        ', '0.00', null, '', 'http://www.bakclass.com/rsc/4784', '1', '2018-12-20', '11:17:25');
INSERT INTO tbl_book_catalog VALUES ('294', '11', '134.我爱北京天安门', '        ', '0.00', null, '', 'http://www.bakclass.com/rsc/4785', '1', '2018-12-20', '11:17:35');
INSERT INTO tbl_book_catalog VALUES ('295', '11', '135.小背篓', '        ', '0.00', null, '', 'http://www.bakclass.com/rsc/4786', '1', '2018-12-20', '11:17:45');
INSERT INTO tbl_book_catalog VALUES ('296', '11', '136.赶圩归来啊哩哩', '        ', '0.00', null, '', 'http://www.bakclass.com/rsc/4787', '1', '2018-12-20', '11:17:55');
INSERT INTO tbl_book_catalog VALUES ('297', '11', '137.蓝精灵之歌', '        ', '0.00', null, '', 'http://www.bakclass.com/rsc/4788', '1', '2018-12-20', '11:18:06');
INSERT INTO tbl_book_catalog VALUES ('298', '11', '138.壮家少年热爱毛主席', '        ', '0.00', null, '', 'http://www.bakclass.com/rsc/4789', '1', '2018-12-20', '11:18:14');
INSERT INTO tbl_book_catalog VALUES ('299', '11', '139.友谊花开万里香', '        ', '0.00', null, '', 'http://www.bakclass.com/rsc/4790', '1', '2018-12-20', '11:18:23');
INSERT INTO tbl_book_catalog VALUES ('300', '11', '140.我心爱的小马车', '        ', '0.00', null, '', 'http://www.bakclass.com/rsc/4791', '1', '2018-12-20', '11:18:31');
INSERT INTO tbl_book_catalog VALUES ('301', '11', '141.火车向着韶山跑', '        ', '0.00', null, '', 'http://www.bakclass.com/rsc/4792', '1', '2018-12-20', '11:18:40');
INSERT INTO tbl_book_catalog VALUES ('302', '11', '142草原英雄小姐妹', '        ', '0.00', null, '', 'http://www.bakclass.com/rsc/4842', '1', '2018-12-20', '11:18:48');
INSERT INTO tbl_book_catalog VALUES ('303', '11', '143.红星闪闪放光彩', '        ', '0.00', null, '', 'http://www.bakclass.com/rsc/4843', '1', '2018-12-20', '11:18:56');

-- ----------------------------
-- Table structure for `tbl_dialogue`
-- ----------------------------
DROP TABLE IF EXISTS `tbl_dialogue`;
CREATE TABLE `tbl_dialogue` (
  `id` int(11) NOT NULL AUTO_INCREMENT,
  `openid` varchar(50) COLLATE utf8mb4_unicode_ci DEFAULT NULL,
  `touser` varchar(50) COLLATE utf8mb4_unicode_ci DEFAULT NULL,
  `message` varchar(255) COLLATE utf8mb4_unicode_ci DEFAULT NULL,
  `date` varchar(50) COLLATE utf8mb4_unicode_ci DEFAULT NULL,
  `time` varchar(50) COLLATE utf8mb4_unicode_ci DEFAULT NULL,
  `status` int(1) DEFAULT NULL,
  PRIMARY KEY (`id`)
) ENGINE=InnoDB AUTO_INCREMENT=52 DEFAULT CHARSET=utf8mb4 COLLATE=utf8mb4_unicode_ci;

-- ----------------------------
-- Records of tbl_dialogue
-- ----------------------------
INSERT INTO tbl_dialogue VALUES ('40', 'o5kXljm1CXR4fopA_mEA8z8lW5Rw', 'o5kXljpjTT8XQYZISR8Ilkz46jcY', 'Hi', '2019-02-12', '15:25:49', '1');
INSERT INTO tbl_dialogue VALUES ('41', 'o5kXljm1CXR4fopA_mEA8z8lW5Rw', 'o5kXljpjTT8XQYZISR8Ilkz46jcY', '你好，我微信134567891233，加我聊天', '2019-02-12', '15:26:25', '1');
INSERT INTO tbl_dialogue VALUES ('42', 'o5kXljpjTT8XQYZISR8Ilkz46jcY', 'o5kXljm1CXR4fopA_mEA8z8lW5Rw', '你是谁？', '2019-02-12', '15:26:57', '1');
INSERT INTO tbl_dialogue VALUES ('43', 'o5kXljm1CXR4fopA_mEA8z8lW5Rw', 'o5kXljpjTT8XQYZISR8Ilkz46jcY', '你不认识我？？？？', '2019-02-12', '15:27:18', '1');
INSERT INTO tbl_dialogue VALUES ('44', 'o5kXljm1CXR4fopA_mEA8z8lW5Rw', 'o5kXljpjTT8XQYZISR8Ilkz46jcY', '我们', '2019-02-12', '15:27:45', '1');
INSERT INTO tbl_dialogue VALUES ('45', 'o5kXljm1CXR4fopA_mEA8z8lW5Rw', 'o5kXljpjTT8XQYZISR8Ilkz46jcY', '家里', '2019-02-12', '15:27:48', '1');
INSERT INTO tbl_dialogue VALUES ('46', 'o5kXljm1CXR4fopA_mEA8z8lW5Rw', 'o5kXljpjTT8XQYZISR8Ilkz46jcY', '无', '2019-02-12', '15:27:53', '1');
INSERT INTO tbl_dialogue VALUES ('47', 'o5kXljm1CXR4fopA_mEA8z8lW5Rw', 'o5kXljpjTT8XQYZISR8Ilkz46jcY', '矿', '2019-02-12', '15:27:57', '1');
INSERT INTO tbl_dialogue VALUES ('48', 'o5kXljpjTT8XQYZISR8Ilkz46jcY', 'o5kXljm1CXR4fopA_mEA8z8lW5Rw', '个红包呢你好我们的啊啊啊啊吧仁慈什么时候发货了陈奕迅', '2019-02-12', '15:28:31', '1');
INSERT INTO tbl_dialogue VALUES ('49', 'o5kXljm1CXR4fopA_mEA8z8lW5Rw', 'o5kXljpjTT8XQYZISR8Ilkz46jcY', '之前', '2019-02-12', '15:29:21', '1');
INSERT INTO tbl_dialogue VALUES ('50', 'o5kXljpjTT8XQYZISR8Ilkz46jcY', 'o5kXljm1CXR4fopA_mEA8z8lW5Rw', '什么时候', '2019-02-12', '15:29:30', '1');
INSERT INTO tbl_dialogue VALUES ('51', 'o5kXljpjTT8XQYZISR8Ilkz46jcY', 'o5kXljm1CXR4fopA_mEA8z8lW5Rw', '在干嘛', '2019-02-12', '21:30:38', '1');

-- ----------------------------
-- Table structure for `tbl_express`
-- ----------------------------
DROP TABLE IF EXISTS `tbl_express`;
CREATE TABLE `tbl_express` (
  `id` int(11) NOT NULL AUTO_INCREMENT,
  `exp_code` varchar(50) COLLATE utf8mb4_unicode_ci DEFAULT NULL COMMENT '快递编号',
  `exp_name` varchar(50) COLLATE utf8mb4_unicode_ci DEFAULT NULL COMMENT '快递名称',
  `logo` varchar(255) COLLATE utf8mb4_unicode_ci DEFAULT NULL COMMENT 'logo图标',
  `tel` varchar(50) COLLATE utf8mb4_unicode_ci DEFAULT NULL COMMENT '服务电话',
  `status` int(1) DEFAULT '0' COMMENT '状态1启用0停用',
  PRIMARY KEY (`id`)
) ENGINE=InnoDB AUTO_INCREMENT=104 DEFAULT CHARSET=utf8mb4 COLLATE=utf8mb4_unicode_ci COMMENT='快递鸟';

-- ----------------------------
-- Records of tbl_express
-- ----------------------------
INSERT INTO tbl_express VALUES ('2', 'AJ', '安捷快递', null, null, '1');
INSERT INTO tbl_express VALUES ('3', 'ANE', '安能物流', null, null, '1');
INSERT INTO tbl_express VALUES ('4', 'AXD', '安信达快递', null, null, '1');
INSERT INTO tbl_express VALUES ('5', 'BQXHM', '北青小红帽', null, null, '1');
INSERT INTO tbl_express VALUES ('6', 'BFDF', '百福东方', null, null, null);
INSERT INTO tbl_express VALUES ('7', 'BTWL', '百世快运', null, null, null);
INSERT INTO tbl_express VALUES ('8', 'CCES', 'CCES快递', null, null, null);
INSERT INTO tbl_express VALUES ('9', 'CITY100', '城市100', null, null, '1');
INSERT INTO tbl_express VALUES ('10', 'COE', 'COE东方快递', null, null, null);
INSERT INTO tbl_express VALUES ('11', 'CSCY', '长沙创一', null, null, null);
INSERT INTO tbl_express VALUES ('12', 'CDSTKY', '成都善途速运', null, null, null);
INSERT INTO tbl_express VALUES ('13', 'DBL', '德邦', null, null, '1');
INSERT INTO tbl_express VALUES ('14', 'DSWL', 'D速物流', null, null, null);
INSERT INTO tbl_express VALUES ('15', 'DTWL', '大田物流', null, null, null);
INSERT INTO tbl_express VALUES ('16', 'EMS', 'EMS', null, null, null);
INSERT INTO tbl_express VALUES ('17', 'FAST', '快捷速递', null, null, null);
INSERT INTO tbl_express VALUES ('18', 'FEDEX', 'FEDEX联邦(国内件）', null, null, null);
INSERT INTO tbl_express VALUES ('19', 'FEDEX_GJ', 'FEDEX联邦(国际件）', null, null, null);
INSERT INTO tbl_express VALUES ('20', 'FKD', '飞康达', null, null, null);
INSERT INTO tbl_express VALUES ('21', 'GDEMS', '广东邮政', null, null, null);
INSERT INTO tbl_express VALUES ('22', 'GSD', '共速达', null, null, null);
INSERT INTO tbl_express VALUES ('23', 'GTO', '国通快递', null, null, null);
INSERT INTO tbl_express VALUES ('24', 'GTSD', '高铁速递', null, null, null);
INSERT INTO tbl_express VALUES ('25', 'HFWL', '汇丰物流', null, null, null);
INSERT INTO tbl_express VALUES ('26', 'HHTT', '天天快递', null, null, '1');
INSERT INTO tbl_express VALUES ('27', 'HLWL', '恒路物流', null, null, null);
INSERT INTO tbl_express VALUES ('28', 'HOAU', '天地华宇', null, null, null);
INSERT INTO tbl_express VALUES ('29', 'hq568', '华强物流', null, null, null);
INSERT INTO tbl_express VALUES ('30', 'HTKY', '百世快递', null, null, '1');
INSERT INTO tbl_express VALUES ('31', 'HXLWL', '华夏龙物流', null, null, null);
INSERT INTO tbl_express VALUES ('32', 'HYLSD', '好来运快递', null, null, null);
INSERT INTO tbl_express VALUES ('33', 'JGSD', '京广速递', null, null, null);
INSERT INTO tbl_express VALUES ('34', 'JIUYE', '九曳供应链', null, null, null);
INSERT INTO tbl_express VALUES ('35', 'JJKY', '佳吉快运', null, null, null);
INSERT INTO tbl_express VALUES ('36', 'JLDT', '嘉里物流', null, null, null);
INSERT INTO tbl_express VALUES ('37', 'JTKD', '捷特快递', null, null, null);
INSERT INTO tbl_express VALUES ('38', 'JXD', '急先达', null, null, null);
INSERT INTO tbl_express VALUES ('39', 'JYKD', '晋越快递', null, null, null);
INSERT INTO tbl_express VALUES ('40', 'JYM', '加运美', null, null, null);
INSERT INTO tbl_express VALUES ('41', 'JYWL', '佳怡物流', null, null, null);
INSERT INTO tbl_express VALUES ('42', 'KYWL', '跨越物流', null, null, null);
INSERT INTO tbl_express VALUES ('43', 'LB', '龙邦快递', null, null, null);
INSERT INTO tbl_express VALUES ('44', 'LHT', '联昊通速递', null, null, null);
INSERT INTO tbl_express VALUES ('45', 'MHKD', '民航快递', null, null, null);
INSERT INTO tbl_express VALUES ('46', 'MLWL', '明亮物流', null, null, null);
INSERT INTO tbl_express VALUES ('47', 'NEDA', '能达速递', null, null, null);
INSERT INTO tbl_express VALUES ('48', 'PADTF', '平安达腾飞快递', null, null, null);
INSERT INTO tbl_express VALUES ('49', 'QCKD', '全晨快递', null, null, null);
INSERT INTO tbl_express VALUES ('50', 'QFKD', '全峰快递', null, null, null);
INSERT INTO tbl_express VALUES ('51', 'QRT', '全日通快递', null, null, null);
INSERT INTO tbl_express VALUES ('52', 'RFD', '如风达', null, null, null);
INSERT INTO tbl_express VALUES ('53', 'SAD', '赛澳递', null, null, null);
INSERT INTO tbl_express VALUES ('54', 'SAWL', '圣安物流', null, null, null);
INSERT INTO tbl_express VALUES ('55', 'SBWL', '盛邦物流', null, null, null);
INSERT INTO tbl_express VALUES ('56', 'SDWL', '上大物流', null, null, null);
INSERT INTO tbl_express VALUES ('57', 'SF', '顺丰快递', null, null, '1');
INSERT INTO tbl_express VALUES ('58', 'SFWL', '盛丰物流', null, null, null);
INSERT INTO tbl_express VALUES ('59', 'SHWL', '盛辉物流', null, null, null);
INSERT INTO tbl_express VALUES ('60', 'ST', '速通物流', null, null, null);
INSERT INTO tbl_express VALUES ('61', 'STO', '申通快递', null, null, null);
INSERT INTO tbl_express VALUES ('62', 'STWL', '速腾快递', null, null, null);
INSERT INTO tbl_express VALUES ('63', 'SURE', '速尔快递', null, null, null);
INSERT INTO tbl_express VALUES ('64', 'TSSTO', '唐山申通', null, null, null);
INSERT INTO tbl_express VALUES ('65', 'UAPEX', '全一快递', null, null, null);
INSERT INTO tbl_express VALUES ('66', 'UC', '优速快递', null, null, null);
INSERT INTO tbl_express VALUES ('67', 'WJWL', '万家物流', null, null, null);
INSERT INTO tbl_express VALUES ('68', 'WXWL', '万象物流', null, null, null);
INSERT INTO tbl_express VALUES ('69', 'XBWL', '新邦物流', null, null, null);
INSERT INTO tbl_express VALUES ('70', 'XFEX', '信丰快递', null, null, null);
INSERT INTO tbl_express VALUES ('71', 'XYT', '希优特', null, null, null);
INSERT INTO tbl_express VALUES ('72', 'XJ', '新杰物流', null, null, null);
INSERT INTO tbl_express VALUES ('73', 'YADEX', '源安达快递', null, null, null);
INSERT INTO tbl_express VALUES ('74', 'YCWL', '远成物流', null, null, null);
INSERT INTO tbl_express VALUES ('75', 'YD', '韵达快递', null, null, null);
INSERT INTO tbl_express VALUES ('76', 'YDH', '义达国际物流', null, null, null);
INSERT INTO tbl_express VALUES ('77', 'YFEX', '越丰物流', null, null, null);
INSERT INTO tbl_express VALUES ('78', 'YFHEX', '原飞航物流', null, null, null);
INSERT INTO tbl_express VALUES ('79', 'YFSD', '亚风快递', null, null, null);
INSERT INTO tbl_express VALUES ('80', 'YTKD', '运通快递', null, null, null);
INSERT INTO tbl_express VALUES ('81', 'YTO', '圆通速递', null, null, null);
INSERT INTO tbl_express VALUES ('82', 'YXKD', '亿翔快递', null, null, null);
INSERT INTO tbl_express VALUES ('83', 'YZPY', '邮政平邮/小包', null, null, null);
INSERT INTO tbl_express VALUES ('84', 'ZENY', '增益快递', null, null, null);
INSERT INTO tbl_express VALUES ('85', 'ZHQKD', '汇强快递', null, null, null);
INSERT INTO tbl_express VALUES ('86', 'ZJS', '宅急送', null, null, null);
INSERT INTO tbl_express VALUES ('87', 'ZTE', '众通快递', null, null, null);
INSERT INTO tbl_express VALUES ('88', 'ZTKY', '中铁快运', null, null, null);
INSERT INTO tbl_express VALUES ('89', 'ZTO', '中通速递', null, null, '1');
INSERT INTO tbl_express VALUES ('90', 'ZTWL', '中铁物流', null, null, null);
INSERT INTO tbl_express VALUES ('91', 'ZYWL', '中邮物流', null, null, null);
INSERT INTO tbl_express VALUES ('92', 'AMAZON', '亚马逊物流', null, null, null);
INSERT INTO tbl_express VALUES ('93', 'SUBIDA', '速必达物流', null, null, null);
INSERT INTO tbl_express VALUES ('94', 'RFEX', '瑞丰速递', null, null, null);
INSERT INTO tbl_express VALUES ('95', 'QUICK', '快客快递', null, null, null);
INSERT INTO tbl_express VALUES ('96', 'CJKD', '城际快递', null, null, null);
INSERT INTO tbl_express VALUES ('97', 'CNPEX', 'CNPEX中邮快递', null, null, null);
INSERT INTO tbl_express VALUES ('98', 'HOTSCM', '鸿桥供应链', null, null, null);
INSERT INTO tbl_express VALUES ('99', 'HPTEX', '海派通物流公司', null, null, null);
INSERT INTO tbl_express VALUES ('100', 'AYCA', '澳邮专线', null, null, null);
INSERT INTO tbl_express VALUES ('101', 'PANEX', '泛捷快递', null, null, null);
INSERT INTO tbl_express VALUES ('102', 'PCA', 'PCA Express', null, null, null);
INSERT INTO tbl_express VALUES ('103', 'UEQ', 'UEQ Express', null, null, null);

-- ----------------------------
-- Table structure for `tbl_express_user`
-- ----------------------------
DROP TABLE IF EXISTS `tbl_express_user`;
CREATE TABLE `tbl_express_user` (
  `id` int(11) NOT NULL AUTO_INCREMENT,
  `exp_code` varchar(50) COLLATE utf8mb4_unicode_ci DEFAULT NULL COMMENT '快递编号',
  `userid` int(11) DEFAULT '0' COMMENT '账号',
  PRIMARY KEY (`id`),
  UNIQUE KEY `unique_expcodeanduserid` (`exp_code`,`userid`)
) ENGINE=InnoDB AUTO_INCREMENT=17 DEFAULT CHARSET=utf8mb4 COLLATE=utf8mb4_unicode_ci COMMENT='我的快递';

-- ----------------------------
-- Records of tbl_express_user
-- ----------------------------
INSERT INTO tbl_express_user VALUES ('7', 'AJ', '1');
INSERT INTO tbl_express_user VALUES ('16', 'AJ', '47');
INSERT INTO tbl_express_user VALUES ('14', 'ANE', '1');
INSERT INTO tbl_express_user VALUES ('15', 'AXD', '1');
INSERT INTO tbl_express_user VALUES ('11', 'BQXHM', '1');
INSERT INTO tbl_express_user VALUES ('13', 'CITY100', '1');
INSERT INTO tbl_express_user VALUES ('10', 'HHTT', '1');
INSERT INTO tbl_express_user VALUES ('6', 'SF', '1');

-- ----------------------------
-- Table structure for `tbl_gift`
-- ----------------------------
DROP TABLE IF EXISTS `tbl_gift`;
CREATE TABLE `tbl_gift` (
  `id` int(11) NOT NULL AUTO_INCREMENT,
  `name` varchar(50) COLLATE utf8_unicode_ci NOT NULL COMMENT '名称',
  `attributes` varchar(255) COLLATE utf8_unicode_ci DEFAULT NULL COMMENT '参数',
  `describes` varchar(255) COLLATE utf8_unicode_ci DEFAULT NULL COMMENT '描述',
  `imgurl1` varchar(255) COLLATE utf8_unicode_ci DEFAULT NULL,
  `imgurl2` varchar(255) COLLATE utf8_unicode_ci DEFAULT NULL,
  `imgurl3` varchar(255) COLLATE utf8_unicode_ci DEFAULT NULL,
  `imgurl4` varchar(255) COLLATE utf8_unicode_ci DEFAULT NULL,
  `score` int(11) DEFAULT NULL COMMENT '分值',
  `stock` int(11) DEFAULT NULL COMMENT '库存',
  `sale` int(11) DEFAULT NULL COMMENT '销量',
  `remark` varchar(255) COLLATE utf8_unicode_ci DEFAULT NULL COMMENT '备注',
  `status` int(1) DEFAULT '1' COMMENT '状态',
  `userid` int(11) DEFAULT NULL,
  `createdate` date DEFAULT NULL,
  `createtime` time DEFAULT NULL,
  PRIMARY KEY (`id`)
) ENGINE=InnoDB AUTO_INCREMENT=12 DEFAULT CHARSET=utf8 COLLATE=utf8_unicode_ci COMMENT='商城礼品管理';

-- ----------------------------
-- Records of tbl_gift
-- ----------------------------
INSERT INTO tbl_gift VALUES ('1', '金猴吊坠1', '基本参数\n基本参数2\n基础知识', '木质手摇音乐盒旋转发条八音盒装饰摆件创意闺蜜女生儿童生日礼物', '5f048a6d-60e4-4cdb-97a3-55baa9628419.jpg', '4a957681-2c66-42d2-a0c7-373cab8b37fc.jpg', '0a3c6923-d0a7-4f5f-966b-fcbc344d099c.jpg', '4d8b784a-7f28-4d91-84a3-6adb5468f8b3.jpg', '10', '88', '11', 'null', '0', '1', '2016-02-05', '17:47:06');
INSERT INTO tbl_gift VALUES ('2', '金猴吊坠2', '参数1\n参数2\n参数3', '产品说明', '4e436d82-8c09-49cc-a96f-6357eca2a141.jpg', '607cc31f-d76c-48ab-9818-b904ce752789.jpg', '39204056-e116-479e-a95e-9f4bfe17a78c.jpg', 'd2eff13a-43cd-4a18-9679-7f065076e2ca.jpg', '40', '91', '8', 'null', '0', '1', '2016-02-05', '17:47:08');
INSERT INTO tbl_gift VALUES ('3', '金猴吊坠3', '', '测试商品& #40;不发货& #41;', 'b2044ae0-3875-46c6-8818-f7b4956cc997.jpg', '1fb14c44-4e84-408f-b1a4-6de3f5e0a448.jpg', '2f3871fc-7c68-4209-a2de-49c3d8743495.jpg', '727e912c-4b96-42c5-a3e9-b8e20ee92fce.jpg', '5', '0', '3', 'null', '0', '1', '2018-04-23', '17:47:10');
INSERT INTO tbl_gift VALUES ('4', '金猴吊坠4', '礼品参数1\n礼品参数2', '礼品描述2', '965fd8df-8261-4ef6-aa28-30921492f10a.png', 'f696fd95-dabd-486c-b737-53b31120f282.png', '506b6e78-aa26-4bd3-9517-ca4aef7d1d20.png', '', '1012', '9992', '1232', null, '1', '2', '2019-01-10', '17:47:12');
INSERT INTO tbl_gift VALUES ('5', '少儿美术训练大参考2', '', '', 'aabdcc75-e1a3-44dd-9f2e-33ebe6df43b3.png', '', '', '', '1000', '11000', '0', null, '1', '47', '2019-02-12', '15:35:32');
INSERT INTO tbl_gift VALUES ('6', '金猴吊坠1', '', '', '4714dff1-164b-4568-a3c0-33c46b5fe1b5.png', '', '', '', '2000', '9999', '0', null, '1', '47', '2019-02-12', '15:36:10');
INSERT INTO tbl_gift VALUES ('7', '金猴吊坠2', '', '', '12889598-a15b-415c-8536-c301ec140b14.png', '', '', '', '1000', '9999', '0', null, '1', '47', '2019-02-12', '15:36:21');

-- ----------------------------
-- Table structure for `tbl_gift_exchange`
-- ----------------------------
DROP TABLE IF EXISTS `tbl_gift_exchange`;
CREATE TABLE `tbl_gift_exchange` (
  `id` int(11) NOT NULL AUTO_INCREMENT,
  `date` date DEFAULT NULL,
  `time` time DEFAULT NULL,
  `openid` varchar(50) COLLATE utf8_unicode_ci DEFAULT NULL,
  `giftid` int(11) DEFAULT NULL COMMENT '礼品id',
  `count` int(11) DEFAULT NULL COMMENT '数量',
  `score` int(11) DEFAULT NULL COMMENT '分值',
  `message` varchar(255) COLLATE utf8_unicode_ci DEFAULT NULL,
  `province` varchar(50) COLLATE utf8_unicode_ci DEFAULT NULL,
  `city` varchar(50) COLLATE utf8_unicode_ci DEFAULT NULL,
  `country` varchar(50) COLLATE utf8_unicode_ci DEFAULT NULL,
  `detailaddress` varchar(255) COLLATE utf8_unicode_ci DEFAULT NULL,
  `fullname` varchar(50) COLLATE utf8_unicode_ci DEFAULT NULL,
  `mobile` varchar(50) COLLATE utf8_unicode_ci DEFAULT NULL,
  `express` varchar(50) COLLATE utf8_unicode_ci DEFAULT NULL,
  `expressno` varchar(50) COLLATE utf8_unicode_ci DEFAULT NULL,
  `expressdate` date DEFAULT NULL,
  `remark` varchar(255) COLLATE utf8_unicode_ci DEFAULT NULL,
  `status` int(11) DEFAULT '1',
  PRIMARY KEY (`id`)
) ENGINE=InnoDB AUTO_INCREMENT=12 DEFAULT CHARSET=utf8 COLLATE=utf8_unicode_ci COMMENT='礼品兑换';

-- ----------------------------
-- Records of tbl_gift_exchange
-- ----------------------------
INSERT INTO tbl_gift_exchange VALUES ('1', '2019-01-05', '10:58:20', 'o5kXljm1CXR4fopA_mEA8z8lW5Rw', '4', '1', '10', null, null, null, null, null, null, null, 'ZTO', '12343211111', '2019-01-14', null, '2');
INSERT INTO tbl_gift_exchange VALUES ('2', '2019-01-14', '22:01:25', 'o5kXljm1CXR4fopA_mEA8z8lW5Rw', '4', '2', '20', 'message', '湖南省', '长沙市', '长沙县', '星沙特立西路18号 三一街区2栋1002', '娄本霞', '13548633283', 'ZTO', '8899456123', '2019-01-14', null, '2');
INSERT INTO tbl_gift_exchange VALUES ('3', '2019-01-14', '22:09:08', 'o5kXljm1CXR4fopA_mEA8z8lW5Rw', '2', '9', '360', '留言板', '湖南省', '长沙市', '长沙县', '星沙特立西路18号 三一街区2栋1002', '娄本霞', '13548633283', 'SF', '523579765235', '2019-01-14', null, '2');
INSERT INTO tbl_gift_exchange VALUES ('4', '2019-01-14', '22:27:51', 'o5kXljm1CXR4fopA_mEA8z8lW5Rw', '2', '2', '80', '海边的时候就可以了', '湖南省', '长沙市', '长沙县', '星沙特立西路18号 三一街区', '陈志云', '18670790882', 'BQXHM', '523579765235', '2019-01-30', null, '2');
INSERT INTO tbl_gift_exchange VALUES ('5', '2019-01-15', '00:24:03', 'o5kXljm1CXR4fopA_mEA8z8lW5Rw', '3', '3', '15', '', '湖南省', '长沙市', '长沙县', '星沙特立西路18号 三一街区', '陈志云', '18670790882', null, null, null, null, '1');
INSERT INTO tbl_gift_exchange VALUES ('6', '2019-01-15', '00:34:00', 'o5kXljm1CXR4fopA_mEA8z8lW5Rw', '2', '2', '80', '', '湖南省', '长沙市', '长沙县', '星沙特立西路18号 三一街区', '陈志云', '18670790882', null, null, null, null, '1');
INSERT INTO tbl_gift_exchange VALUES ('7', '2019-01-15', '00:38:54', 'o5kXljm1CXR4fopA_mEA8z8lW5Rw', '1', '2', '20', '', '湖南省', '长沙市', '长沙县', '星沙特立西路18号 三一街区2栋1002', '娄本霞', '13548633283', null, null, null, null, '1');
INSERT INTO tbl_gift_exchange VALUES ('8', '2019-01-16', '10:35:02', 'o5kXljm1CXR4fopA_mEA8z8lW5Rw', '2', '2', '80', '', '湖南省', '长沙市', '长沙县', '星沙特立西路18号 三一街区', '陈志云', '18670790882', null, null, null, null, '1');
INSERT INTO tbl_gift_exchange VALUES ('9', '2019-01-17', '00:38:39', 'o5kXljm1CXR4fopA_mEA8z8lW5Rw', '1', '3', '30', '', '湖南省', '长沙市', '长沙县', '星沙特立西路18号 三一街区', '陈志云', '18670790882', 'HHTT', '98765432123456', '2019-01-17', null, '2');
INSERT INTO tbl_gift_exchange VALUES ('10', '2019-01-21', '17:21:31', 'o5kXljm1CXR4fopA_mEA8z8lW5Rw', '1', '2', '20', '', '湖南省', '长沙市', '长沙县', '星沙特立西路18号 三一街区', '陈志云', '18670790882', null, null, null, null, '1');
INSERT INTO tbl_gift_exchange VALUES ('11', '2019-02-12', '15:39:40', 'o5kXljm1CXR4fopA_mEA8z8lW5Rw', '8', '2', '200', '订单编号', '湖南省', '长沙市', '长沙县', '星沙特立西路18号 三一街区', '陈志云', '18670790882', 'AJ', '5235797652356', '2019-02-12', null, '2');

-- ----------------------------
-- Table structure for `tbl_gift_integral`
-- ----------------------------
DROP TABLE IF EXISTS `tbl_gift_integral`;
CREATE TABLE `tbl_gift_integral` (
  `id` int(11) NOT NULL AUTO_INCREMENT,
  `date` date DEFAULT NULL,
  `time` time DEFAULT NULL,
  `message` varchar(50) COLLATE utf8_unicode_ci DEFAULT '' COMMENT '二维码',
  `score` int(11) DEFAULT NULL COMMENT '分值',
  `openid` varchar(50) COLLATE utf8_unicode_ci DEFAULT NULL,
  PRIMARY KEY (`id`)
) ENGINE=InnoDB AUTO_INCREMENT=4 DEFAULT CHARSET=utf8 COLLATE=utf8_unicode_ci COMMENT='积分记录';

-- ----------------------------
-- Records of tbl_gift_integral
-- ----------------------------
INSERT INTO tbl_gift_integral VALUES ('1', '2019-01-05', '11:39:39', '5235797612345687', '100', 'ogp3k1KwWPB_t1wGXbHcZc8EwJcc');
INSERT INTO tbl_gift_integral VALUES ('3', '2019-01-15', '21:40:23', '5235797612345697', '333', 'o5kXljm1CXR4fopA_mEA8z8lW5Rw');

-- ----------------------------
-- Table structure for `tbl_member`
-- ----------------------------
DROP TABLE IF EXISTS `tbl_member`;
CREATE TABLE `tbl_member` (
  `id` int(11) NOT NULL AUTO_INCREMENT,
  `openid` varchar(50) COLLATE utf8_unicode_ci DEFAULT '' COMMENT '微信id',
  `mobile` varchar(50) COLLATE utf8_unicode_ci DEFAULT NULL COMMENT '手机号码',
  `fullname` varchar(50) COLLATE utf8_unicode_ci DEFAULT NULL COMMENT '姓名',
  `nickname` varchar(255) CHARACTER SET utf8mb4 COLLATE utf8mb4_unicode_ci DEFAULT NULL COMMENT '微信昵称',
  `sex` int(1) DEFAULT NULL COMMENT '性别',
  `headimgurl` varchar(255) COLLATE utf8_unicode_ci DEFAULT NULL COMMENT '微信头像',
  `province` varchar(50) COLLATE utf8_unicode_ci DEFAULT NULL COMMENT '省份',
  `city` varchar(50) COLLATE utf8_unicode_ci DEFAULT NULL COMMENT '城市',
  `address` varchar(255) COLLATE utf8_unicode_ci DEFAULT NULL COMMENT '详细地址',
  `score` int(11) DEFAULT '0' COMMENT '积分值',
  `validitydate` date DEFAULT NULL COMMENT '有效期',
  `remark` varchar(255) COLLATE utf8_unicode_ci DEFAULT NULL COMMENT '备注',
  `status` int(1) DEFAULT NULL COMMENT '状态',
  `createdate` date DEFAULT NULL COMMENT '创建日期',
  `createtime` time DEFAULT NULL COMMENT '创建时间',
  PRIMARY KEY (`id`),
  UNIQUE KEY `unique_openid` (`openid`),
  KEY `normal_nickname` (`nickname`(191))
) ENGINE=InnoDB AUTO_INCREMENT=23902 DEFAULT CHARSET=utf8 COLLATE=utf8_unicode_ci COMMENT='会员表';

-- ----------------------------
-- Records of tbl_member
-- ----------------------------
INSERT INTO tbl_member VALUES ('23897', 'o5kXljpjTT8XQYZISR8Ilkz46jcY', null, null, '曾经', '1', 'http://thirdwx.qlogo.cn/mmopen/vi_32/Q0j4TwGTfTKmWhxYwMIZW0oS71zCIZlGdWKh9Tlrb0nDick6TwIpq7LdPMIox4l7VPMQccAlotVA3icYYHlg2maQ/132', '湖南', '长沙', null, '0', null, null, null, '2018-12-20', '15:07:45');
INSERT INTO tbl_member VALUES ('23898', 'ogp3k1MGZPjLzwIXrFkZo7YwQdgI', null, null, '刘人博', '1', 'http://thirdwx.qlogo.cn/mmopen/vi_32/Q0j4TwGTfTKmWhxYwMIZW0oS71zCIZlGdWKh9Tlrb0nDick6TwIpq7LdPMIox4l7VPMQccAlotVA3icYYHlg2maQ/132', '湖南', '长沙', null, '0', null, null, null, '2018-12-21', '06:21:42');
INSERT INTO tbl_member VALUES ('23899', 'ogp3k1CVlN1Kl741FIkOOeJB-2jg', null, null, 'wj', '1', 'http://thirdwx.qlogo.cn/mmopen/vi_32/Lg5ib8Foia9HeFLCERUcpbRy9ubjRZdSO3vzvjDkxzL2TGciafBN9IHcf1D0qfjHnCmYwDlJyBslPWlvZohlcHLmw/132', '湖南', '长沙', null, '0', null, null, null, '2018-12-25', '11:12:03');
INSERT INTO tbl_member VALUES ('23901', 'o5kXljm1CXR4fopA_mEA8z8lW5Rw', null, null, 'eluoen', '1', 'http://thirdwx.qlogo.cn/mmopen/vi_32/Q0j4TwGTfTLL6qhN5cP9CagyrQibr4rnag3LyicLeXbnhbsnlYS59AJZJk1IpJbXC8cJDkDsHeTBNE9p1jV8tPKQ/132', '湖南', '长沙', null, '3', null, null, null, '2019-01-15', '21:40:21');

-- ----------------------------
-- Table structure for `tbl_member_location`
-- ----------------------------
DROP TABLE IF EXISTS `tbl_member_location`;
CREATE TABLE `tbl_member_location` (
  `openid` varchar(50) COLLATE utf8_unicode_ci NOT NULL DEFAULT '' COMMENT '微信id',
  `longitude` varchar(50) COLLATE utf8_unicode_ci DEFAULT NULL COMMENT '经度',
  `latitude` varchar(50) COLLATE utf8_unicode_ci DEFAULT NULL COMMENT '纬度',
  `province` varchar(255) COLLATE utf8_unicode_ci DEFAULT NULL COMMENT '省',
  `city` varchar(255) COLLATE utf8_unicode_ci DEFAULT NULL COMMENT '市',
  `district` varchar(255) COLLATE utf8_unicode_ci DEFAULT NULL COMMENT '县区',
  `address` varchar(255) COLLATE utf8_unicode_ci DEFAULT NULL COMMENT '地址描述',
  `recommend` varchar(255) COLLATE utf8_unicode_ci DEFAULT NULL COMMENT '经过腾讯地图优化过的描述',
  `datetime` datetime DEFAULT NULL,
  PRIMARY KEY (`openid`),
  UNIQUE KEY `unique_openid` (`openid`)
) ENGINE=InnoDB DEFAULT CHARSET=utf8 COLLATE=utf8_unicode_ci COMMENT='会员表';

-- ----------------------------
-- Records of tbl_member_location
-- ----------------------------
INSERT INTO tbl_member_location VALUES ('o5kXljm1CXR4fopA_mEA8z8lW5Rw', '113.06165', '28.259686', '湖南省', '长沙市', '长沙县', '湖南省长沙市长沙县南塘路', '四季星城1期12号楼', '2019-02-12 21:31:02');
INSERT INTO tbl_member_location VALUES ('o5kXljpjTT8XQYZISR8Ilkz46jcY', '113.06174', '28.2597', '湖南省', '长沙市', '长沙县', '湖南省长沙市长沙县南塘路', '四季星城1期12号楼', '2019-02-12 21:30:15');
INSERT INTO tbl_member_location VALUES ('ogp3k1CVlN1Kl741FIkOOeJB-2jg', '113.061806', '28.259928', '湖南省', '长沙市', '长沙县', '湖南省长沙市长沙县南塘路', '四季星城一期11号楼', null);
INSERT INTO tbl_member_location VALUES ('ogp3k1MGZPjLzwIXrFkZo7YwQdgI', '111.51', '29.02', '常德', null, null, null, null, null);

-- ----------------------------
-- Table structure for `tbl_mp_info`
-- ----------------------------
DROP TABLE IF EXISTS `tbl_mp_info`;
CREATE TABLE `tbl_mp_info` (
  `id` int(11) NOT NULL AUTO_INCREMENT COMMENT '主键',
  `userid` int(11) DEFAULT NULL,
  `ad1_img` varchar(255) COLLATE utf8mb4_unicode_ci DEFAULT NULL COMMENT '首页广告栏1',
  `ad1_link` varchar(255) COLLATE utf8mb4_unicode_ci DEFAULT NULL,
  `ad2_img` varchar(255) COLLATE utf8mb4_unicode_ci DEFAULT NULL,
  `ad2_link` varchar(255) COLLATE utf8mb4_unicode_ci DEFAULT NULL COMMENT '广告栏2',
  `ad3_img` varchar(255) COLLATE utf8mb4_unicode_ci DEFAULT NULL,
  `ad3_link` varchar(255) COLLATE utf8mb4_unicode_ci DEFAULT NULL COMMENT '广告栏3',
  `ad4_img` varchar(255) COLLATE utf8mb4_unicode_ci DEFAULT NULL COMMENT '在线论坛',
  `ad4_link` varchar(255) COLLATE utf8mb4_unicode_ci DEFAULT NULL COMMENT '在线论坛',
  `ad5_img` varchar(255) COLLATE utf8mb4_unicode_ci DEFAULT NULL COMMENT '个人中心',
  `ad5_link` varchar(255) COLLATE utf8mb4_unicode_ci DEFAULT NULL COMMENT '个人中心',
  `ad6_img` varchar(255) COLLATE utf8mb4_unicode_ci DEFAULT NULL COMMENT '积分商城1',
  `ad6_link` varchar(255) COLLATE utf8mb4_unicode_ci DEFAULT NULL COMMENT '积分商城1',
  `ad7_img` varchar(255) COLLATE utf8mb4_unicode_ci DEFAULT NULL COMMENT '积分商城2',
  `ad7_link` varchar(255) COLLATE utf8mb4_unicode_ci DEFAULT NULL COMMENT '积分商城2',
  `ad8_img` varchar(255) COLLATE utf8mb4_unicode_ci DEFAULT NULL,
  `ad8_link` varchar(255) COLLATE utf8mb4_unicode_ci DEFAULT NULL,
  `ad9_img` varchar(255) COLLATE utf8mb4_unicode_ci DEFAULT NULL,
  `ad9_link` varchar(255) COLLATE utf8mb4_unicode_ci DEFAULT NULL,
  `ad10_img` varchar(255) COLLATE utf8mb4_unicode_ci DEFAULT NULL,
  `ad10_link` varchar(255) COLLATE utf8mb4_unicode_ci DEFAULT NULL,
  `title` varchar(50) COLLATE utf8mb4_unicode_ci DEFAULT NULL COMMENT '标题',
  `restype` varchar(50) COLLATE utf8mb4_unicode_ci DEFAULT NULL COMMENT '资源类型（reslink：外链 resurl：oss）',
  `tel` varchar(50) COLLATE utf8mb4_unicode_ci DEFAULT NULL,
  `logo_img` varchar(255) COLLATE utf8mb4_unicode_ci DEFAULT NULL COMMENT '系统logo',
  `resource_img` varchar(255) COLLATE utf8mb4_unicode_ci DEFAULT NULL,
  `collection_img` varchar(255) COLLATE utf8mb4_unicode_ci DEFAULT NULL,
  `center_img` varchar(255) COLLATE utf8mb4_unicode_ci DEFAULT NULL,
  `integralmall_img` varchar(255) COLLATE utf8mb4_unicode_ci DEFAULT NULL,
  `bbs_img` varchar(255) COLLATE utf8mb4_unicode_ci DEFAULT NULL,
  `opinion_img` varchar(255) COLLATE utf8mb4_unicode_ci DEFAULT NULL,
  `rights` varchar(255) COLLATE utf8mb4_unicode_ci DEFAULT NULL COMMENT '会员权益说明',
  `wxname` varchar(50) COLLATE utf8mb4_unicode_ci DEFAULT NULL COMMENT '公众号名称',
  `wxqrcode_img` varchar(255) COLLATE utf8mb4_unicode_ci DEFAULT NULL COMMENT '公众号二维码图片',
  `tz1_name` varchar(50) COLLATE utf8mb4_unicode_ci DEFAULT NULL COMMENT '拓展功能1',
  `tz1_img` varchar(255) COLLATE utf8mb4_unicode_ci DEFAULT NULL COMMENT '拓展功能1',
  `tz1_link` varchar(255) COLLATE utf8mb4_unicode_ci DEFAULT NULL COMMENT '拓展功能1',
  `tz2_name` varchar(50) COLLATE utf8mb4_unicode_ci DEFAULT NULL,
  `tz2_img` varchar(255) COLLATE utf8mb4_unicode_ci DEFAULT NULL,
  `tz2_link` varchar(255) COLLATE utf8mb4_unicode_ci DEFAULT NULL,
  `tz3_name` varchar(50) COLLATE utf8mb4_unicode_ci DEFAULT NULL,
  `tz3_img` varchar(255) COLLATE utf8mb4_unicode_ci DEFAULT NULL,
  `tz3_link` varchar(255) COLLATE utf8mb4_unicode_ci DEFAULT NULL,
  `tz4_name` varchar(50) COLLATE utf8mb4_unicode_ci DEFAULT NULL,
  `tz4_img` varchar(255) COLLATE utf8mb4_unicode_ci DEFAULT NULL,
  `tz4_link` varchar(255) COLLATE utf8mb4_unicode_ci DEFAULT NULL,
  `tz5_name` varchar(50) COLLATE utf8mb4_unicode_ci DEFAULT NULL,
  `tz5_img` varchar(255) COLLATE utf8mb4_unicode_ci DEFAULT NULL,
  `tz5_link` varchar(255) COLLATE utf8mb4_unicode_ci DEFAULT NULL,
  `tz6_name` varchar(50) COLLATE utf8mb4_unicode_ci DEFAULT NULL,
  `tz6_img` varchar(255) COLLATE utf8mb4_unicode_ci DEFAULT NULL,
  `tz6_link` varchar(255) COLLATE utf8mb4_unicode_ci DEFAULT NULL,
  PRIMARY KEY (`id`)
) ENGINE=InnoDB AUTO_INCREMENT=4 DEFAULT CHARSET=utf8mb4 COLLATE=utf8mb4_unicode_ci;

-- ----------------------------
-- Records of tbl_mp_info
-- ----------------------------
INSERT INTO tbl_mp_info VALUES ('1', '1', '4fb4b24b-9c97-4d3e-8a81-e97ba5a232b4.jpg', '', '5e819d37-464e-49b8-9cae-26c83de87b21.jpg', '', 'f1fe0a9c-19e6-403c-b5f2-8ed7c5fd2f59.jpg', '', '42789613-1b62-44f1-aa82-b988017c83bd.jpg', '', '898ccf55-ad5d-44e0-a83e-b6b465ab8906.jpg', '', '44cc98e3-700c-4721-9986-1d04fbd1b539.jpg', '', '2e2321a3-2225-4a91-9185-99a74967e50f.jpg', '', '021035ec-dd4b-4974-bde1-a436dc291d19.jpg', '', '3845b836-d126-40f1-90a5-5550f930e9ec.jpg', '', '79b30141-c601-4309-b2f8-bfcf4fa86c4c.jpg', '#123', '湖南文艺出版社', 'reslink', '13548633283', 'b6ff9b42-76a6-483a-bd41-a854f74e17e7.png', '4eb36f95-03b6-4cd8-868f-d2ffefc3c35e.jpg', 'eec53d7a-6839-4f62-bfeb-9d857b3b2d85.jpg', '947d1fdf-a03f-4801-a154-f04342b32c88.jpg', '', '', '', '12', '公众号名称', '6bbbd101-8d3c-478e-af2a-08d60172800a.png', '积分商城', '3acbdc8a-30ae-41e0-a1da-e10c04ab0e40.png', 'integralmall/home', '在线论坛', '6c1f1b62-221d-4342-843b-438b0d4eca5a.png', 'bbsHome', '意见建议', '8266fa63-bb46-4a05-9e1f-ff744682c7cf.png', 'opinion_create', '京东商城', '52d4fd44-3e72-41a5-bfb0-cd896e6db3c4.png', '', '找朋友', 'b090850e-3b10-4549-be27-c6c3c1f66ff1.png', 'lbs/friendStart', '优惠券', '9428bb12-c826-4125-8633-0ed3414db618.png', '');
INSERT INTO tbl_mp_info VALUES ('2', '47', '6d05cd1e-bc97-47d0-be5f-d379f93d9a40.jpg', '', '5f2c6a44-fbc9-4dc8-af95-b93f74add2b5.jpg', '', '9f439c5e-fe38-4e2a-a54d-d57c8619a847.jpg', '', '21744fe1-f675-4820-9519-346cff7aa93c.jpg', '', '4eaf7d53-c5c6-477c-8766-0f5b65b06577.jpg', '', '878fb9e6-ccd5-45c3-96d4-1f9cb7df7430.jpg', '', 'f91eedcc-50fa-47ed-95c4-c2d15985e3df.jpg', '', '50cf1366-bc0f-4798-9978-057ac1c19076.jpg', '', '71e59576-f093-4670-a76e-c8caa687b2f7.png', '', '9875c96e-69bd-4e04-88b2-dac6c6f246e0.jpg', '', '湖南文艺出版之计', '', '', '', '0ed08ca0-00f8-4f90-819b-a4ad95131fea.jpg', '749154b0-dd40-4543-857d-ee7cea3a2fe3.jpg', '20d3726f-72a0-418b-a9fc-1f9a945d42cc.jpg', '', '', '', '', '', '', '积分商城', 'ab59b1e1-8088-4228-b216-32a343a00bfc.png', 'integralmall/home', '在线论坛', '8ba90150-1e00-462f-89a1-46c7cb435482.png', 'bbsHome', '意见建议', 'b87aa4d8-66db-41e7-9138-de1654f2bafc.png', '', '京东商城', 'ba8fff29-a364-4e20-b211-6d8e89f8e043.png', '', '找朋友', '2791ee2f-e798-41c7-9061-49671eada238.png', 'lbs/friendStart', '便捷服务', '9439d29c-9d12-471f-a137-07fd369571ba.png', 'https://h5.youzan.com/v2/ump/promocard/fetch?alias=cr3fa9uk');
INSERT INTO tbl_mp_info VALUES ('3', '44', null, null, null, null, null, null, null, null, null, null, null, null, null, null, null, null, null, null, null, null, null, null, null, null, null, null, null, null, null, null, null, null, null, null, null, null, null, null, null, null, null, null, null, null, null, null, null, null, null, null, null);

-- ----------------------------
-- Table structure for `tbl_opinion`
-- ----------------------------
DROP TABLE IF EXISTS `tbl_opinion`;
CREATE TABLE `tbl_opinion` (
  `id` int(11) NOT NULL AUTO_INCREMENT,
  `content` text COLLATE utf8mb4_unicode_ci COMMENT '意见内容',
  `openid` varchar(50) COLLATE utf8mb4_unicode_ci DEFAULT NULL COMMENT '微信openid',
  `mobile` varchar(50) COLLATE utf8mb4_unicode_ci DEFAULT NULL,
  `createdate` date DEFAULT NULL COMMENT '创建日期',
  `createtime` time DEFAULT NULL COMMENT '创建时间',
  `userid` int(11) DEFAULT NULL,
  PRIMARY KEY (`id`)
) ENGINE=InnoDB AUTO_INCREMENT=5 DEFAULT CHARSET=utf8mb4 COLLATE=utf8mb4_unicode_ci COMMENT='意见建议';

-- ----------------------------
-- Records of tbl_opinion
-- ----------------------------
INSERT INTO tbl_opinion VALUES ('1', '共享单车半年融资超30亿元，无人货架半年收割50亿元，现在超20亿元的资本在三个月内又涌入社区团购这一赛道。红杉、高瓴、IDG、GGV……超过一半的一线机构在这个赛道投下了筹码。', 'o5kXljm1CXR4fopA_mEA8z8lW5Rw', '18670790882', '2018-12-12', '00:53:16', null);
INSERT INTO tbl_opinion VALUES ('2', '我们家里面的东西了吧唧一口价钱如何是好啊啊啊啊', 'o5kXljm1CXR4fopA_mEA8z8lW5Rw', '12345467879', '2018-12-15', '00:45:54', null);
INSERT INTO tbl_opinion VALUES ('3', '测试意见', 'ogp3k1KwWPB_t1wGXbHcZc8EwJcc', '', '2018-12-16', '02:20:48', null);
INSERT INTO tbl_opinion VALUES ('4', '要求发电子乐谱\n', 'ogp3k1MGZPjLzwIXrFkZo7YwQdgI', '', '2018-12-17', '16:34:49', null);

-- ----------------------------
-- Table structure for `tbl_qrcode`
-- ----------------------------
DROP TABLE IF EXISTS `tbl_qrcode`;
CREATE TABLE `tbl_qrcode` (
  `id` int(11) NOT NULL AUTO_INCREMENT,
  `qrcode` varchar(30) COLLATE utf8_unicode_ci DEFAULT NULL,
  `bookid` int(11) DEFAULT NULL,
  PRIMARY KEY (`id`)
) ENGINE=InnoDB AUTO_INCREMENT=13 DEFAULT CHARSET=utf8 COLLATE=utf8_unicode_ci;

-- ----------------------------
-- Records of tbl_qrcode
-- ----------------------------
INSERT INTO tbl_qrcode VALUES ('1', '5235797612345686', '8');
INSERT INTO tbl_qrcode VALUES ('2', '5235797612345687', '8');
INSERT INTO tbl_qrcode VALUES ('3', '5235797612345688', '8');
INSERT INTO tbl_qrcode VALUES ('4', '5235797612345689', '8');
INSERT INTO tbl_qrcode VALUES ('5', '5235797612345690', '9');
INSERT INTO tbl_qrcode VALUES ('6', '5235797612345691', '9');
INSERT INTO tbl_qrcode VALUES ('7', '5235797612345692', '10');
INSERT INTO tbl_qrcode VALUES ('8', '5235797612345693', '10');
INSERT INTO tbl_qrcode VALUES ('9', '5235797612345694', '11');
INSERT INTO tbl_qrcode VALUES ('10', '5235797612345695', '11');
INSERT INTO tbl_qrcode VALUES ('11', '5235797612345696', '11');
INSERT INTO tbl_qrcode VALUES ('12', '5235797612345697', '8');

-- ----------------------------
-- Table structure for `tbl_qrcode_auth`
-- ----------------------------
DROP TABLE IF EXISTS `tbl_qrcode_auth`;
CREATE TABLE `tbl_qrcode_auth` (
  `id` int(11) NOT NULL AUTO_INCREMENT,
  `qrcode` varchar(30) COLLATE utf8_unicode_ci DEFAULT NULL COMMENT '二维码',
  `bookid` int(11) DEFAULT NULL COMMENT '书籍id',
  `openid` varchar(50) COLLATE utf8_unicode_ci DEFAULT NULL COMMENT '微信openid',
  `createdate` date DEFAULT NULL COMMENT '认证日期',
  `createtime` time DEFAULT NULL COMMENT '认证时间',
  PRIMARY KEY (`id`)
) ENGINE=InnoDB AUTO_INCREMENT=26 DEFAULT CHARSET=utf8 COLLATE=utf8_unicode_ci COMMENT='二维码认证';

-- ----------------------------
-- Records of tbl_qrcode_auth
-- ----------------------------
INSERT INTO tbl_qrcode_auth VALUES ('17', '5235797612345688', '11', 'ogp3k1MGZPjLzwIXrFkZo7YwQdgI', '2018-12-17', '16:06:05');
INSERT INTO tbl_qrcode_auth VALUES ('18', '5235797612345689', '11', 'ogp3k1CVlN1Kl741FIkOOeJB-2jg', '2018-12-18', '09:02:54');
INSERT INTO tbl_qrcode_auth VALUES ('19', '5235797612345690', '11', 'o5kXljpjTT8XQYZISR8Ilkz46jcY', '2018-12-20', '15:03:05');
INSERT INTO tbl_qrcode_auth VALUES ('20', '5235797612345692', '10', 'o5kXljpjTT8XQYZISR8Ilkz46jcY', '2018-12-20', '15:07:38');
INSERT INTO tbl_qrcode_auth VALUES ('21', '5235797612345694', '11', 'o5kXljpjTT8XQYZISR8Ilkz46jcY', '2018-12-20', '15:07:45');
INSERT INTO tbl_qrcode_auth VALUES ('22', '5235797612345691', '9', 'ogp3k1MGZPjLzwIXrFkZo7YwQdgI', '2018-12-21', '06:21:42');
INSERT INTO tbl_qrcode_auth VALUES ('23', '5235797612345696', '11', 'ogp3k1CVlN1Kl741FIkOOeJB-2jg', '2018-12-25', '11:12:03');
INSERT INTO tbl_qrcode_auth VALUES ('24', '5235797612345687', '8', 'o5kXljm1CXR4fopA_mEA8z8lW5Rw', '2019-01-02', '10:37:09');
INSERT INTO tbl_qrcode_auth VALUES ('25', '5235797612345697', '9', 'o5kXljm1CXR4fopA_mEA8z8lW5Rw', '2019-01-15', '21:40:21');

-- ----------------------------
-- Table structure for `tbl_template`
-- ----------------------------
DROP TABLE IF EXISTS `tbl_template`;
CREATE TABLE `tbl_template` (
  `id` int(11) NOT NULL AUTO_INCREMENT,
  `name` varchar(50) COLLATE utf8mb4_unicode_ci DEFAULT NULL,
  `templateid` varchar(255) COLLATE utf8mb4_unicode_ci DEFAULT NULL,
  `url` varchar(255) COLLATE utf8mb4_unicode_ci DEFAULT NULL,
  `remark` varchar(255) COLLATE utf8mb4_unicode_ci DEFAULT NULL,
  PRIMARY KEY (`id`)
) ENGINE=InnoDB AUTO_INCREMENT=3 DEFAULT CHARSET=utf8mb4 COLLATE=utf8mb4_unicode_ci;

-- ----------------------------
-- Records of tbl_template
-- ----------------------------
INSERT INTO tbl_template VALUES ('1', '找朋友消息通知', 'jrSermhUSwlmS8HDAo25wDzFAKI--j44nrHW4Wu0JC4', 'http://niqan.nat300.top/bm/mp/lbs/dialogueTo', '赶快去找他聊天吧！');
INSERT INTO tbl_template VALUES ('2', '找朋友消息通知回应', 'I4mRJ_T1YTzEUUEdhVzNG5UcGBCUPsdMSkPoGGXtdJI', 'http://niqan.nat300.top/bm/mp/lbs/dialogueResp', '一起来聊天吧！');

-- ----------------------------
-- Table structure for `tbl_wxcollection`
-- ----------------------------
DROP TABLE IF EXISTS `tbl_wxcollection`;
CREATE TABLE `tbl_wxcollection` (
  `id` int(11) NOT NULL AUTO_INCREMENT,
  `openid` varchar(50) COLLATE utf8_unicode_ci DEFAULT NULL COMMENT '微信openid',
  `bookcatalogid` int(11) DEFAULT NULL COMMENT '书籍列表id',
  PRIMARY KEY (`id`)
) ENGINE=InnoDB AUTO_INCREMENT=53 DEFAULT CHARSET=utf8 COLLATE=utf8_unicode_ci;

-- ----------------------------
-- Records of tbl_wxcollection
-- ----------------------------
INSERT INTO tbl_wxcollection VALUES ('43', 'ogp3k1KwWPB_t1wGXbHcZc8EwJcc', '27');
INSERT INTO tbl_wxcollection VALUES ('44', 'ogp3k1KwWPB_t1wGXbHcZc8EwJcc', '58');
INSERT INTO tbl_wxcollection VALUES ('45', 'ogp3k1KwWPB_t1wGXbHcZc8EwJcc', '63');
INSERT INTO tbl_wxcollection VALUES ('46', 'ogp3k1KwWPB_t1wGXbHcZc8EwJcc', '129');
INSERT INTO tbl_wxcollection VALUES ('47', 'ogp3k1KwWPB_t1wGXbHcZc8EwJcc', '281');
INSERT INTO tbl_wxcollection VALUES ('48', 'ogp3k1CVlN1Kl741FIkOOeJB-2jg', '21');
INSERT INTO tbl_wxcollection VALUES ('49', 'ogp3k1KwWPB_t1wGXbHcZc8EwJcc', '42');
INSERT INTO tbl_wxcollection VALUES ('50', 'ogp3k1KwWPB_t1wGXbHcZc8EwJcc', '229');
INSERT INTO tbl_wxcollection VALUES ('51', 'ogp3k1KwWPB_t1wGXbHcZc8EwJcc', '301');
INSERT INTO tbl_wxcollection VALUES ('52', 'ogp3k1CVlN1Kl741FIkOOeJB-2jg', '19');

-- ----------------------------
-- Table structure for `test`
-- ----------------------------
DROP TABLE IF EXISTS `test`;
CREATE TABLE `test` (
  `aaa` int(11) NOT NULL AUTO_INCREMENT,
  `bbb` varchar(255) DEFAULT NULL,
  PRIMARY KEY (`aaa`) USING BTREE
) ENGINE=InnoDB DEFAULT CHARSET=utf8 ROW_FORMAT=DYNAMIC;

-- ----------------------------
-- Records of test
-- ----------------------------

-- ----------------------------
-- View structure for `v_openid`
-- ----------------------------
DROP VIEW IF EXISTS `v_openid`;
CREATE ALGORITHM=UNDEFINED DEFINER=`root`@`localhost` SQL SECURITY DEFINER VIEW `v_openid` AS select `a`.`openid` AS `openid`,`b`.`userid` AS `userid` from (`tbl_qrcode_auth` `a` join `tbl_book` `b`) where (`a`.`bookid` = `b`.`id`) group by `a`.`openid`,`b`.`userid`;
